x,y
0.434,0.084
0.436,0.084
0.438,0.084
0.44,0.084
0.43,0.086
0.432,0.086
0.434,0.086
0.436,0.086
0.438,0.086
0.44,0.086
0.442,0.086
0.444,0.086
0.446,0.086
0.448,0.086
0.45,0.086
0.452,0.086
0.454,0.086
0.456,0.086
0.458,0.086
0.46,0.086
0.462,0.086
0.464,0.086
0.466,0.086
0.468,0.086
0.47,0.086
0.472,0.086
0.474,0.086
0.476,0.086
0.478,0.086
0.48,0.086
0.482,0.086
0.484,0.086
0.486,0.086
0.488,0.086
0.49,0.086
0.492,0.086
0.494,0.086
0.426,0.088
0.428,0.088
0.43,0.088
0.432,0.088
0.434,0.088
0.436,0.088
0.438,0.088
0.44,0.088
0.442,0.088
0.444,0.088
0.446,0.088
0.448,0.088
0.45,0.088
0.452,0.088
0.454,0.088
0.456,0.088
0.458,0.088
0.46,0.088
0.462,0.088
0.464,0.088
0.466,0.088
0.468,0.088
0.47,0.088
0.472,0.088
0.474,0.088
0.476,0.088
0.478,0.088
0.48,0.088
0.482,0.088
0.484,0.088
0.486,0.088
0.488,0.088
0.49,0.088
0.492,0.088
0.494,0.088
0.496,0.088
0.498,0.088
0.5,0.088
0.422,0.09
0.424,0.09
0.426,0.09
0.428,0.09
0.43,0.09
0.432,0.09
0.434,0.09
0.436,0.09
0.438,0.09
0.44,0.09
0.442,0.09
0.444,0.09
0.446,0.09
0.448,0.09
0.45,0.09
0.452,0.09
0.454,0.09
0.456,0.09
0.458,0.09
0.46,0.09
0.462,0.09
0.464,0.09
0.466,0.09
0.468,0.09
0.47,0.09
0.472,0.09
0.474,0.09
0.476,0.09
0.478,0.09
0.48,0.09
0.482,0.09
0.484,0.09
0.486,0.09
0.488,0.09
0.49,0.09
0.492,0.09
0.494,0.09
0.496,0.09
0.498,0.09
0.5,0.09
0.502,0.09
0.42,0.092
0.422,0.092
0.424,0.092
0.426,0.092
0.428,0.092
0.43,0.092
0.432,0.092
0.434,0.092
0.436,0.092
0.438,0.092
0.44,0.092
0.442,0.092
0.444,0.092
0.446,0.092
0.448,0.092
0.45,0.092
0.452,0.092
0.454,0.092
0.456,0.092
0.458,0.092
0.46,0.092
0.462,0.092
0.464,0.092
0.466,0.092
0.468,0.092
0.47,0.092
0.472,0.092
0.474,0.092
0.476,0.092
0.478,0.092
0.48,0.092
0.482,0.092
0.484,0.092
0.486,0.092
0.488,0.092
0.49,0.092
0.492,0.092
0.494,0.092
0.496,0.092
0.498,0.092
0.5,0.092
0.502,0.092
0.504,0.092
0.506,0.092
0.418,0.094
0.42,0.094
0.422,0.094
0.424,0.094
0.426,0.094
0.428,0.094
0.43,0.094
0.432,0.094
0.434,0.094
0.436,0.094
0.438,0.094
0.44,0.094
0.442,0.094
0.444,0.094
0.446,0.094
0.448,0.094
0.45,0.094
0.452,0.094
0.454,0.094
0.456,0.094
0.458,0.094
0.46,0.094
0.462,0.094
0.464,0.094
0.466,0.094
0.468,0.094
0.47,0.094
0.472,0.094
0.474,0.094
0.476,0.094
0.478,0.094
0.48,0.094
0.482,0.094
0.484,0.094
0.486,0.094
0.488,0.094
0.49,0.094
0.492,0.094
0.494,0.094
0.496,0.094
0.498,0.094
0.5,0.094
0.502,0.094
0.504,0.094
0.506,0.094
0.508,0.094
0.51,0.094
0.414,0.096
0.416,0.096
0.418,0.096
0.42,0.096
0.422,0.096
0.424,0.096
0.426,0.096
0.428,0.096
0.43,0.096
0.432,0.096
0.434,0.096
0.436,0.096
0.438,0.096
0.44,0.096
0.442,0.096
0.444,0.096
0.446,0.096
0.448,0.096
0.45,0.096
0.452,0.096
0.454,0.096
0.456,0.096
0.458,0.096
0.46,0.096
0.462,0.096
0.464,0.096
0.466,0.096
0.468,0.096
0.47,0.096
0.472,0.096
0.474,0.096
0.476,0.096
0.478,0.096
0.48,0.096
0.482,0.096
0.484,0.096
0.486,0.096
0.488,0.096
0.49,0.096
0.492,0.096
0.494,0.096
0.496,0.096
0.498,0.096
0.5,0.096
0.502,0.096
0.504,0.096
0.506,0.096
0.508,0.096
0.51,0.096
0.512,0.096
0.514,0.096
0.412,0.098
0.414,0.098
0.416,0.098
0.418,0.098
0.42,0.098
0.422,0.098
0.424,0.098
0.426,0.098
0.428,0.098
0.43,0.098
0.432,0.098
0.434,0.098
0.436,0.098
0.438,0.098
0.44,0.098
0.442,0.098
0.444,0.098
0.446,0.098
0.448,0.098
0.45,0.098
0.452,0.098
0.454,0.098
0.456,0.098
0.458,0.098
0.46,0.098
0.462,0.098
0.464,0.098
0.466,0.098
0.468,0.098
0.47,0.098
0.472,0.098
0.474,0.098
0.476,0.098
0.478,0.098
0.48,0.098
0.482,0.098
0.484,0.098
0.486,0.098
0.488,0.098
0.49,0.098
0.492,0.098
0.494,0.098
0.496,0.098
0.498,0.098
0.5,0.098
0.502,0.098
0.504,0.098
0.506,0.098
0.508,0.098
0.51,0.098
0.512,0.098
0.514,0.098
0.516,0.098
0.518,0.098
0.408,0.1
0.41,0.1
0.412,0.1
0.414,0.1
0.416,0.1
0.418,0.1
0.42,0.1
0.422,0.1
0.424,0.1
0.426,0.1
0.428,0.1
0.43,0.1
0.432,0.1
0.434,0.1
0.436,0.1
0.438,0.1
0.44,0.1
0.442,0.1
0.444,0.1
0.446,0.1
0.448,0.1
0.45,0.1
0.452,0.1
0.454,0.1
0.456,0.1
0.458,0.1
0.46,0.1
0.462,0.1
0.464,0.1
0.466,0.1
0.468,0.1
0.47,0.1
0.472,0.1
0.474,0.1
0.476,0.1
0.478,0.1
0.48,0.1
0.482,0.1
0.484,0.1
0.486,0.1
0.488,0.1
0.49,0.1
0.492,0.1
0.494,0.1
0.496,0.1
0.498,0.1
0.5,0.1
0.502,0.1
0.504,0.1
0.506,0.1
0.508,0.1
0.51,0.1
0.512,0.1
0.514,0.1
0.516,0.1
0.518,0.1
0.52,0.1
0.522,0.1
0.404,0.102
0.406,0.102
0.408,0.102
0.41,0.102
0.412,0.102
0.414,0.102
0.416,0.102
0.418,0.102
0.42,0.102
0.422,0.102
0.424,0.102
0.426,0.102
0.428,0.102
0.43,0.102
0.432,0.102
0.434,0.102
0.436,0.102
0.438,0.102
0.44,0.102
0.442,0.102
0.444,0.102
0.446,0.102
0.448,0.102
0.45,0.102
0.452,0.102
0.454,0.102
0.456,0.102
0.458,0.102
0.46,0.102
0.462,0.102
0.464,0.102
0.466,0.102
0.468,0.102
0.47,0.102
0.472,0.102
0.474,0.102
0.476,0.102
0.478,0.102
0.48,0.102
0.482,0.102
0.484,0.102
0.486,0.102
0.488,0.102
0.49,0.102
0.492,0.102
0.494,0.102
0.496,0.102
0.498,0.102
0.5,0.102
0.502,0.102
0.504,0.102
0.506,0.102
0.508,0.102
0.51,0.102
0.512,0.102
0.514,0.102
0.516,0.102
0.518,0.102
0.52,0.102
0.522,0.102
0.524,0.102
0.526,0.102
0.402,0.104
0.404,0.104
0.406,0.104
0.408,0.104
0.41,0.104
0.412,0.104
0.414,0.104
0.416,0.104
0.418,0.104
0.42,0.104
0.422,0.104
0.424,0.104
0.426,0.104
0.428,0.104
0.43,0.104
0.432,0.104
0.434,0.104
0.436,0.104
0.438,0.104
0.44,0.104
0.442,0.104
0.444,0.104
0.446,0.104
0.448,0.104
0.45,0.104
0.452,0.104
0.454,0.104
0.456,0.104
0.458,0.104
0.46,0.104
0.462,0.104
0.464,0.104
0.466,0.104
0.468,0.104
0.47,0.104
0.472,0.104
0.474,0.104
0.476,0.104
0.478,0.104
0.48,0.104
0.482,0.104
0.484,0.104
0.486,0.104
0.488,0.104
0.49,0.104
0.492,0.104
0.494,0.104
0.496,0.104
0.498,0.104
0.5,0.104
0.502,0.104
0.504,0.104
0.506,0.104
0.508,0.104
0.51,0.104
0.512,0.104
0.514,0.104
0.516,0.104
0.518,0.104
0.52,0.104
0.522,0.104
0.524,0.104
0.526,0.104
0.528,0.104
0.53,0.104
0.4,0.106
0.402,0.106
0.404,0.106
0.406,0.106
0.408,0.106
0.41,0.106
0.412,0.106
0.414,0.106
0.416,0.106
0.418,0.106
0.42,0.106
0.422,0.106
0.424,0.106
0.426,0.106
0.428,0.106
0.43,0.106
0.432,0.106
0.434,0.106
0.436,0.106
0.438,0.106
0.44,0.106
0.476,0.106
0.478,0.106
0.48,0.106
0.486,0.106
0.488,0.106
0.49,0.106
0.492,0.106
0.494,0.106
0.496,0.106
0.498,0.106
0.5,0.106
0.502,0.106
0.504,0.106
0.506,0.106
0.508,0.106
0.51,0.106
0.512,0.106
0.514,0.106
0.516,0.106
0.518,0.106
0.52,0.106
0.522,0.106
0.524,0.106
0.526,0.106
0.528,0.106
0.53,0.106
0.532,0.106
0.534,0.106
0.396,0.108
0.398,0.108
0.4,0.108
0.402,0.108
0.404,0.108
0.406,0.108
0.408,0.108
0.41,0.108
0.412,0.108
0.414,0.108
0.416,0.108
0.418,0.108
0.42,0.108
0.422,0.108
0.424,0.108
0.426,0.108
0.428,0.108
0.43,0.108
0.432,0.108
0.434,0.108
0.436,0.108
0.49,0.108
0.492,0.108
0.494,0.108
0.496,0.108
0.498,0.108
0.5,0.108
0.502,0.108
0.504,0.108
0.506,0.108
0.508,0.108
0.51,0.108
0.512,0.108
0.514,0.108
0.516,0.108
0.518,0.108
0.52,0.108
0.522,0.108
0.524,0.108
0.526,0.108
0.528,0.108
0.53,0.108
0.532,0.108
0.534,0.108
0.536,0.108
0.39,0.11
0.392,0.11
0.394,0.11
0.396,0.11
0.398,0.11
0.4,0.11
0.402,0.11
0.404,0.11
0.406,0.11
0.408,0.11
0.41,0.11
0.412,0.11
0.414,0.11
0.416,0.11
0.418,0.11
0.42,0.11
0.422,0.11
0.424,0.11
0.426,0.11
0.428,0.11
0.43,0.11
0.432,0.11
0.492,0.11
0.494,0.11
0.496,0.11
0.498,0.11
0.5,0.11
0.502,0.11
0.504,0.11
0.506,0.11
0.508,0.11
0.51,0.11
0.512,0.11
0.514,0.11
0.516,0.11
0.518,0.11
0.52,0.11
0.522,0.11
0.524,0.11
0.526,0.11
0.528,0.11
0.53,0.11
0.532,0.11
0.534,0.11
0.536,0.11
0.538,0.11
0.54,0.11
0.384,0.112
0.386,0.112
0.388,0.112
0.39,0.112
0.392,0.112
0.394,0.112
0.396,0.112
0.398,0.112
0.4,0.112
0.402,0.112
0.404,0.112
0.406,0.112
0.408,0.112
0.41,0.112
0.412,0.112
0.414,0.112
0.416,0.112
0.418,0.112
0.42,0.112
0.422,0.112
0.424,0.112
0.426,0.112
0.428,0.112
0.498,0.112
0.5,0.112
0.502,0.112
0.504,0.112
0.506,0.112
0.508,0.112
0.51,0.112
0.512,0.112
0.514,0.112
0.516,0.112
0.518,0.112
0.52,0.112
0.522,0.112
0.524,0.112
0.526,0.112
0.528,0.112
0.53,0.112
0.532,0.112
0.534,0.112
0.536,0.112
0.538,0.112
0.54,0.112
0.542,0.112
0.338,0.114
0.34,0.114
0.342,0.114
0.344,0.114
0.346,0.114
0.348,0.114
0.35,0.114
0.352,0.114
0.354,0.114
0.356,0.114
0.358,0.114
0.36,0.114
0.362,0.114
0.364,0.114
0.366,0.114
0.368,0.114
0.374,0.114
0.376,0.114
0.378,0.114
0.38,0.114
0.382,0.114
0.384,0.114
0.386,0.114
0.388,0.114
0.39,0.114
0.392,0.114
0.394,0.114
0.396,0.114
0.398,0.114
0.4,0.114
0.402,0.114
0.404,0.114
0.406,0.114
0.408,0.114
0.41,0.114
0.412,0.114
0.414,0.114
0.416,0.114
0.418,0.114
0.42,0.114
0.422,0.114
0.424,0.114
0.426,0.114
0.502,0.114
0.504,0.114
0.506,0.114
0.508,0.114
0.51,0.114
0.512,0.114
0.514,0.114
0.516,0.114
0.518,0.114
0.52,0.114
0.522,0.114
0.524,0.114
0.526,0.114
0.528,0.114
0.53,0.114
0.532,0.114
0.534,0.114
0.536,0.114
0.538,0.114
0.54,0.114
0.542,0.114
0.544,0.114
0.328,0.116
0.33,0.116
0.332,0.116
0.334,0.116
0.336,0.116
0.338,0.116
0.34,0.116
0.342,0.116
0.344,0.116
0.346,0.116
0.348,0.116
0.35,0.116
0.352,0.116
0.354,0.116
0.356,0.116
0.358,0.116
0.36,0.116
0.362,0.116
0.364,0.116
0.366,0.116
0.368,0.116
0.37,0.116
0.372,0.116
0.374,0.116
0.376,0.116
0.378,0.116
0.38,0.116
0.382,0.116
0.384,0.116
0.386,0.116
0.388,0.116
0.39,0.116
0.392,0.116
0.394,0.116
0.396,0.116
0.398,0.116
0.4,0.116
0.402,0.116
0.404,0.116
0.406,0.116
0.408,0.116
0.41,0.116
0.412,0.116
0.414,0.116
0.416,0.116
0.418,0.116
0.42,0.116
0.422,0.116
0.424,0.116
0.506,0.116
0.508,0.116
0.51,0.116
0.512,0.116
0.514,0.116
0.516,0.116
0.518,0.116
0.52,0.116
0.522,0.116
0.524,0.116
0.526,0.116
0.528,0.116
0.53,0.116
0.532,0.116
0.534,0.116
0.536,0.116
0.538,0.116
0.54,0.116
0.542,0.116
0.544,0.116
0.546,0.116
0.31,0.118
0.312,0.118
0.314,0.118
0.316,0.118
0.318,0.118
0.32,0.118
0.322,0.118
0.324,0.118
0.326,0.118
0.328,0.118
0.33,0.118
0.332,0.118
0.334,0.118
0.336,0.118
0.338,0.118
0.34,0.118
0.342,0.118
0.344,0.118
0.346,0.118
0.348,0.118
0.35,0.118
0.352,0.118
0.354,0.118
0.356,0.118
0.358,0.118
0.36,0.118
0.362,0.118
0.364,0.118
0.366,0.118
0.368,0.118
0.37,0.118
0.372,0.118
0.374,0.118
0.376,0.118
0.378,0.118
0.38,0.118
0.382,0.118
0.384,0.118
0.386,0.118
0.388,0.118
0.39,0.118
0.392,0.118
0.394,0.118
0.396,0.118
0.398,0.118
0.4,0.118
0.402,0.118
0.404,0.118
0.406,0.118
0.408,0.118
0.41,0.118
0.412,0.118
0.414,0.118
0.416,0.118
0.418,0.118
0.42,0.118
0.51,0.118
0.512,0.118
0.514,0.118
0.516,0.118
0.518,0.118
0.52,0.118
0.522,0.118
0.524,0.118
0.526,0.118
0.528,0.118
0.53,0.118
0.532,0.118
0.534,0.118
0.536,0.118
0.538,0.118
0.54,0.118
0.542,0.118
0.544,0.118
0.546,0.118
0.548,0.118
0.304,0.12
0.306,0.12
0.308,0.12
0.31,0.12
0.312,0.12
0.314,0.12
0.316,0.12
0.318,0.12
0.32,0.12
0.322,0.12
0.324,0.12
0.326,0.12
0.328,0.12
0.33,0.12
0.332,0.12
0.334,0.12
0.336,0.12
0.338,0.12
0.34,0.12
0.342,0.12
0.344,0.12
0.346,0.12
0.348,0.12
0.35,0.12
0.352,0.12
0.354,0.12
0.356,0.12
0.358,0.12
0.36,0.12
0.362,0.12
0.364,0.12
0.366,0.12
0.368,0.12
0.37,0.12
0.372,0.12
0.374,0.12
0.376,0.12
0.378,0.12
0.38,0.12
0.382,0.12
0.384,0.12
0.386,0.12
0.388,0.12
0.39,0.12
0.392,0.12
0.394,0.12
0.396,0.12
0.398,0.12
0.4,0.12
0.402,0.12
0.404,0.12
0.406,0.12
0.408,0.12
0.41,0.12
0.412,0.12
0.414,0.12
0.416,0.12
0.418,0.12
0.514,0.12
0.516,0.12
0.518,0.12
0.52,0.12
0.522,0.12
0.524,0.12
0.526,0.12
0.528,0.12
0.53,0.12
0.532,0.12
0.534,0.12
0.536,0.12
0.538,0.12
0.54,0.12
0.542,0.12
0.544,0.12
0.546,0.12
0.548,0.12
0.55,0.12
0.552,0.12
0.3,0.122
0.302,0.122
0.304,0.122
0.306,0.122
0.308,0.122
0.31,0.122
0.312,0.122
0.314,0.122
0.316,0.122
0.318,0.122
0.32,0.122
0.322,0.122
0.324,0.122
0.326,0.122
0.328,0.122
0.33,0.122
0.332,0.122
0.334,0.122
0.336,0.122
0.338,0.122
0.34,0.122
0.342,0.122
0.344,0.122
0.346,0.122
0.348,0.122
0.35,0.122
0.352,0.122
0.354,0.122
0.356,0.122
0.358,0.122
0.36,0.122
0.362,0.122
0.364,0.122
0.366,0.122
0.368,0.122
0.37,0.122
0.372,0.122
0.374,0.122
0.376,0.122
0.378,0.122
0.38,0.122
0.382,0.122
0.384,0.122
0.386,0.122
0.388,0.122
0.39,0.122
0.392,0.122
0.394,0.122
0.396,0.122
0.398,0.122
0.4,0.122
0.402,0.122
0.404,0.122
0.406,0.122
0.408,0.122
0.41,0.122
0.412,0.122
0.414,0.122
0.416,0.122
0.518,0.122
0.52,0.122
0.522,0.122
0.524,0.122
0.526,0.122
0.528,0.122
0.53,0.122
0.532,0.122
0.534,0.122
0.536,0.122
0.538,0.122
0.54,0.122
0.542,0.122
0.544,0.122
0.546,0.122
0.548,0.122
0.55,0.122
0.552,0.122
0.554,0.122
0.296,0.124
0.298,0.124
0.3,0.124
0.302,0.124
0.304,0.124
0.306,0.124
0.308,0.124
0.31,0.124
0.312,0.124
0.314,0.124
0.316,0.124
0.318,0.124
0.32,0.124
0.322,0.124
0.324,0.124
0.326,0.124
0.328,0.124
0.33,0.124
0.332,0.124
0.334,0.124
0.336,0.124
0.338,0.124
0.34,0.124
0.342,0.124
0.344,0.124
0.346,0.124
0.348,0.124
0.35,0.124
0.352,0.124
0.354,0.124
0.356,0.124
0.358,0.124
0.36,0.124
0.362,0.124
0.364,0.124
0.366,0.124
0.368,0.124
0.37,0.124
0.372,0.124
0.374,0.124
0.376,0.124
0.378,0.124
0.38,0.124
0.382,0.124
0.384,0.124
0.386,0.124
0.388,0.124
0.39,0.124
0.392,0.124
0.394,0.124
0.396,0.124
0.398,0.124
0.4,0.124
0.402,0.124
0.404,0.124
0.406,0.124
0.408,0.124
0.41,0.124
0.412,0.124
0.414,0.124
0.522,0.124
0.524,0.124
0.526,0.124
0.528,0.124
0.53,0.124
0.532,0.124
0.534,0.124
0.536,0.124
0.538,0.124
0.54,0.124
0.542,0.124
0.544,0.124
0.546,0.124
0.548,0.124
0.55,0.124
0.552,0.124
0.554,0.124
0.556,0.124
0.294,0.126
0.296,0.126
0.298,0.126
0.3,0.126
0.302,0.126
0.304,0.126
0.306,0.126
0.308,0.126
0.31,0.126
0.312,0.126
0.314,0.126
0.316,0.126
0.318,0.126
0.32,0.126
0.322,0.126
0.324,0.126
0.326,0.126
0.328,0.126
0.33,0.126
0.332,0.126
0.334,0.126
0.336,0.126
0.338,0.126
0.34,0.126
0.342,0.126
0.344,0.126
0.346,0.126
0.348,0.126
0.35,0.126
0.352,0.126
0.354,0.126
0.356,0.126
0.358,0.126
0.36,0.126
0.362,0.126
0.364,0.126
0.366,0.126
0.368,0.126
0.37,0.126
0.372,0.126
0.374,0.126
0.376,0.126
0.378,0.126
0.38,0.126
0.382,0.126
0.384,0.126
0.386,0.126
0.388,0.126
0.39,0.126
0.392,0.126
0.394,0.126
0.396,0.126
0.398,0.126
0.4,0.126
0.402,0.126
0.404,0.126
0.406,0.126
0.408,0.126
0.41,0.126
0.524,0.126
0.526,0.126
0.528,0.126
0.53,0.126
0.532,0.126
0.534,0.126
0.536,0.126
0.538,0.126
0.54,0.126
0.542,0.126
0.544,0.126
0.546,0.126
0.548,0.126
0.55,0.126
0.552,0.126
0.554,0.126
0.556,0.126
0.558,0.126
0.29,0.128
0.292,0.128
0.294,0.128
0.296,0.128
0.298,0.128
0.3,0.128
0.302,0.128
0.304,0.128
0.306,0.128
0.308,0.128
0.31,0.128
0.312,0.128
0.314,0.128
0.316,0.128
0.318,0.128
0.32,0.128
0.322,0.128
0.324,0.128
0.326,0.128
0.328,0.128
0.33,0.128
0.332,0.128
0.334,0.128
0.336,0.128
0.338,0.128
0.34,0.128
0.342,0.128
0.344,0.128
0.346,0.128
0.348,0.128
0.35,0.128
0.352,0.128
0.354,0.128
0.356,0.128
0.358,0.128
0.36,0.128
0.362,0.128
0.364,0.128
0.366,0.128
0.368,0.128
0.37,0.128
0.372,0.128
0.374,0.128
0.376,0.128
0.378,0.128
0.38,0.128
0.382,0.128
0.384,0.128
0.386,0.128
0.388,0.128
0.39,0.128
0.392,0.128
0.394,0.128
0.396,0.128
0.398,0.128
0.4,0.128
0.402,0.128
0.404,0.128
0.528,0.128
0.53,0.128
0.532,0.128
0.534,0.128
0.536,0.128
0.538,0.128
0.54,0.128
0.542,0.128
0.544,0.128
0.546,0.128
0.548,0.128
0.55,0.128
0.552,0.128
0.554,0.128
0.556,0.128
0.558,0.128
0.56,0.128
0.286,0.13
0.288,0.13
0.29,0.13
0.292,0.13
0.294,0.13
0.296,0.13
0.298,0.13
0.3,0.13
0.302,0.13
0.304,0.13
0.306,0.13
0.308,0.13
0.31,0.13
0.312,0.13
0.314,0.13
0.316,0.13
0.318,0.13
0.32,0.13
0.322,0.13
0.324,0.13
0.326,0.13
0.328,0.13
0.33,0.13
0.332,0.13
0.334,0.13
0.336,0.13
0.338,0.13
0.34,0.13
0.342,0.13
0.344,0.13
0.346,0.13
0.348,0.13
0.35,0.13
0.352,0.13
0.354,0.13
0.356,0.13
0.358,0.13
0.36,0.13
0.362,0.13
0.364,0.13
0.366,0.13
0.368,0.13
0.37,0.13
0.372,0.13
0.374,0.13
0.376,0.13
0.378,0.13
0.38,0.13
0.382,0.13
0.384,0.13
0.386,0.13
0.388,0.13
0.39,0.13
0.392,0.13
0.394,0.13
0.396,0.13
0.398,0.13
0.4,0.13
0.53,0.13
0.532,0.13
0.534,0.13
0.536,0.13
0.538,0.13
0.54,0.13
0.542,0.13
0.544,0.13
0.546,0.13
0.548,0.13
0.55,0.13
0.552,0.13
0.554,0.13
0.556,0.13
0.558,0.13
0.56,0.13
0.562,0.13
0.282,0.132
0.284,0.132
0.286,0.132
0.288,0.132
0.29,0.132
0.292,0.132
0.294,0.132
0.296,0.132
0.298,0.132
0.3,0.132
0.302,0.132
0.304,0.132
0.306,0.132
0.308,0.132
0.31,0.132
0.312,0.132
0.314,0.132
0.316,0.132
0.318,0.132
0.32,0.132
0.322,0.132
0.324,0.132
0.326,0.132
0.328,0.132
0.33,0.132
0.332,0.132
0.334,0.132
0.336,0.132
0.338,0.132
0.34,0.132
0.342,0.132
0.344,0.132
0.346,0.132
0.348,0.132
0.35,0.132
0.352,0.132
0.354,0.132
0.356,0.132
0.358,0.132
0.36,0.132
0.362,0.132
0.364,0.132
0.366,0.132
0.368,0.132
0.37,0.132
0.372,0.132
0.374,0.132
0.376,0.132
0.378,0.132
0.38,0.132
0.382,0.132
0.384,0.132
0.386,0.132
0.388,0.132
0.39,0.132
0.392,0.132
0.394,0.132
0.532,0.132
0.534,0.132
0.536,0.132
0.538,0.132
0.54,0.132
0.542,0.132
0.544,0.132
0.546,0.132
0.548,0.132
0.55,0.132
0.552,0.132
0.554,0.132
0.556,0.132
0.558,0.132
0.56,0.132
0.562,0.132
0.564,0.132
0.278,0.134
0.28,0.134
0.282,0.134
0.284,0.134
0.286,0.134
0.288,0.134
0.29,0.134
0.292,0.134
0.294,0.134
0.296,0.134
0.298,0.134
0.3,0.134
0.302,0.134
0.304,0.134
0.306,0.134
0.308,0.134
0.31,0.134
0.312,0.134
0.314,0.134
0.316,0.134
0.318,0.134
0.32,0.134
0.322,0.134
0.324,0.134
0.326,0.134
0.328,0.134
0.33,0.134
0.332,0.134
0.334,0.134
0.336,0.134
0.338,0.134
0.34,0.134
0.342,0.134
0.344,0.134
0.346,0.134
0.348,0.134
0.35,0.134
0.352,0.134
0.354,0.134
0.356,0.134
0.358,0.134
0.36,0.134
0.362,0.134
0.364,0.134
0.366,0.134
0.368,0.134
0.37,0.134
0.372,0.134
0.374,0.134
0.376,0.134
0.378,0.134
0.38,0.134
0.382,0.134
0.384,0.134
0.534,0.134
0.536,0.134
0.538,0.134
0.54,0.134
0.542,0.134
0.544,0.134
0.546,0.134
0.548,0.134
0.55,0.134
0.552,0.134
0.554,0.134
0.556,0.134
0.558,0.134
0.56,0.134
0.562,0.134
0.564,0.134
0.566,0.134
0.276,0.136
0.278,0.136
0.28,0.136
0.282,0.136
0.284,0.136
0.286,0.136
0.288,0.136
0.29,0.136
0.292,0.136
0.294,0.136
0.296,0.136
0.298,0.136
0.3,0.136
0.302,0.136
0.304,0.136
0.306,0.136
0.308,0.136
0.31,0.136
0.312,0.136
0.314,0.136
0.316,0.136
0.318,0.136
0.32,0.136
0.322,0.136
0.324,0.136
0.326,0.136
0.328,0.136
0.33,0.136
0.332,0.136
0.334,0.136
0.336,0.136
0.538,0.136
0.54,0.136
0.542,0.136
0.544,0.136
0.546,0.136
0.548,0.136
0.55,0.136
0.552,0.136
0.554,0.136
0.556,0.136
0.558,0.136
0.56,0.136
0.562,0.136
0.564,0.136
0.566,0.136
0.568,0.136
0.272,0.138
0.274,0.138
0.276,0.138
0.278,0.138
0.28,0.138
0.282,0.138
0.284,0.138
0.286,0.138
0.288,0.138
0.29,0.138
0.292,0.138
0.294,0.138
0.296,0.138
0.298,0.138
0.3,0.138
0.302,0.138
0.304,0.138
0.306,0.138
0.308,0.138
0.31,0.138
0.312,0.138
0.314,0.138
0.316,0.138
0.318,0.138
0.32,0.138
0.322,0.138
0.324,0.138
0.326,0.138
0.54,0.138
0.542,0.138
0.544,0.138
0.546,0.138
0.548,0.138
0.55,0.138
0.552,0.138
0.554,0.138
0.556,0.138
0.558,0.138
0.56,0.138
0.562,0.138
0.564,0.138
0.566,0.138
0.568,0.138
0.57,0.138
0.27,0.14
0.272,0.14
0.274,0.14
0.276,0.14
0.278,0.14
0.28,0.14
0.282,0.14
0.284,0.14
0.286,0.14
0.288,0.14
0.29,0.14
0.292,0.14
0.294,0.14
0.296,0.14
0.298,0.14
0.3,0.14
0.302,0.14
0.304,0.14
0.306,0.14
0.308,0.14
0.31,0.14
0.312,0.14
0.314,0.14
0.542,0.14
0.544,0.14
0.546,0.14
0.548,0.14
0.55,0.14
0.552,0.14
0.554,0.14
0.556,0.14
0.558,0.14
0.56,0.14
0.562,0.14
0.564,0.14
0.566,0.14
0.568,0.14
0.57,0.14
0.572,0.14
0.268,0.142
0.27,0.142
0.272,0.142
0.274,0.142
0.276,0.142
0.278,0.142
0.28,0.142
0.282,0.142
0.284,0.142
0.286,0.142
0.288,0.142
0.29,0.142
0.292,0.142
0.294,0.142
0.296,0.142
0.298,0.142
0.3,0.142
0.302,0.142
0.304,0.142
0.306,0.142
0.308,0.142
0.544,0.142
0.546,0.142
0.548,0.142
0.55,0.142
0.552,0.142
0.554,0.142
0.556,0.142
0.558,0.142
0.56,0.142
0.562,0.142
0.564,0.142
0.566,0.142
0.568,0.142
0.57,0.142
0.572,0.142
0.574,0.142
0.264,0.144
0.266,0.144
0.268,0.144
0.27,0.144
0.272,0.144
0.274,0.144
0.276,0.144
0.278,0.144
0.28,0.144
0.282,0.144
0.284,0.144
0.286,0.144
0.288,0.144
0.29,0.144
0.292,0.144
0.294,0.144
0.296,0.144
0.298,0.144
0.3,0.144
0.302,0.144
0.304,0.144
0.546,0.144
0.548,0.144
0.55,0.144
0.552,0.144
0.554,0.144
0.556,0.144
0.558,0.144
0.56,0.144
0.562,0.144
0.564,0.144
0.566,0.144
0.568,0.144
0.57,0.144
0.572,0.144
0.574,0.144
0.576,0.144
0.262,0.146
0.264,0.146
0.266,0.146
0.268,0.146
0.27,0.146
0.272,0.146
0.274,0.146
0.276,0.146
0.278,0.146
0.28,0.146
0.282,0.146
0.284,0.146
0.286,0.146
0.288,0.146
0.29,0.146
0.292,0.146
0.294,0.146
0.296,0.146
0.298,0.146
0.3,0.146
0.302,0.146
0.548,0.146
0.55,0.146
0.552,0.146
0.554,0.146
0.556,0.146
0.558,0.146
0.56,0.146
0.562,0.146
0.564,0.146
0.566,0.146
0.568,0.146
0.57,0.146
0.572,0.146
0.574,0.146
0.576,0.146
0.26,0.148
0.262,0.148
0.264,0.148
0.266,0.148
0.268,0.148
0.27,0.148
0.272,0.148
0.274,0.148
0.276,0.148
0.278,0.148
0.28,0.148
0.282,0.148
0.284,0.148
0.286,0.148
0.288,0.148
0.29,0.148
0.292,0.148
0.294,0.148
0.296,0.148
0.298,0.148
0.55,0.148
0.552,0.148
0.554,0.148
0.556,0.148
0.558,0.148
0.56,0.148
0.562,0.148
0.564,0.148
0.566,0.148
0.568,0.148
0.57,0.148
0.572,0.148
0.574,0.148
0.576,0.148
0.258,0.15
0.26,0.15
0.262,0.15
0.264,0.15
0.266,0.15
0.268,0.15
0.27,0.15
0.272,0.15
0.274,0.15
0.276,0.15
0.278,0.15
0.28,0.15
0.282,0.15
0.284,0.15
0.286,0.15
0.288,0.15
0.29,0.15
0.292,0.15
0.294,0.15
0.554,0.15
0.556,0.15
0.558,0.15
0.56,0.15
0.562,0.15
0.564,0.15
0.566,0.15
0.568,0.15
0.57,0.15
0.572,0.15
0.574,0.15
0.576,0.15
0.578,0.15
0.256,0.152
0.258,0.152
0.26,0.152
0.262,0.152
0.264,0.152
0.266,0.152
0.268,0.152
0.27,0.152
0.272,0.152
0.274,0.152
0.276,0.152
0.278,0.152
0.28,0.152
0.282,0.152
0.284,0.152
0.286,0.152
0.288,0.152
0.29,0.152
0.556,0.152
0.558,0.152
0.56,0.152
0.562,0.152
0.564,0.152
0.566,0.152
0.568,0.152
0.57,0.152
0.572,0.152
0.574,0.152
0.576,0.152
0.578,0.152
0.58,0.152
0.256,0.154
0.258,0.154
0.26,0.154
0.262,0.154
0.264,0.154
0.266,0.154
0.268,0.154
0.27,0.154
0.272,0.154
0.274,0.154
0.276,0.154
0.278,0.154
0.28,0.154
0.282,0.154
0.284,0.154
0.286,0.154
0.288,0.154
0.556,0.154
0.558,0.154
0.56,0.154
0.562,0.154
0.564,0.154
0.566,0.154
0.568,0.154
0.57,0.154
0.572,0.154
0.574,0.154
0.576,0.154
0.578,0.154
0.58,0.154
0.582,0.154
0.254,0.156
0.256,0.156
0.258,0.156
0.26,0.156
0.262,0.156
0.264,0.156
0.266,0.156
0.268,0.156
0.27,0.156
0.272,0.156
0.274,0.156
0.276,0.156
0.278,0.156
0.28,0.156
0.282,0.156
0.284,0.156
0.558,0.156
0.56,0.156
0.562,0.156
0.564,0.156
0.566,0.156
0.568,0.156
0.57,0.156
0.572,0.156
0.574,0.156
0.576,0.156
0.578,0.156
0.58,0.156
0.582,0.156
0.584,0.156
0.254,0.158
0.256,0.158
0.258,0.158
0.26,0.158
0.262,0.158
0.264,0.158
0.266,0.158
0.268,0.158
0.27,0.158
0.272,0.158
0.274,0.158
0.276,0.158
0.278,0.158
0.28,0.158
0.282,0.158
0.558,0.158
0.56,0.158
0.562,0.158
0.564,0.158
0.566,0.158
0.568,0.158
0.57,0.158
0.572,0.158
0.574,0.158
0.576,0.158
0.578,0.158
0.58,0.158
0.582,0.158
0.584,0.158
0.252,0.16
0.254,0.16
0.256,0.16
0.258,0.16
0.26,0.16
0.262,0.16
0.264,0.16
0.266,0.16
0.268,0.16
0.27,0.16
0.272,0.16
0.274,0.16
0.276,0.16
0.278,0.16
0.56,0.16
0.562,0.16
0.564,0.16
0.566,0.16
0.568,0.16
0.57,0.16
0.572,0.16
0.574,0.16
0.576,0.16
0.578,0.16
0.58,0.16
0.582,0.16
0.584,0.16
0.586,0.16
0.244,0.162
0.246,0.162
0.248,0.162
0.25,0.162
0.252,0.162
0.254,0.162
0.256,0.162
0.258,0.162
0.26,0.162
0.262,0.162
0.264,0.162
0.266,0.162
0.268,0.162
0.27,0.162
0.272,0.162
0.274,0.162
0.276,0.162
0.56,0.162
0.562,0.162
0.564,0.162
0.566,0.162
0.568,0.162
0.57,0.162
0.572,0.162
0.574,0.162
0.576,0.162
0.578,0.162
0.58,0.162
0.582,0.162
0.584,0.162
0.586,0.162
0.588,0.162
0.242,0.164
0.244,0.164
0.246,0.164
0.248,0.164
0.25,0.164
0.252,0.164
0.254,0.164
0.256,0.164
0.258,0.164
0.26,0.164
0.262,0.164
0.264,0.164
0.266,0.164
0.268,0.164
0.27,0.164
0.272,0.164
0.274,0.164
0.562,0.164
0.564,0.164
0.566,0.164
0.568,0.164
0.57,0.164
0.572,0.164
0.574,0.164
0.576,0.164
0.578,0.164
0.58,0.164
0.582,0.164
0.584,0.164
0.586,0.164
0.588,0.164
0.59,0.164
0.238,0.166
0.24,0.166
0.242,0.166
0.244,0.166
0.246,0.166
0.248,0.166
0.25,0.166
0.252,0.166
0.254,0.166
0.256,0.166
0.258,0.166
0.26,0.166
0.262,0.166
0.264,0.166
0.266,0.166
0.268,0.166
0.27,0.166
0.272,0.166
0.564,0.166
0.566,0.166
0.568,0.166
0.57,0.166
0.572,0.166
0.574,0.166
0.576,0.166
0.578,0.166
0.58,0.166
0.582,0.166
0.584,0.166
0.586,0.166
0.588,0.166
0.59,0.166
0.236,0.168
0.238,0.168
0.24,0.168
0.242,0.168
0.244,0.168
0.246,0.168
0.248,0.168
0.25,0.168
0.252,0.168
0.254,0.168
0.256,0.168
0.258,0.168
0.26,0.168
0.262,0.168
0.264,0.168
0.266,0.168
0.268,0.168
0.27,0.168
0.272,0.168
0.566,0.168
0.568,0.168
0.57,0.168
0.572,0.168
0.574,0.168
0.576,0.168
0.578,0.168
0.58,0.168
0.582,0.168
0.584,0.168
0.586,0.168
0.588,0.168
0.59,0.168
0.592,0.168
0.234,0.17
0.236,0.17
0.238,0.17
0.24,0.17
0.242,0.17
0.244,0.17
0.246,0.17
0.248,0.17
0.25,0.17
0.252,0.17
0.254,0.17
0.256,0.17
0.258,0.17
0.26,0.17
0.262,0.17
0.264,0.17
0.266,0.17
0.268,0.17
0.27,0.17
0.568,0.17
0.57,0.17
0.572,0.17
0.574,0.17
0.576,0.17
0.578,0.17
0.58,0.17
0.582,0.17
0.584,0.17
0.586,0.17
0.588,0.17
0.59,0.17
0.592,0.17
0.594,0.17
0.232,0.172
0.234,0.172
0.236,0.172
0.238,0.172
0.24,0.172
0.242,0.172
0.244,0.172
0.246,0.172
0.248,0.172
0.25,0.172
0.252,0.172
0.254,0.172
0.256,0.172
0.258,0.172
0.26,0.172
0.262,0.172
0.264,0.172
0.266,0.172
0.268,0.172
0.27,0.172
0.568,0.172
0.57,0.172
0.572,0.172
0.574,0.172
0.576,0.172
0.578,0.172
0.58,0.172
0.582,0.172
0.584,0.172
0.586,0.172
0.588,0.172
0.59,0.172
0.592,0.172
0.594,0.172
0.596,0.172
0.23,0.174
0.232,0.174
0.234,0.174
0.236,0.174
0.238,0.174
0.24,0.174
0.242,0.174
0.244,0.174
0.246,0.174
0.248,0.174
0.25,0.174
0.252,0.174
0.254,0.174
0.256,0.174
0.258,0.174
0.26,0.174
0.262,0.174
0.264,0.174
0.266,0.174
0.268,0.174
0.27,0.174
0.57,0.174
0.572,0.174
0.574,0.174
0.576,0.174
0.578,0.174
0.58,0.174
0.582,0.174
0.584,0.174
0.586,0.174
0.588,0.174
0.59,0.174
0.592,0.174
0.594,0.174
0.596,0.174
0.228,0.176
0.23,0.176
0.232,0.176
0.234,0.176
0.236,0.176
0.238,0.176
0.24,0.176
0.242,0.176
0.244,0.176
0.246,0.176
0.248,0.176
0.25,0.176
0.252,0.176
0.254,0.176
0.256,0.176
0.258,0.176
0.26,0.176
0.262,0.176
0.264,0.176
0.266,0.176
0.268,0.176
0.27,0.176
0.572,0.176
0.574,0.176
0.576,0.176
0.578,0.176
0.58,0.176
0.582,0.176
0.584,0.176
0.586,0.176
0.588,0.176
0.59,0.176
0.592,0.176
0.594,0.176
0.596,0.176
0.598,0.176
0.228,0.178
0.23,0.178
0.232,0.178
0.234,0.178
0.236,0.178
0.238,0.178
0.24,0.178
0.242,0.178
0.244,0.178
0.246,0.178
0.248,0.178
0.25,0.178
0.252,0.178
0.254,0.178
0.256,0.178
0.258,0.178
0.26,0.178
0.262,0.178
0.264,0.178
0.266,0.178
0.268,0.178
0.27,0.178
0.574,0.178
0.576,0.178
0.578,0.178
0.58,0.178
0.582,0.178
0.584,0.178
0.586,0.178
0.588,0.178
0.59,0.178
0.592,0.178
0.594,0.178
0.596,0.178
0.598,0.178
0.6,0.178
0.226,0.18
0.228,0.18
0.23,0.18
0.232,0.18
0.234,0.18
0.236,0.18
0.238,0.18
0.24,0.18
0.242,0.18
0.244,0.18
0.246,0.18
0.248,0.18
0.25,0.18
0.252,0.18
0.254,0.18
0.256,0.18
0.258,0.18
0.26,0.18
0.262,0.18
0.264,0.18
0.266,0.18
0.268,0.18
0.27,0.18
0.576,0.18
0.578,0.18
0.58,0.18
0.582,0.18
0.584,0.18
0.586,0.18
0.588,0.18
0.59,0.18
0.592,0.18
0.594,0.18
0.596,0.18
0.598,0.18
0.6,0.18
0.224,0.182
0.226,0.182
0.228,0.182
0.23,0.182
0.232,0.182
0.234,0.182
0.236,0.182
0.238,0.182
0.24,0.182
0.242,0.182
0.244,0.182
0.246,0.182
0.248,0.182
0.25,0.182
0.252,0.182
0.254,0.182
0.256,0.182
0.258,0.182
0.26,0.182
0.262,0.182
0.264,0.182
0.266,0.182
0.268,0.182
0.576,0.182
0.578,0.182
0.58,0.182
0.582,0.182
0.584,0.182
0.586,0.182
0.588,0.182
0.59,0.182
0.592,0.182
0.594,0.182
0.596,0.182
0.598,0.182
0.6,0.182
0.602,0.182
0.224,0.184
0.226,0.184
0.228,0.184
0.23,0.184
0.232,0.184
0.234,0.184
0.236,0.184
0.238,0.184
0.24,0.184
0.242,0.184
0.244,0.184
0.246,0.184
0.248,0.184
0.25,0.184
0.252,0.184
0.256,0.184
0.258,0.184
0.26,0.184
0.262,0.184
0.264,0.184
0.266,0.184
0.578,0.184
0.58,0.184
0.582,0.184
0.584,0.184
0.586,0.184
0.588,0.184
0.59,0.184
0.592,0.184
0.594,0.184
0.596,0.184
0.598,0.184
0.6,0.184
0.602,0.184
0.222,0.186
0.224,0.186
0.226,0.186
0.228,0.186
0.23,0.186
0.232,0.186
0.234,0.186
0.236,0.186
0.238,0.186
0.24,0.186
0.242,0.186
0.244,0.186
0.246,0.186
0.248,0.186
0.25,0.186
0.578,0.186
0.58,0.186
0.582,0.186
0.584,0.186
0.586,0.186
0.588,0.186
0.59,0.186
0.592,0.186
0.594,0.186
0.596,0.186
0.598,0.186
0.6,0.186
0.602,0.186
0.604,0.186
0.222,0.188
0.224,0.188
0.226,0.188
0.228,0.188
0.23,0.188
0.232,0.188
0.234,0.188
0.236,0.188
0.238,0.188
0.24,0.188
0.242,0.188
0.244,0.188
0.246,0.188
0.248,0.188
0.58,0.188
0.582,0.188
0.584,0.188
0.586,0.188
0.588,0.188
0.59,0.188
0.592,0.188
0.594,0.188
0.596,0.188
0.598,0.188
0.6,0.188
0.602,0.188
0.604,0.188
0.22,0.19
0.222,0.19
0.224,0.19
0.226,0.19
0.228,0.19
0.23,0.19
0.232,0.19
0.234,0.19
0.236,0.19
0.238,0.19
0.24,0.19
0.242,0.19
0.244,0.19
0.246,0.19
0.582,0.19
0.584,0.19
0.586,0.19
0.588,0.19
0.59,0.19
0.592,0.19
0.594,0.19
0.596,0.19
0.598,0.19
0.6,0.19
0.602,0.19
0.604,0.19
0.606,0.19
0.218,0.192
0.22,0.192
0.222,0.192
0.224,0.192
0.226,0.192
0.228,0.192
0.23,0.192
0.232,0.192
0.234,0.192
0.236,0.192
0.238,0.192
0.24,0.192
0.242,0.192
0.244,0.192
0.584,0.192
0.586,0.192
0.588,0.192
0.59,0.192
0.592,0.192
0.594,0.192
0.596,0.192
0.598,0.192
0.6,0.192
0.602,0.192
0.604,0.192
0.606,0.192
0.218,0.194
0.22,0.194
0.222,0.194
0.224,0.194
0.226,0.194
0.228,0.194
0.23,0.194
0.232,0.194
0.234,0.194
0.236,0.194
0.238,0.194
0.24,0.194
0.242,0.194
0.584,0.194
0.586,0.194
0.588,0.194
0.59,0.194
0.592,0.194
0.594,0.194
0.596,0.194
0.598,0.194
0.6,0.194
0.602,0.194
0.604,0.194
0.606,0.194
0.216,0.196
0.218,0.196
0.22,0.196
0.222,0.196
0.224,0.196
0.226,0.196
0.228,0.196
0.23,0.196
0.232,0.196
0.234,0.196
0.236,0.196
0.238,0.196
0.24,0.196
0.398,0.196
0.4,0.196
0.402,0.196
0.404,0.196
0.406,0.196
0.408,0.196
0.41,0.196
0.412,0.196
0.414,0.196
0.416,0.196
0.418,0.196
0.584,0.196
0.586,0.196
0.588,0.196
0.59,0.196
0.592,0.196
0.594,0.196
0.596,0.196
0.598,0.196
0.6,0.196
0.602,0.196
0.604,0.196
0.606,0.196
0.608,0.196
0.214,0.198
0.216,0.198
0.218,0.198
0.22,0.198
0.222,0.198
0.224,0.198
0.226,0.198
0.228,0.198
0.23,0.198
0.232,0.198
0.234,0.198
0.236,0.198
0.238,0.198
0.24,0.198
0.36,0.198
0.362,0.198
0.364,0.198
0.366,0.198
0.368,0.198
0.37,0.198
0.372,0.198
0.374,0.198
0.376,0.198
0.378,0.198
0.38,0.198
0.382,0.198
0.384,0.198
0.386,0.198
0.388,0.198
0.39,0.198
0.392,0.198
0.394,0.198
0.396,0.198
0.398,0.198
0.4,0.198
0.402,0.198
0.404,0.198
0.406,0.198
0.408,0.198
0.41,0.198
0.412,0.198
0.414,0.198
0.416,0.198
0.586,0.198
0.588,0.198
0.59,0.198
0.592,0.198
0.594,0.198
0.596,0.198
0.598,0.198
0.6,0.198
0.602,0.198
0.604,0.198
0.606,0.198
0.608,0.198
0.212,0.2
0.214,0.2
0.216,0.2
0.218,0.2
0.22,0.2
0.222,0.2
0.224,0.2
0.226,0.2
0.228,0.2
0.23,0.2
0.232,0.2
0.234,0.2
0.236,0.2
0.238,0.2
0.356,0.2
0.358,0.2
0.36,0.2
0.362,0.2
0.364,0.2
0.366,0.2
0.368,0.2
0.37,0.2
0.372,0.2
0.374,0.2
0.376,0.2
0.378,0.2
0.38,0.2
0.382,0.2
0.384,0.2
0.386,0.2
0.388,0.2
0.39,0.2
0.392,0.2
0.394,0.2
0.396,0.2
0.398,0.2
0.4,0.2
0.402,0.2
0.404,0.2
0.406,0.2
0.408,0.2
0.41,0.2
0.412,0.2
0.414,0.2
0.416,0.2
0.418,0.2
0.586,0.2
0.588,0.2
0.59,0.2
0.592,0.2
0.594,0.2
0.596,0.2
0.598,0.2
0.6,0.2
0.602,0.2
0.604,0.2
0.606,0.2
0.608,0.2
0.21,0.202
0.212,0.202
0.214,0.202
0.216,0.202
0.218,0.202
0.22,0.202
0.222,0.202
0.224,0.202
0.226,0.202
0.228,0.202
0.23,0.202
0.232,0.202
0.234,0.202
0.236,0.202
0.238,0.202
0.35,0.202
0.352,0.202
0.354,0.202
0.356,0.202
0.358,0.202
0.36,0.202
0.362,0.202
0.364,0.202
0.366,0.202
0.368,0.202
0.37,0.202
0.372,0.202
0.374,0.202
0.376,0.202
0.378,0.202
0.38,0.202
0.382,0.202
0.384,0.202
0.386,0.202
0.388,0.202
0.39,0.202
0.392,0.202
0.394,0.202
0.396,0.202
0.398,0.202
0.4,0.202
0.402,0.202
0.404,0.202
0.406,0.202
0.408,0.202
0.41,0.202
0.412,0.202
0.414,0.202
0.416,0.202
0.418,0.202
0.588,0.202
0.59,0.202
0.592,0.202
0.594,0.202
0.596,0.202
0.598,0.202
0.6,0.202
0.602,0.202
0.604,0.202
0.606,0.202
0.608,0.202
0.61,0.202
0.208,0.204
0.21,0.204
0.212,0.204
0.214,0.204
0.216,0.204
0.218,0.204
0.22,0.204
0.222,0.204
0.224,0.204
0.226,0.204
0.228,0.204
0.23,0.204
0.232,0.204
0.234,0.204
0.236,0.204
0.336,0.204
0.338,0.204
0.34,0.204
0.346,0.204
0.348,0.204
0.35,0.204
0.352,0.204
0.354,0.204
0.356,0.204
0.358,0.204
0.36,0.204
0.362,0.204
0.364,0.204
0.366,0.204
0.368,0.204
0.37,0.204
0.372,0.204
0.374,0.204
0.376,0.204
0.378,0.204
0.38,0.204
0.382,0.204
0.384,0.204
0.386,0.204
0.388,0.204
0.39,0.204
0.392,0.204
0.394,0.204
0.396,0.204
0.398,0.204
0.4,0.204
0.402,0.204
0.404,0.204
0.406,0.204
0.408,0.204
0.41,0.204
0.412,0.204
0.414,0.204
0.416,0.204
0.418,0.204
0.42,0.204
0.588,0.204
0.59,0.204
0.592,0.204
0.594,0.204
0.596,0.204
0.598,0.204
0.6,0.204
0.602,0.204
0.604,0.204
0.606,0.204
0.608,0.204
0.61,0.204
0.206,0.206
0.208,0.206
0.21,0.206
0.212,0.206
0.214,0.206
0.216,0.206
0.218,0.206
0.22,0.206
0.222,0.206
0.224,0.206
0.226,0.206
0.228,0.206
0.23,0.206
0.232,0.206
0.234,0.206
0.332,0.206
0.334,0.206
0.336,0.206
0.338,0.206
0.34,0.206
0.342,0.206
0.344,0.206
0.346,0.206
0.348,0.206
0.35,0.206
0.352,0.206
0.354,0.206
0.356,0.206
0.358,0.206
0.36,0.206
0.362,0.206
0.364,0.206
0.366,0.206
0.368,0.206
0.37,0.206
0.372,0.206
0.374,0.206
0.376,0.206
0.378,0.206
0.38,0.206
0.382,0.206
0.384,0.206
0.386,0.206
0.388,0.206
0.39,0.206
0.392,0.206
0.394,0.206
0.396,0.206
0.398,0.206
0.4,0.206
0.402,0.206
0.404,0.206
0.406,0.206
0.408,0.206
0.41,0.206
0.412,0.206
0.414,0.206
0.416,0.206
0.418,0.206
0.42,0.206
0.422,0.206
0.588,0.206
0.59,0.206
0.592,0.206
0.594,0.206
0.596,0.206
0.598,0.206
0.6,0.206
0.602,0.206
0.604,0.206
0.606,0.206
0.608,0.206
0.61,0.206
0.612,0.206
0.204,0.208
0.206,0.208
0.208,0.208
0.21,0.208
0.212,0.208
0.214,0.208
0.216,0.208
0.218,0.208
0.22,0.208
0.222,0.208
0.224,0.208
0.226,0.208
0.228,0.208
0.23,0.208
0.232,0.208
0.234,0.208
0.326,0.208
0.328,0.208
0.33,0.208
0.332,0.208
0.334,0.208
0.336,0.208
0.338,0.208
0.34,0.208
0.342,0.208
0.344,0.208
0.346,0.208
0.348,0.208
0.35,0.208
0.352,0.208
0.354,0.208
0.356,0.208
0.358,0.208
0.36,0.208
0.362,0.208
0.364,0.208
0.366,0.208
0.368,0.208
0.37,0.208
0.372,0.208
0.374,0.208
0.376,0.208
0.378,0.208
0.38,0.208
0.382,0.208
0.384,0.208
0.386,0.208
0.388,0.208
0.39,0.208
0.392,0.208
0.394,0.208
0.396,0.208
0.398,0.208
0.4,0.208
0.402,0.208
0.404,0.208
0.406,0.208
0.408,0.208
0.41,0.208
0.412,0.208
0.414,0.208
0.416,0.208
0.418,0.208
0.42,0.208
0.422,0.208
0.59,0.208
0.592,0.208
0.594,0.208
0.596,0.208
0.598,0.208
0.6,0.208
0.602,0.208
0.604,0.208
0.606,0.208
0.608,0.208
0.61,0.208
0.612,0.208
0.202,0.21
0.204,0.21
0.206,0.21
0.208,0.21
0.21,0.21
0.212,0.21
0.214,0.21
0.216,0.21
0.218,0.21
0.22,0.21
0.222,0.21
0.224,0.21
0.226,0.21
0.228,0.21
0.23,0.21
0.232,0.21
0.32,0.21
0.322,0.21
0.324,0.21
0.326,0.21
0.328,0.21
0.33,0.21
0.332,0.21
0.334,0.21
0.336,0.21
0.338,0.21
0.34,0.21
0.342,0.21
0.344,0.21
0.346,0.21
0.348,0.21
0.35,0.21
0.352,0.21
0.354,0.21
0.356,0.21
0.358,0.21
0.36,0.21
0.362,0.21
0.364,0.21
0.366,0.21
0.368,0.21
0.37,0.21
0.372,0.21
0.374,0.21
0.376,0.21
0.378,0.21
0.38,0.21
0.382,0.21
0.384,0.21
0.386,0.21
0.388,0.21
0.39,0.21
0.392,0.21
0.394,0.21
0.396,0.21
0.398,0.21
0.4,0.21
0.402,0.21
0.404,0.21
0.406,0.21
0.408,0.21
0.41,0.21
0.412,0.21
0.414,0.21
0.416,0.21
0.418,0.21
0.42,0.21
0.422,0.21
0.424,0.21
0.59,0.21
0.592,0.21
0.594,0.21
0.596,0.21
0.598,0.21
0.6,0.21
0.602,0.21
0.604,0.21
0.606,0.21
0.608,0.21
0.61,0.21
0.612,0.21
0.2,0.212
0.202,0.212
0.204,0.212
0.206,0.212
0.208,0.212
0.21,0.212
0.212,0.212
0.214,0.212
0.216,0.212
0.218,0.212
0.22,0.212
0.222,0.212
0.224,0.212
0.226,0.212
0.228,0.212
0.23,0.212
0.232,0.212
0.318,0.212
0.32,0.212
0.322,0.212
0.324,0.212
0.326,0.212
0.328,0.212
0.33,0.212
0.332,0.212
0.334,0.212
0.336,0.212
0.338,0.212
0.34,0.212
0.342,0.212
0.344,0.212
0.346,0.212
0.348,0.212
0.35,0.212
0.352,0.212
0.354,0.212
0.356,0.212
0.358,0.212
0.36,0.212
0.362,0.212
0.364,0.212
0.366,0.212
0.368,0.212
0.37,0.212
0.372,0.212
0.374,0.212
0.376,0.212
0.378,0.212
0.38,0.212
0.382,0.212
0.384,0.212
0.386,0.212
0.388,0.212
0.39,0.212
0.392,0.212
0.394,0.212
0.396,0.212
0.398,0.212
0.4,0.212
0.402,0.212
0.404,0.212
0.406,0.212
0.408,0.212
0.41,0.212
0.412,0.212
0.414,0.212
0.416,0.212
0.418,0.212
0.42,0.212
0.422,0.212
0.424,0.212
0.592,0.212
0.594,0.212
0.596,0.212
0.598,0.212
0.6,0.212
0.602,0.212
0.604,0.212
0.606,0.212
0.608,0.212
0.61,0.212
0.612,0.212
0.198,0.214
0.2,0.214
0.202,0.214
0.204,0.214
0.206,0.214
0.208,0.214
0.21,0.214
0.212,0.214
0.214,0.214
0.216,0.214
0.218,0.214
0.22,0.214
0.222,0.214
0.224,0.214
0.226,0.214
0.228,0.214
0.23,0.214
0.316,0.214
0.318,0.214
0.32,0.214
0.322,0.214
0.324,0.214
0.326,0.214
0.328,0.214
0.33,0.214
0.332,0.214
0.334,0.214
0.336,0.214
0.338,0.214
0.34,0.214
0.342,0.214
0.344,0.214
0.346,0.214
0.348,0.214
0.35,0.214
0.352,0.214
0.354,0.214
0.356,0.214
0.358,0.214
0.36,0.214
0.362,0.214
0.364,0.214
0.366,0.214
0.368,0.214
0.37,0.214
0.372,0.214
0.374,0.214
0.376,0.214
0.378,0.214
0.38,0.214
0.382,0.214
0.384,0.214
0.386,0.214
0.388,0.214
0.39,0.214
0.392,0.214
0.394,0.214
0.396,0.214
0.398,0.214
0.4,0.214
0.402,0.214
0.404,0.214
0.406,0.214
0.408,0.214
0.41,0.214
0.412,0.214
0.414,0.214
0.416,0.214
0.418,0.214
0.42,0.214
0.422,0.214
0.424,0.214
0.592,0.214
0.594,0.214
0.596,0.214
0.598,0.214
0.6,0.214
0.602,0.214
0.604,0.214
0.606,0.214
0.608,0.214
0.61,0.214
0.612,0.214
0.614,0.214
0.194,0.216
0.196,0.216
0.198,0.216
0.2,0.216
0.202,0.216
0.204,0.216
0.206,0.216
0.208,0.216
0.21,0.216
0.212,0.216
0.214,0.216
0.216,0.216
0.218,0.216
0.22,0.216
0.222,0.216
0.224,0.216
0.226,0.216
0.228,0.216
0.312,0.216
0.314,0.216
0.316,0.216
0.318,0.216
0.32,0.216
0.322,0.216
0.324,0.216
0.326,0.216
0.328,0.216
0.33,0.216
0.332,0.216
0.334,0.216
0.336,0.216
0.338,0.216
0.34,0.216
0.342,0.216
0.344,0.216
0.346,0.216
0.348,0.216
0.35,0.216
0.352,0.216
0.354,0.216
0.356,0.216
0.358,0.216
0.36,0.216
0.362,0.216
0.364,0.216
0.366,0.216
0.368,0.216
0.37,0.216
0.372,0.216
0.374,0.216
0.376,0.216
0.378,0.216
0.38,0.216
0.382,0.216
0.384,0.216
0.386,0.216
0.388,0.216
0.39,0.216
0.392,0.216
0.394,0.216
0.396,0.216
0.398,0.216
0.4,0.216
0.402,0.216
0.404,0.216
0.406,0.216
0.408,0.216
0.41,0.216
0.412,0.216
0.414,0.216
0.416,0.216
0.418,0.216
0.42,0.216
0.422,0.216
0.424,0.216
0.592,0.216
0.594,0.216
0.596,0.216
0.598,0.216
0.6,0.216
0.602,0.216
0.604,0.216
0.606,0.216
0.608,0.216
0.61,0.216
0.612,0.216
0.614,0.216
0.192,0.218
0.194,0.218
0.196,0.218
0.198,0.218
0.2,0.218
0.202,0.218
0.204,0.218
0.206,0.218
0.208,0.218
0.21,0.218
0.212,0.218
0.214,0.218
0.216,0.218
0.218,0.218
0.22,0.218
0.222,0.218
0.224,0.218
0.226,0.218
0.308,0.218
0.31,0.218
0.312,0.218
0.314,0.218
0.316,0.218
0.318,0.218
0.32,0.218
0.322,0.218
0.324,0.218
0.326,0.218
0.328,0.218
0.33,0.218
0.332,0.218
0.334,0.218
0.336,0.218
0.338,0.218
0.34,0.218
0.342,0.218
0.344,0.218
0.346,0.218
0.348,0.218
0.35,0.218
0.352,0.218
0.354,0.218
0.356,0.218
0.358,0.218
0.36,0.218
0.362,0.218
0.364,0.218
0.366,0.218
0.368,0.218
0.37,0.218
0.372,0.218
0.374,0.218
0.376,0.218
0.378,0.218
0.38,0.218
0.382,0.218
0.384,0.218
0.386,0.218
0.402,0.218
0.404,0.218
0.406,0.218
0.408,0.218
0.41,0.218
0.412,0.218
0.414,0.218
0.416,0.218
0.418,0.218
0.42,0.218
0.422,0.218
0.424,0.218
0.594,0.218
0.596,0.218
0.598,0.218
0.6,0.218
0.602,0.218
0.604,0.218
0.606,0.218
0.608,0.218
0.61,0.218
0.612,0.218
0.614,0.218
0.616,0.218
0.19,0.22
0.192,0.22
0.194,0.22
0.196,0.22
0.198,0.22
0.2,0.22
0.202,0.22
0.204,0.22
0.206,0.22
0.208,0.22
0.21,0.22
0.212,0.22
0.214,0.22
0.216,0.22
0.218,0.22
0.22,0.22
0.222,0.22
0.224,0.22
0.306,0.22
0.308,0.22
0.31,0.22
0.312,0.22
0.314,0.22
0.316,0.22
0.318,0.22
0.32,0.22
0.322,0.22
0.324,0.22
0.326,0.22
0.328,0.22
0.33,0.22
0.332,0.22
0.334,0.22
0.336,0.22
0.338,0.22
0.34,0.22
0.342,0.22
0.344,0.22
0.346,0.22
0.348,0.22
0.35,0.22
0.352,0.22
0.354,0.22
0.356,0.22
0.358,0.22
0.36,0.22
0.362,0.22
0.364,0.22
0.402,0.22
0.404,0.22
0.406,0.22
0.408,0.22
0.41,0.22
0.412,0.22
0.414,0.22
0.416,0.22
0.418,0.22
0.42,0.22
0.422,0.22
0.424,0.22
0.594,0.22
0.596,0.22
0.598,0.22
0.6,0.22
0.602,0.22
0.604,0.22
0.606,0.22
0.608,0.22
0.61,0.22
0.612,0.22
0.614,0.22
0.616,0.22
0.19,0.222
0.192,0.222
0.194,0.222
0.196,0.222
0.198,0.222
0.2,0.222
0.202,0.222
0.204,0.222
0.206,0.222
0.208,0.222
0.21,0.222
0.212,0.222
0.214,0.222
0.216,0.222
0.218,0.222
0.22,0.222
0.222,0.222
0.304,0.222
0.306,0.222
0.308,0.222
0.31,0.222
0.312,0.222
0.314,0.222
0.316,0.222
0.318,0.222
0.32,0.222
0.322,0.222
0.324,0.222
0.326,0.222
0.328,0.222
0.33,0.222
0.332,0.222
0.334,0.222
0.336,0.222
0.338,0.222
0.34,0.222
0.342,0.222
0.344,0.222
0.346,0.222
0.348,0.222
0.35,0.222
0.352,0.222
0.354,0.222
0.356,0.222
0.358,0.222
0.36,0.222
0.4,0.222
0.402,0.222
0.404,0.222
0.406,0.222
0.408,0.222
0.41,0.222
0.412,0.222
0.414,0.222
0.416,0.222
0.418,0.222
0.42,0.222
0.422,0.222
0.424,0.222
0.594,0.222
0.596,0.222
0.598,0.222
0.6,0.222
0.602,0.222
0.604,0.222
0.606,0.222
0.608,0.222
0.61,0.222
0.612,0.222
0.614,0.222
0.616,0.222
0.618,0.222
0.19,0.224
0.192,0.224
0.194,0.224
0.196,0.224
0.198,0.224
0.2,0.224
0.202,0.224
0.204,0.224
0.206,0.224
0.208,0.224
0.21,0.224
0.212,0.224
0.214,0.224
0.216,0.224
0.218,0.224
0.22,0.224
0.302,0.224
0.304,0.224
0.306,0.224
0.308,0.224
0.31,0.224
0.312,0.224
0.314,0.224
0.316,0.224
0.318,0.224
0.32,0.224
0.322,0.224
0.324,0.224
0.326,0.224
0.328,0.224
0.33,0.224
0.332,0.224
0.334,0.224
0.336,0.224
0.338,0.224
0.34,0.224
0.342,0.224
0.344,0.224
0.346,0.224
0.348,0.224
0.35,0.224
0.352,0.224
0.354,0.224
0.396,0.224
0.398,0.224
0.4,0.224
0.402,0.224
0.404,0.224
0.406,0.224
0.408,0.224
0.41,0.224
0.412,0.224
0.414,0.224
0.416,0.224
0.418,0.224
0.42,0.224
0.422,0.224
0.424,0.224
0.596,0.224
0.598,0.224
0.6,0.224
0.602,0.224
0.604,0.224
0.606,0.224
0.608,0.224
0.61,0.224
0.612,0.224
0.614,0.224
0.616,0.224
0.618,0.224
0.188,0.226
0.19,0.226
0.192,0.226
0.194,0.226
0.196,0.226
0.198,0.226
0.2,0.226
0.202,0.226
0.204,0.226
0.206,0.226
0.208,0.226
0.21,0.226
0.212,0.226
0.214,0.226
0.216,0.226
0.3,0.226
0.302,0.226
0.304,0.226
0.306,0.226
0.308,0.226
0.31,0.226
0.312,0.226
0.314,0.226
0.316,0.226
0.318,0.226
0.32,0.226
0.322,0.226
0.324,0.226
0.326,0.226
0.328,0.226
0.33,0.226
0.332,0.226
0.334,0.226
0.336,0.226
0.338,0.226
0.34,0.226
0.342,0.226
0.344,0.226
0.346,0.226
0.348,0.226
0.35,0.226
0.394,0.226
0.396,0.226
0.398,0.226
0.4,0.226
0.402,0.226
0.404,0.226
0.406,0.226
0.408,0.226
0.41,0.226
0.412,0.226
0.414,0.226
0.416,0.226
0.418,0.226
0.42,0.226
0.422,0.226
0.596,0.226
0.598,0.226
0.6,0.226
0.602,0.226
0.604,0.226
0.606,0.226
0.608,0.226
0.61,0.226
0.612,0.226
0.614,0.226
0.616,0.226
0.618,0.226
0.62,0.226
0.186,0.228
0.188,0.228
0.19,0.228
0.192,0.228
0.194,0.228
0.196,0.228
0.198,0.228
0.2,0.228
0.202,0.228
0.204,0.228
0.206,0.228
0.208,0.228
0.21,0.228
0.212,0.228
0.214,0.228
0.298,0.228
0.3,0.228
0.302,0.228
0.304,0.228
0.306,0.228
0.308,0.228
0.31,0.228
0.312,0.228
0.314,0.228
0.316,0.228
0.318,0.228
0.32,0.228
0.322,0.228
0.324,0.228
0.326,0.228
0.328,0.228
0.33,0.228
0.332,0.228
0.334,0.228
0.336,0.228
0.338,0.228
0.34,0.228
0.342,0.228
0.344,0.228
0.392,0.228
0.394,0.228
0.396,0.228
0.398,0.228
0.4,0.228
0.402,0.228
0.404,0.228
0.406,0.228
0.408,0.228
0.41,0.228
0.412,0.228
0.414,0.228
0.416,0.228
0.418,0.228
0.42,0.228
0.422,0.228
0.598,0.228
0.6,0.228
0.602,0.228
0.604,0.228
0.606,0.228
0.608,0.228
0.61,0.228
0.612,0.228
0.614,0.228
0.616,0.228
0.618,0.228
0.62,0.228
0.622,0.228
0.184,0.23
0.186,0.23
0.188,0.23
0.19,0.23
0.192,0.23
0.194,0.23
0.196,0.23
0.198,0.23
0.2,0.23
0.202,0.23
0.204,0.23
0.206,0.23
0.208,0.23
0.21,0.23
0.212,0.23
0.296,0.23
0.298,0.23
0.3,0.23
0.302,0.23
0.304,0.23
0.306,0.23
0.308,0.23
0.31,0.23
0.312,0.23
0.314,0.23
0.316,0.23
0.318,0.23
0.32,0.23
0.322,0.23
0.324,0.23
0.326,0.23
0.328,0.23
0.33,0.23
0.332,0.23
0.334,0.23
0.336,0.23
0.338,0.23
0.392,0.23
0.394,0.23
0.396,0.23
0.398,0.23
0.4,0.23
0.402,0.23
0.404,0.23
0.406,0.23
0.408,0.23
0.41,0.23
0.412,0.23
0.414,0.23
0.416,0.23
0.418,0.23
0.42,0.23
0.598,0.23
0.6,0.23
0.602,0.23
0.604,0.23
0.606,0.23
0.608,0.23
0.61,0.23
0.612,0.23
0.614,0.23
0.616,0.23
0.618,0.23
0.62,0.23
0.622,0.23
0.182,0.232
0.184,0.232
0.186,0.232
0.188,0.232
0.19,0.232
0.192,0.232
0.194,0.232
0.196,0.232
0.198,0.232
0.2,0.232
0.202,0.232
0.204,0.232
0.206,0.232
0.208,0.232
0.21,0.232
0.296,0.232
0.298,0.232
0.3,0.232
0.302,0.232
0.304,0.232
0.306,0.232
0.308,0.232
0.31,0.232
0.312,0.232
0.314,0.232
0.316,0.232
0.318,0.232
0.32,0.232
0.322,0.232
0.324,0.232
0.326,0.232
0.328,0.232
0.33,0.232
0.332,0.232
0.334,0.232
0.336,0.232
0.39,0.232
0.392,0.232
0.394,0.232
0.396,0.232
0.398,0.232
0.4,0.232
0.402,0.232
0.404,0.232
0.406,0.232
0.408,0.232
0.41,0.232
0.412,0.232
0.414,0.232
0.416,0.232
0.418,0.232
0.42,0.232
0.6,0.232
0.602,0.232
0.604,0.232
0.606,0.232
0.608,0.232
0.61,0.232
0.612,0.232
0.614,0.232
0.616,0.232
0.618,0.232
0.62,0.232
0.622,0.232
0.624,0.232
0.18,0.234
0.182,0.234
0.184,0.234
0.186,0.234
0.188,0.234
0.19,0.234
0.192,0.234
0.194,0.234
0.196,0.234
0.198,0.234
0.2,0.234
0.202,0.234
0.204,0.234
0.206,0.234
0.208,0.234
0.296,0.234
0.298,0.234
0.3,0.234
0.302,0.234
0.304,0.234
0.306,0.234
0.308,0.234
0.31,0.234
0.312,0.234
0.314,0.234
0.316,0.234
0.318,0.234
0.32,0.234
0.322,0.234
0.324,0.234
0.326,0.234
0.328,0.234
0.33,0.234
0.332,0.234
0.334,0.234
0.388,0.234
0.39,0.234
0.392,0.234
0.394,0.234
0.396,0.234
0.398,0.234
0.4,0.234
0.402,0.234
0.404,0.234
0.406,0.234
0.408,0.234
0.41,0.234
0.412,0.234
0.414,0.234
0.416,0.234
0.418,0.234
0.6,0.234
0.602,0.234
0.604,0.234
0.606,0.234
0.608,0.234
0.61,0.234
0.612,0.234
0.614,0.234
0.616,0.234
0.618,0.234
0.62,0.234
0.622,0.234
0.624,0.234
0.18,0.236
0.182,0.236
0.184,0.236
0.186,0.236
0.188,0.236
0.19,0.236
0.192,0.236
0.194,0.236
0.196,0.236
0.198,0.236
0.2,0.236
0.202,0.236
0.204,0.236
0.206,0.236
0.208,0.236
0.294,0.236
0.296,0.236
0.298,0.236
0.3,0.236
0.302,0.236
0.304,0.236
0.306,0.236
0.308,0.236
0.31,0.236
0.312,0.236
0.314,0.236
0.316,0.236
0.318,0.236
0.32,0.236
0.386,0.236
0.388,0.236
0.39,0.236
0.392,0.236
0.394,0.236
0.396,0.236
0.398,0.236
0.4,0.236
0.402,0.236
0.404,0.236
0.406,0.236
0.408,0.236
0.41,0.236
0.412,0.236
0.414,0.236
0.416,0.236
0.418,0.236
0.602,0.236
0.604,0.236
0.606,0.236
0.608,0.236
0.61,0.236
0.612,0.236
0.614,0.236
0.616,0.236
0.618,0.236
0.62,0.236
0.622,0.236
0.624,0.236
0.178,0.238
0.18,0.238
0.182,0.238
0.184,0.238
0.186,0.238
0.188,0.238
0.19,0.238
0.192,0.238
0.194,0.238
0.196,0.238
0.198,0.238
0.2,0.238
0.202,0.238
0.204,0.238
0.206,0.238
0.208,0.238
0.294,0.238
0.296,0.238
0.298,0.238
0.3,0.238
0.302,0.238
0.304,0.238
0.306,0.238
0.308,0.238
0.31,0.238
0.312,0.238
0.314,0.238
0.316,0.238
0.318,0.238
0.384,0.238
0.386,0.238
0.388,0.238
0.39,0.238
0.392,0.238
0.394,0.238
0.396,0.238
0.398,0.238
0.4,0.238
0.402,0.238
0.404,0.238
0.406,0.238
0.408,0.238
0.41,0.238
0.412,0.238
0.414,0.238
0.602,0.238
0.604,0.238
0.606,0.238
0.608,0.238
0.61,0.238
0.612,0.238
0.614,0.238
0.616,0.238
0.618,0.238
0.62,0.238
0.622,0.238
0.624,0.238
0.626,0.238
0.176,0.24
0.178,0.24
0.18,0.24
0.182,0.24
0.184,0.24
0.186,0.24
0.188,0.24
0.19,0.24
0.192,0.24
0.194,0.24
0.196,0.24
0.198,0.24
0.2,0.24
0.202,0.24
0.204,0.24
0.206,0.24
0.294,0.24
0.296,0.24
0.298,0.24
0.3,0.24
0.302,0.24
0.304,0.24
0.306,0.24
0.308,0.24
0.31,0.24
0.312,0.24
0.314,0.24
0.316,0.24
0.38,0.24
0.382,0.24
0.384,0.24
0.386,0.24
0.388,0.24
0.39,0.24
0.392,0.24
0.394,0.24
0.396,0.24
0.398,0.24
0.4,0.24
0.402,0.24
0.404,0.24
0.406,0.24
0.408,0.24
0.41,0.24
0.412,0.24
0.604,0.24
0.606,0.24
0.608,0.24
0.61,0.24
0.612,0.24
0.614,0.24
0.616,0.24
0.618,0.24
0.62,0.24
0.622,0.24
0.624,0.24
0.626,0.24
0.176,0.242
0.178,0.242
0.18,0.242
0.182,0.242
0.184,0.242
0.186,0.242
0.188,0.242
0.19,0.242
0.192,0.242
0.194,0.242
0.196,0.242
0.198,0.242
0.2,0.242
0.202,0.242
0.204,0.242
0.292,0.242
0.294,0.242
0.296,0.242
0.298,0.242
0.3,0.242
0.302,0.242
0.304,0.242
0.306,0.242
0.308,0.242
0.31,0.242
0.312,0.242
0.314,0.242
0.378,0.242
0.38,0.242
0.382,0.242
0.384,0.242
0.386,0.242
0.388,0.242
0.39,0.242
0.392,0.242
0.394,0.242
0.396,0.242
0.398,0.242
0.4,0.242
0.402,0.242
0.404,0.242
0.406,0.242
0.408,0.242
0.604,0.242
0.606,0.242
0.608,0.242
0.61,0.242
0.612,0.242
0.614,0.242
0.616,0.242
0.618,0.242
0.62,0.242
0.622,0.242
0.624,0.242
0.626,0.242
0.628,0.242
0.174,0.244
0.176,0.244
0.178,0.244
0.18,0.244
0.182,0.244
0.184,0.244
0.186,0.244
0.188,0.244
0.19,0.244
0.192,0.244
0.194,0.244
0.196,0.244
0.198,0.244
0.2,0.244
0.292,0.244
0.294,0.244
0.296,0.244
0.298,0.244
0.3,0.244
0.302,0.244
0.304,0.244
0.306,0.244
0.308,0.244
0.31,0.244
0.312,0.244
0.314,0.244
0.376,0.244
0.378,0.244
0.38,0.244
0.382,0.244
0.384,0.244
0.386,0.244
0.388,0.244
0.39,0.244
0.392,0.244
0.394,0.244
0.396,0.244
0.398,0.244
0.4,0.244
0.402,0.244
0.404,0.244
0.406,0.244
0.408,0.244
0.606,0.244
0.608,0.244
0.61,0.244
0.612,0.244
0.614,0.244
0.616,0.244
0.618,0.244
0.62,0.244
0.622,0.244
0.624,0.244
0.626,0.244
0.628,0.244
0.174,0.246
0.176,0.246
0.178,0.246
0.18,0.246
0.182,0.246
0.184,0.246
0.186,0.246
0.188,0.246
0.19,0.246
0.192,0.246
0.194,0.246
0.196,0.246
0.198,0.246
0.292,0.246
0.294,0.246
0.296,0.246
0.298,0.246
0.3,0.246
0.302,0.246
0.304,0.246
0.306,0.246
0.308,0.246
0.31,0.246
0.312,0.246
0.314,0.246
0.372,0.246
0.374,0.246
0.376,0.246
0.378,0.246
0.38,0.246
0.382,0.246
0.384,0.246
0.386,0.246
0.388,0.246
0.39,0.246
0.392,0.246
0.394,0.246
0.396,0.246
0.398,0.246
0.4,0.246
0.402,0.246
0.404,0.246
0.406,0.246
0.606,0.246
0.608,0.246
0.61,0.246
0.612,0.246
0.614,0.246
0.616,0.246
0.618,0.246
0.62,0.246
0.622,0.246
0.624,0.246
0.626,0.246
0.628,0.246
0.63,0.246
0.17,0.248
0.172,0.248
0.174,0.248
0.176,0.248
0.178,0.248
0.18,0.248
0.182,0.248
0.184,0.248
0.186,0.248
0.188,0.248
0.19,0.248
0.192,0.248
0.194,0.248
0.196,0.248
0.198,0.248
0.292,0.248
0.294,0.248
0.296,0.248
0.298,0.248
0.3,0.248
0.302,0.248
0.304,0.248
0.306,0.248
0.308,0.248
0.31,0.248
0.312,0.248
0.368,0.248
0.37,0.248
0.372,0.248
0.374,0.248
0.376,0.248
0.378,0.248
0.38,0.248
0.382,0.248
0.384,0.248
0.386,0.248
0.388,0.248
0.39,0.248
0.392,0.248
0.394,0.248
0.396,0.248
0.398,0.248
0.4,0.248
0.402,0.248
0.404,0.248
0.608,0.248
0.61,0.248
0.612,0.248
0.614,0.248
0.616,0.248
0.618,0.248
0.62,0.248
0.622,0.248
0.624,0.248
0.626,0.248
0.628,0.248
0.63,0.248
0.632,0.248
0.168,0.25
0.17,0.25
0.172,0.25
0.174,0.25
0.176,0.25
0.178,0.25
0.18,0.25
0.182,0.25
0.184,0.25
0.186,0.25
0.188,0.25
0.19,0.25
0.192,0.25
0.194,0.25
0.196,0.25
0.292,0.25
0.294,0.25
0.296,0.25
0.298,0.25
0.3,0.25
0.302,0.25
0.304,0.25
0.306,0.25
0.308,0.25
0.31,0.25
0.312,0.25
0.364,0.25
0.366,0.25
0.368,0.25
0.37,0.25
0.372,0.25
0.374,0.25
0.376,0.25
0.378,0.25
0.38,0.25
0.382,0.25
0.384,0.25
0.386,0.25
0.388,0.25
0.39,0.25
0.392,0.25
0.394,0.25
0.396,0.25
0.398,0.25
0.4,0.25
0.402,0.25
0.608,0.25
0.61,0.25
0.612,0.25
0.614,0.25
0.616,0.25
0.618,0.25
0.62,0.25
0.622,0.25
0.624,0.25
0.626,0.25
0.628,0.25
0.63,0.25
0.632,0.25
0.166,0.252
0.168,0.252
0.17,0.252
0.172,0.252
0.174,0.252
0.176,0.252
0.178,0.252
0.18,0.252
0.182,0.252
0.184,0.252
0.186,0.252
0.188,0.252
0.19,0.252
0.192,0.252
0.194,0.252
0.292,0.252
0.294,0.252
0.296,0.252
0.298,0.252
0.3,0.252
0.302,0.252
0.304,0.252
0.306,0.252
0.308,0.252
0.31,0.252
0.312,0.252
0.36,0.252
0.362,0.252
0.364,0.252
0.366,0.252
0.368,0.252
0.37,0.252
0.372,0.252
0.374,0.252
0.376,0.252
0.378,0.252
0.38,0.252
0.382,0.252
0.384,0.252
0.386,0.252
0.388,0.252
0.39,0.252
0.392,0.252
0.394,0.252
0.396,0.252
0.398,0.252
0.4,0.252
0.61,0.252
0.612,0.252
0.614,0.252
0.616,0.252
0.618,0.252
0.62,0.252
0.622,0.252
0.624,0.252
0.626,0.252
0.628,0.252
0.63,0.252
0.632,0.252
0.634,0.252
0.164,0.254
0.166,0.254
0.168,0.254
0.17,0.254
0.172,0.254
0.174,0.254
0.176,0.254
0.178,0.254
0.18,0.254
0.182,0.254
0.184,0.254
0.186,0.254
0.188,0.254
0.19,0.254
0.192,0.254
0.194,0.254
0.292,0.254
0.294,0.254
0.296,0.254
0.298,0.254
0.3,0.254
0.302,0.254
0.304,0.254
0.306,0.254
0.308,0.254
0.31,0.254
0.312,0.254
0.354,0.254
0.356,0.254
0.358,0.254
0.36,0.254
0.362,0.254
0.364,0.254
0.366,0.254
0.368,0.254
0.37,0.254
0.372,0.254
0.374,0.254
0.376,0.254
0.378,0.254
0.38,0.254
0.382,0.254
0.384,0.254
0.386,0.254
0.388,0.254
0.39,0.254
0.392,0.254
0.394,0.254
0.396,0.254
0.398,0.254
0.61,0.254
0.612,0.254
0.614,0.254
0.616,0.254
0.618,0.254
0.62,0.254
0.622,0.254
0.624,0.254
0.626,0.254
0.628,0.254
0.63,0.254
0.632,0.254
0.634,0.254
0.636,0.254
0.16,0.256
0.162,0.256
0.164,0.256
0.166,0.256
0.168,0.256
0.17,0.256
0.172,0.256
0.174,0.256
0.176,0.256
0.178,0.256
0.18,0.256
0.182,0.256
0.184,0.256
0.186,0.256
0.188,0.256
0.19,0.256
0.192,0.256
0.292,0.256
0.294,0.256
0.296,0.256
0.298,0.256
0.3,0.256
0.302,0.256
0.304,0.256
0.306,0.256
0.308,0.256
0.31,0.256
0.312,0.256
0.348,0.256
0.35,0.256
0.352,0.256
0.354,0.256
0.356,0.256
0.358,0.256
0.36,0.256
0.362,0.256
0.364,0.256
0.366,0.256
0.368,0.256
0.37,0.256
0.372,0.256
0.374,0.256
0.376,0.256
0.378,0.256
0.38,0.256
0.382,0.256
0.384,0.256
0.386,0.256
0.388,0.256
0.39,0.256
0.392,0.256
0.394,0.256
0.396,0.256
0.612,0.256
0.614,0.256
0.616,0.256
0.618,0.256
0.62,0.256
0.622,0.256
0.624,0.256
0.626,0.256
0.628,0.256
0.63,0.256
0.632,0.256
0.634,0.256
0.636,0.256
0.154,0.258
0.156,0.258
0.158,0.258
0.16,0.258
0.162,0.258
0.164,0.258
0.166,0.258
0.168,0.258
0.17,0.258
0.172,0.258
0.174,0.258
0.176,0.258
0.178,0.258
0.18,0.258
0.182,0.258
0.184,0.258
0.186,0.258
0.188,0.258
0.19,0.258
0.192,0.258
0.292,0.258
0.294,0.258
0.296,0.258
0.298,0.258
0.3,0.258
0.302,0.258
0.304,0.258
0.306,0.258
0.308,0.258
0.31,0.258
0.312,0.258
0.314,0.258
0.316,0.258
0.344,0.258
0.346,0.258
0.348,0.258
0.35,0.258
0.352,0.258
0.354,0.258
0.356,0.258
0.358,0.258
0.36,0.258
0.362,0.258
0.364,0.258
0.366,0.258
0.368,0.258
0.37,0.258
0.372,0.258
0.374,0.258
0.376,0.258
0.378,0.258
0.38,0.258
0.382,0.258
0.384,0.258
0.386,0.258
0.388,0.258
0.39,0.258
0.392,0.258
0.612,0.258
0.614,0.258
0.616,0.258
0.618,0.258
0.62,0.258
0.622,0.258
0.624,0.258
0.626,0.258
0.628,0.258
0.63,0.258
0.632,0.258
0.634,0.258
0.636,0.258
0.638,0.258
0.152,0.26
0.154,0.26
0.156,0.26
0.158,0.26
0.16,0.26
0.162,0.26
0.164,0.26
0.166,0.26
0.168,0.26
0.17,0.26
0.172,0.26
0.174,0.26
0.176,0.26
0.178,0.26
0.18,0.26
0.182,0.26
0.184,0.26
0.186,0.26
0.188,0.26
0.19,0.26
0.292,0.26
0.294,0.26
0.296,0.26
0.298,0.26
0.3,0.26
0.302,0.26
0.304,0.26
0.306,0.26
0.308,0.26
0.31,0.26
0.312,0.26
0.314,0.26
0.316,0.26
0.318,0.26
0.32,0.26
0.336,0.26
0.338,0.26
0.34,0.26
0.342,0.26
0.344,0.26
0.346,0.26
0.348,0.26
0.35,0.26
0.352,0.26
0.354,0.26
0.356,0.26
0.358,0.26
0.36,0.26
0.362,0.26
0.364,0.26
0.366,0.26
0.368,0.26
0.37,0.26
0.372,0.26
0.374,0.26
0.376,0.26
0.378,0.26
0.38,0.26
0.382,0.26
0.384,0.26
0.386,0.26
0.388,0.26
0.39,0.26
0.614,0.26
0.616,0.26
0.618,0.26
0.62,0.26
0.622,0.26
0.624,0.26
0.626,0.26
0.628,0.26
0.63,0.26
0.632,0.26
0.634,0.26
0.636,0.26
0.638,0.26
0.15,0.262
0.152,0.262
0.154,0.262
0.156,0.262
0.158,0.262
0.16,0.262
0.162,0.262
0.164,0.262
0.166,0.262
0.168,0.262
0.17,0.262
0.172,0.262
0.174,0.262
0.176,0.262
0.178,0.262
0.18,0.262
0.182,0.262
0.184,0.262
0.186,0.262
0.188,0.262
0.292,0.262
0.294,0.262
0.296,0.262
0.298,0.262
0.3,0.262
0.302,0.262
0.304,0.262
0.306,0.262
0.308,0.262
0.31,0.262
0.312,0.262
0.314,0.262
0.316,0.262
0.318,0.262
0.32,0.262
0.322,0.262
0.324,0.262
0.326,0.262
0.328,0.262
0.33,0.262
0.332,0.262
0.334,0.262
0.336,0.262
0.338,0.262
0.34,0.262
0.342,0.262
0.344,0.262
0.346,0.262
0.348,0.262
0.35,0.262
0.352,0.262
0.354,0.262
0.356,0.262
0.358,0.262
0.36,0.262
0.362,0.262
0.364,0.262
0.366,0.262
0.368,0.262
0.37,0.262
0.372,0.262
0.374,0.262
0.376,0.262
0.378,0.262
0.38,0.262
0.382,0.262
0.384,0.262
0.386,0.262
0.388,0.262
0.614,0.262
0.616,0.262
0.618,0.262
0.62,0.262
0.622,0.262
0.624,0.262
0.626,0.262
0.628,0.262
0.63,0.262
0.632,0.262
0.634,0.262
0.636,0.262
0.638,0.262
0.64,0.262
0.148,0.264
0.15,0.264
0.152,0.264
0.154,0.264
0.156,0.264
0.158,0.264
0.16,0.264
0.162,0.264
0.164,0.264
0.166,0.264
0.168,0.264
0.17,0.264
0.172,0.264
0.174,0.264
0.176,0.264
0.178,0.264
0.18,0.264
0.182,0.264
0.184,0.264
0.292,0.264
0.294,0.264
0.296,0.264
0.298,0.264
0.3,0.264
0.302,0.264
0.304,0.264
0.306,0.264
0.308,0.264
0.31,0.264
0.312,0.264
0.314,0.264
0.316,0.264
0.318,0.264
0.32,0.264
0.322,0.264
0.324,0.264
0.326,0.264
0.328,0.264
0.33,0.264
0.332,0.264
0.334,0.264
0.336,0.264
0.338,0.264
0.34,0.264
0.342,0.264
0.344,0.264
0.346,0.264
0.348,0.264
0.35,0.264
0.352,0.264
0.354,0.264
0.356,0.264
0.358,0.264
0.36,0.264
0.362,0.264
0.364,0.264
0.366,0.264
0.368,0.264
0.37,0.264
0.372,0.264
0.374,0.264
0.376,0.264
0.378,0.264
0.38,0.264
0.382,0.264
0.384,0.264
0.616,0.264
0.618,0.264
0.62,0.264
0.622,0.264
0.624,0.264
0.626,0.264
0.628,0.264
0.63,0.264
0.632,0.264
0.634,0.264
0.636,0.264
0.638,0.264
0.64,0.264
0.144,0.266
0.146,0.266
0.148,0.266
0.15,0.266
0.152,0.266
0.154,0.266
0.156,0.266
0.158,0.266
0.16,0.266
0.162,0.266
0.164,0.266
0.166,0.266
0.168,0.266
0.17,0.266
0.172,0.266
0.174,0.266
0.176,0.266
0.178,0.266
0.18,0.266
0.182,0.266
0.292,0.266
0.294,0.266
0.296,0.266
0.298,0.266
0.3,0.266
0.302,0.266
0.304,0.266
0.306,0.266
0.308,0.266
0.31,0.266
0.312,0.266
0.314,0.266
0.316,0.266
0.318,0.266
0.32,0.266
0.322,0.266
0.324,0.266
0.326,0.266
0.328,0.266
0.33,0.266
0.332,0.266
0.334,0.266
0.336,0.266
0.338,0.266
0.34,0.266
0.342,0.266
0.344,0.266
0.346,0.266
0.348,0.266
0.35,0.266
0.352,0.266
0.354,0.266
0.356,0.266
0.358,0.266
0.36,0.266
0.362,0.266
0.364,0.266
0.366,0.266
0.368,0.266
0.37,0.266
0.372,0.266
0.374,0.266
0.376,0.266
0.378,0.266
0.38,0.266
0.382,0.266
0.618,0.266
0.62,0.266
0.622,0.266
0.624,0.266
0.626,0.266
0.628,0.266
0.63,0.266
0.632,0.266
0.634,0.266
0.636,0.266
0.638,0.266
0.64,0.266
0.642,0.266
0.142,0.268
0.144,0.268
0.146,0.268
0.148,0.268
0.15,0.268
0.152,0.268
0.154,0.268
0.156,0.268
0.158,0.268
0.16,0.268
0.162,0.268
0.164,0.268
0.166,0.268
0.168,0.268
0.17,0.268
0.172,0.268
0.174,0.268
0.176,0.268
0.178,0.268
0.18,0.268
0.292,0.268
0.294,0.268
0.296,0.268
0.298,0.268
0.3,0.268
0.302,0.268
0.304,0.268
0.306,0.268
0.308,0.268
0.31,0.268
0.312,0.268
0.314,0.268
0.316,0.268
0.318,0.268
0.32,0.268
0.322,0.268
0.324,0.268
0.326,0.268
0.328,0.268
0.33,0.268
0.332,0.268
0.334,0.268
0.336,0.268
0.338,0.268
0.34,0.268
0.342,0.268
0.344,0.268
0.346,0.268
0.348,0.268
0.35,0.268
0.352,0.268
0.354,0.268
0.356,0.268
0.358,0.268
0.36,0.268
0.362,0.268
0.364,0.268
0.366,0.268
0.368,0.268
0.37,0.268
0.372,0.268
0.374,0.268
0.376,0.268
0.378,0.268
0.618,0.268
0.62,0.268
0.622,0.268
0.624,0.268
0.626,0.268
0.628,0.268
0.63,0.268
0.632,0.268
0.634,0.268
0.636,0.268
0.638,0.268
0.64,0.268
0.642,0.268
0.14,0.27
0.142,0.27
0.144,0.27
0.146,0.27
0.148,0.27
0.15,0.27
0.152,0.27
0.154,0.27
0.156,0.27
0.158,0.27
0.16,0.27
0.162,0.27
0.164,0.27
0.166,0.27
0.168,0.27
0.17,0.27
0.172,0.27
0.174,0.27
0.176,0.27
0.178,0.27
0.292,0.27
0.294,0.27
0.296,0.27
0.298,0.27
0.3,0.27
0.302,0.27
0.304,0.27
0.306,0.27
0.308,0.27
0.31,0.27
0.312,0.27
0.314,0.27
0.316,0.27
0.318,0.27
0.32,0.27
0.322,0.27
0.324,0.27
0.326,0.27
0.328,0.27
0.33,0.27
0.332,0.27
0.334,0.27
0.336,0.27
0.338,0.27
0.34,0.27
0.342,0.27
0.344,0.27
0.346,0.27
0.348,0.27
0.35,0.27
0.352,0.27
0.354,0.27
0.356,0.27
0.358,0.27
0.36,0.27
0.362,0.27
0.364,0.27
0.366,0.27
0.368,0.27
0.37,0.27
0.372,0.27
0.374,0.27
0.62,0.27
0.622,0.27
0.624,0.27
0.626,0.27
0.628,0.27
0.63,0.27
0.632,0.27
0.634,0.27
0.636,0.27
0.638,0.27
0.64,0.27
0.642,0.27
0.644,0.27
0.134,0.272
0.136,0.272
0.138,0.272
0.14,0.272
0.142,0.272
0.144,0.272
0.146,0.272
0.148,0.272
0.15,0.272
0.152,0.272
0.154,0.272
0.156,0.272
0.158,0.272
0.16,0.272
0.162,0.272
0.164,0.272
0.166,0.272
0.168,0.272
0.17,0.272
0.172,0.272
0.174,0.272
0.176,0.272
0.294,0.272
0.296,0.272
0.298,0.272
0.3,0.272
0.302,0.272
0.304,0.272
0.306,0.272
0.308,0.272
0.31,0.272
0.312,0.272
0.314,0.272
0.316,0.272
0.318,0.272
0.32,0.272
0.322,0.272
0.324,0.272
0.326,0.272
0.328,0.272
0.33,0.272
0.332,0.272
0.334,0.272
0.336,0.272
0.338,0.272
0.34,0.272
0.342,0.272
0.344,0.272
0.346,0.272
0.348,0.272
0.35,0.272
0.352,0.272
0.354,0.272
0.356,0.272
0.358,0.272
0.36,0.272
0.362,0.272
0.364,0.272
0.366,0.272
0.368,0.272
0.622,0.272
0.624,0.272
0.626,0.272
0.628,0.272
0.63,0.272
0.632,0.272
0.634,0.272
0.636,0.272
0.638,0.272
0.64,0.272
0.642,0.272
0.644,0.272
0.128,0.274
0.13,0.274
0.132,0.274
0.134,0.274
0.136,0.274
0.138,0.274
0.14,0.274
0.142,0.274
0.144,0.274
0.146,0.274
0.148,0.274
0.15,0.274
0.152,0.274
0.154,0.274
0.156,0.274
0.158,0.274
0.16,0.274
0.162,0.274
0.164,0.274
0.166,0.274
0.168,0.274
0.17,0.274
0.172,0.274
0.174,0.274
0.296,0.274
0.298,0.274
0.3,0.274
0.302,0.274
0.304,0.274
0.306,0.274
0.308,0.274
0.31,0.274
0.312,0.274
0.314,0.274
0.316,0.274
0.318,0.274
0.32,0.274
0.322,0.274
0.324,0.274
0.326,0.274
0.328,0.274
0.33,0.274
0.332,0.274
0.334,0.274
0.336,0.274
0.338,0.274
0.34,0.274
0.342,0.274
0.344,0.274
0.346,0.274
0.348,0.274
0.35,0.274
0.352,0.274
0.354,0.274
0.356,0.274
0.358,0.274
0.36,0.274
0.362,0.274
0.364,0.274
0.622,0.274
0.624,0.274
0.626,0.274
0.628,0.274
0.63,0.274
0.632,0.274
0.634,0.274
0.636,0.274
0.638,0.274
0.64,0.274
0.642,0.274
0.644,0.274
0.646,0.274
0.126,0.276
0.128,0.276
0.13,0.276
0.132,0.276
0.134,0.276
0.136,0.276
0.138,0.276
0.14,0.276
0.142,0.276
0.144,0.276
0.146,0.276
0.148,0.276
0.15,0.276
0.152,0.276
0.154,0.276
0.156,0.276
0.158,0.276
0.16,0.276
0.162,0.276
0.164,0.276
0.166,0.276
0.168,0.276
0.3,0.276
0.302,0.276
0.304,0.276
0.306,0.276
0.308,0.276
0.31,0.276
0.312,0.276
0.314,0.276
0.316,0.276
0.318,0.276
0.32,0.276
0.322,0.276
0.324,0.276
0.326,0.276
0.328,0.276
0.33,0.276
0.332,0.276
0.334,0.276
0.336,0.276
0.338,0.276
0.34,0.276
0.342,0.276
0.344,0.276
0.346,0.276
0.348,0.276
0.35,0.276
0.352,0.276
0.354,0.276
0.356,0.276
0.358,0.276
0.624,0.276
0.626,0.276
0.628,0.276
0.63,0.276
0.632,0.276
0.634,0.276
0.636,0.276
0.638,0.276
0.64,0.276
0.642,0.276
0.644,0.276
0.646,0.276
0.122,0.278
0.124,0.278
0.126,0.278
0.128,0.278
0.13,0.278
0.132,0.278
0.134,0.278
0.136,0.278
0.138,0.278
0.14,0.278
0.142,0.278
0.144,0.278
0.146,0.278
0.148,0.278
0.15,0.278
0.152,0.278
0.154,0.278
0.156,0.278
0.158,0.278
0.16,0.278
0.162,0.278
0.164,0.278
0.166,0.278
0.302,0.278
0.304,0.278
0.306,0.278
0.308,0.278
0.31,0.278
0.312,0.278
0.314,0.278
0.316,0.278
0.318,0.278
0.32,0.278
0.322,0.278
0.324,0.278
0.326,0.278
0.328,0.278
0.33,0.278
0.332,0.278
0.334,0.278
0.336,0.278
0.338,0.278
0.34,0.278
0.342,0.278
0.344,0.278
0.346,0.278
0.348,0.278
0.35,0.278
0.352,0.278
0.354,0.278
0.624,0.278
0.626,0.278
0.628,0.278
0.63,0.278
0.632,0.278
0.634,0.278
0.636,0.278
0.638,0.278
0.64,0.278
0.642,0.278
0.644,0.278
0.646,0.278
0.648,0.278
0.12,0.28
0.122,0.28
0.124,0.28
0.126,0.28
0.128,0.28
0.13,0.28
0.132,0.28
0.134,0.28
0.136,0.28
0.138,0.28
0.14,0.28
0.142,0.28
0.144,0.28
0.146,0.28
0.148,0.28
0.15,0.28
0.152,0.28
0.154,0.28
0.156,0.28
0.158,0.28
0.16,0.28
0.162,0.28
0.164,0.28
0.312,0.28
0.314,0.28
0.316,0.28
0.318,0.28
0.32,0.28
0.322,0.28
0.324,0.28
0.326,0.28
0.328,0.28
0.33,0.28
0.332,0.28
0.334,0.28
0.336,0.28
0.338,0.28
0.34,0.28
0.342,0.28
0.344,0.28
0.346,0.28
0.348,0.28
0.35,0.28
0.626,0.28
0.628,0.28
0.63,0.28
0.632,0.28
0.634,0.28
0.636,0.28
0.638,0.28
0.64,0.28
0.642,0.28
0.644,0.28
0.646,0.28
0.648,0.28
0.118,0.282
0.12,0.282
0.122,0.282
0.124,0.282
0.126,0.282
0.128,0.282
0.13,0.282
0.132,0.282
0.134,0.282
0.136,0.282
0.138,0.282
0.14,0.282
0.142,0.282
0.144,0.282
0.146,0.282
0.148,0.282
0.15,0.282
0.152,0.282
0.154,0.282
0.156,0.282
0.158,0.282
0.16,0.282
0.316,0.282
0.318,0.282
0.32,0.282
0.322,0.282
0.324,0.282
0.326,0.282
0.626,0.282
0.628,0.282
0.63,0.282
0.632,0.282
0.634,0.282
0.636,0.282
0.638,0.282
0.64,0.282
0.642,0.282
0.644,0.282
0.646,0.282
0.648,0.282
0.65,0.282
0.116,0.284
0.118,0.284
0.12,0.284
0.122,0.284
0.124,0.284
0.126,0.284
0.128,0.284
0.13,0.284
0.132,0.284
0.134,0.284
0.136,0.284
0.138,0.284
0.14,0.284
0.142,0.284
0.144,0.284
0.146,0.284
0.148,0.284
0.15,0.284
0.152,0.284
0.154,0.284
0.156,0.284
0.158,0.284
0.626,0.284
0.628,0.284
0.63,0.284
0.632,0.284
0.634,0.284
0.636,0.284
0.638,0.284
0.64,0.284
0.642,0.284
0.644,0.284
0.646,0.284
0.648,0.284
0.65,0.284
0.114,0.286
0.116,0.286
0.118,0.286
0.12,0.286
0.122,0.286
0.124,0.286
0.126,0.286
0.128,0.286
0.13,0.286
0.132,0.286
0.134,0.286
0.136,0.286
0.138,0.286
0.14,0.286
0.142,0.286
0.144,0.286
0.146,0.286
0.148,0.286
0.15,0.286
0.152,0.286
0.154,0.286
0.628,0.286
0.63,0.286
0.632,0.286
0.634,0.286
0.636,0.286
0.638,0.286
0.64,0.286
0.642,0.286
0.644,0.286
0.646,0.286
0.648,0.286
0.65,0.286
0.652,0.286
0.108,0.288
0.11,0.288
0.112,0.288
0.114,0.288
0.116,0.288
0.118,0.288
0.12,0.288
0.122,0.288
0.124,0.288
0.126,0.288
0.128,0.288
0.13,0.288
0.132,0.288
0.134,0.288
0.136,0.288
0.138,0.288
0.14,0.288
0.142,0.288
0.144,0.288
0.146,0.288
0.148,0.288
0.15,0.288
0.152,0.288
0.628,0.288
0.63,0.288
0.632,0.288
0.634,0.288
0.636,0.288
0.638,0.288
0.64,0.288
0.642,0.288
0.644,0.288
0.646,0.288
0.648,0.288
0.65,0.288
0.652,0.288
0.102,0.29
0.104,0.29
0.106,0.29
0.108,0.29
0.11,0.29
0.112,0.29
0.114,0.29
0.116,0.29
0.118,0.29
0.12,0.29
0.122,0.29
0.124,0.29
0.126,0.29
0.128,0.29
0.13,0.29
0.132,0.29
0.134,0.29
0.136,0.29
0.138,0.29
0.14,0.29
0.142,0.29
0.144,0.29
0.146,0.29
0.148,0.29
0.63,0.29
0.632,0.29
0.634,0.29
0.636,0.29
0.638,0.29
0.64,0.29
0.642,0.29
0.644,0.29
0.646,0.29
0.648,0.29
0.65,0.29
0.652,0.29
0.1,0.292
0.102,0.292
0.104,0.292
0.106,0.292
0.108,0.292
0.11,0.292
0.112,0.292
0.114,0.292
0.116,0.292
0.118,0.292
0.12,0.292
0.122,0.292
0.124,0.292
0.126,0.292
0.128,0.292
0.13,0.292
0.132,0.292
0.134,0.292
0.136,0.292
0.138,0.292
0.14,0.292
0.142,0.292
0.63,0.292
0.632,0.292
0.634,0.292
0.636,0.292
0.638,0.292
0.64,0.292
0.642,0.292
0.644,0.292
0.646,0.292
0.648,0.292
0.65,0.292
0.652,0.292
0.654,0.292
0.094,0.294
0.096,0.294
0.098,0.294
0.1,0.294
0.102,0.294
0.104,0.294
0.106,0.294
0.108,0.294
0.11,0.294
0.112,0.294
0.114,0.294
0.116,0.294
0.118,0.294
0.12,0.294
0.122,0.294
0.124,0.294
0.126,0.294
0.128,0.294
0.13,0.294
0.132,0.294
0.134,0.294
0.136,0.294
0.138,0.294
0.14,0.294
0.632,0.294
0.634,0.294
0.636,0.294
0.638,0.294
0.64,0.294
0.642,0.294
0.644,0.294
0.646,0.294
0.648,0.294
0.65,0.294
0.652,0.294
0.654,0.294
0.076,0.296
0.078,0.296
0.08,0.296
0.082,0.296
0.084,0.296
0.086,0.296
0.088,0.296
0.09,0.296
0.092,0.296
0.094,0.296
0.096,0.296
0.098,0.296
0.1,0.296
0.102,0.296
0.104,0.296
0.106,0.296
0.108,0.296
0.11,0.296
0.112,0.296
0.114,0.296
0.116,0.296
0.118,0.296
0.12,0.296
0.122,0.296
0.124,0.296
0.126,0.296
0.128,0.296
0.13,0.296
0.132,0.296
0.134,0.296
0.136,0.296
0.138,0.296
0.632,0.296
0.634,0.296
0.636,0.296
0.638,0.296
0.64,0.296
0.642,0.296
0.644,0.296
0.646,0.296
0.648,0.296
0.65,0.296
0.652,0.296
0.654,0.296
0.656,0.296
0.074,0.298
0.076,0.298
0.078,0.298
0.08,0.298
0.082,0.298
0.084,0.298
0.086,0.298
0.088,0.298
0.09,0.298
0.092,0.298
0.094,0.298
0.096,0.298
0.098,0.298
0.1,0.298
0.102,0.298
0.104,0.298
0.106,0.298
0.108,0.298
0.11,0.298
0.112,0.298
0.114,0.298
0.116,0.298
0.118,0.298
0.12,0.298
0.122,0.298
0.124,0.298
0.126,0.298
0.128,0.298
0.13,0.298
0.132,0.298
0.134,0.298
0.634,0.298
0.636,0.298
0.638,0.298
0.64,0.298
0.642,0.298
0.644,0.298
0.646,0.298
0.648,0.298
0.65,0.298
0.652,0.298
0.654,0.298
0.656,0.298
0.072,0.3
0.074,0.3
0.076,0.3
0.078,0.3
0.08,0.3
0.082,0.3
0.084,0.3
0.086,0.3
0.088,0.3
0.09,0.3
0.092,0.3
0.094,0.3
0.096,0.3
0.098,0.3
0.1,0.3
0.102,0.3
0.104,0.3
0.106,0.3
0.108,0.3
0.11,0.3
0.112,0.3
0.114,0.3
0.116,0.3
0.118,0.3
0.12,0.3
0.122,0.3
0.124,0.3
0.126,0.3
0.128,0.3
0.13,0.3
0.132,0.3
0.634,0.3
0.636,0.3
0.638,0.3
0.64,0.3
0.642,0.3
0.644,0.3
0.646,0.3
0.648,0.3
0.65,0.3
0.652,0.3
0.654,0.3
0.656,0.3
0.07,0.302
0.072,0.302
0.074,0.302
0.076,0.302
0.078,0.302
0.08,0.302
0.082,0.302
0.084,0.302
0.086,0.302
0.088,0.302
0.09,0.302
0.092,0.302
0.094,0.302
0.096,0.302
0.098,0.302
0.1,0.302
0.102,0.302
0.104,0.302
0.106,0.302
0.108,0.302
0.11,0.302
0.112,0.302
0.114,0.302
0.116,0.302
0.118,0.302
0.12,0.302
0.122,0.302
0.124,0.302
0.126,0.302
0.128,0.302
0.13,0.302
0.636,0.302
0.638,0.302
0.64,0.302
0.642,0.302
0.644,0.302
0.646,0.302
0.648,0.302
0.65,0.302
0.652,0.302
0.654,0.302
0.656,0.302
0.068,0.304
0.07,0.304
0.072,0.304
0.074,0.304
0.076,0.304
0.078,0.304
0.08,0.304
0.082,0.304
0.084,0.304
0.086,0.304
0.088,0.304
0.09,0.304
0.092,0.304
0.094,0.304
0.096,0.304
0.098,0.304
0.1,0.304
0.102,0.304
0.104,0.304
0.106,0.304
0.108,0.304
0.11,0.304
0.112,0.304
0.114,0.304
0.116,0.304
0.118,0.304
0.12,0.304
0.122,0.304
0.124,0.304
0.126,0.304
0.128,0.304
0.636,0.304
0.638,0.304
0.64,0.304
0.642,0.304
0.644,0.304
0.646,0.304
0.648,0.304
0.65,0.304
0.652,0.304
0.654,0.304
0.656,0.304
0.658,0.304
0.066,0.306
0.068,0.306
0.07,0.306
0.072,0.306
0.074,0.306
0.076,0.306
0.078,0.306
0.08,0.306
0.082,0.306
0.084,0.306
0.086,0.306
0.088,0.306
0.09,0.306
0.092,0.306
0.094,0.306
0.096,0.306
0.098,0.306
0.1,0.306
0.102,0.306
0.104,0.306
0.106,0.306
0.108,0.306
0.11,0.306
0.112,0.306
0.114,0.306
0.116,0.306
0.118,0.306
0.12,0.306
0.122,0.306
0.124,0.306
0.126,0.306
0.636,0.306
0.638,0.306
0.64,0.306
0.642,0.306
0.644,0.306
0.646,0.306
0.648,0.306
0.65,0.306
0.652,0.306
0.654,0.306
0.656,0.306
0.658,0.306
0.064,0.308
0.066,0.308
0.068,0.308
0.07,0.308
0.072,0.308
0.074,0.308
0.076,0.308
0.078,0.308
0.08,0.308
0.082,0.308
0.084,0.308
0.086,0.308
0.088,0.308
0.09,0.308
0.092,0.308
0.094,0.308
0.096,0.308
0.098,0.308
0.1,0.308
0.102,0.308
0.104,0.308
0.106,0.308
0.108,0.308
0.11,0.308
0.112,0.308
0.114,0.308
0.116,0.308
0.118,0.308
0.638,0.308
0.64,0.308
0.642,0.308
0.644,0.308
0.646,0.308
0.648,0.308
0.65,0.308
0.652,0.308
0.654,0.308
0.656,0.308
0.658,0.308
0.058,0.31
0.06,0.31
0.062,0.31
0.064,0.31
0.066,0.31
0.068,0.31
0.07,0.31
0.072,0.31
0.074,0.31
0.076,0.31
0.078,0.31
0.08,0.31
0.082,0.31
0.084,0.31
0.086,0.31
0.088,0.31
0.09,0.31
0.092,0.31
0.094,0.31
0.096,0.31
0.098,0.31
0.1,0.31
0.102,0.31
0.104,0.31
0.106,0.31
0.108,0.31
0.11,0.31
0.112,0.31
0.114,0.31
0.638,0.31
0.64,0.31
0.642,0.31
0.644,0.31
0.646,0.31
0.648,0.31
0.65,0.31
0.652,0.31
0.654,0.31
0.656,0.31
0.658,0.31
0.66,0.31
0.056,0.312
0.058,0.312
0.06,0.312
0.062,0.312
0.064,0.312
0.066,0.312
0.068,0.312
0.07,0.312
0.072,0.312
0.074,0.312
0.076,0.312
0.078,0.312
0.08,0.312
0.082,0.312
0.084,0.312
0.086,0.312
0.088,0.312
0.09,0.312
0.092,0.312
0.094,0.312
0.096,0.312
0.098,0.312
0.1,0.312
0.102,0.312
0.104,0.312
0.106,0.312
0.108,0.312
0.11,0.312
0.112,0.312
0.638,0.312
0.64,0.312
0.642,0.312
0.644,0.312
0.646,0.312
0.648,0.312
0.65,0.312
0.652,0.312
0.654,0.312
0.656,0.312
0.658,0.312
0.66,0.312
0.054,0.314
0.056,0.314
0.058,0.314
0.06,0.314
0.062,0.314
0.064,0.314
0.066,0.314
0.068,0.314
0.07,0.314
0.072,0.314
0.074,0.314
0.076,0.314
0.078,0.314
0.08,0.314
0.082,0.314
0.084,0.314
0.086,0.314
0.088,0.314
0.09,0.314
0.092,0.314
0.094,0.314
0.096,0.314
0.098,0.314
0.1,0.314
0.102,0.314
0.104,0.314
0.64,0.314
0.642,0.314
0.644,0.314
0.646,0.314
0.648,0.314
0.65,0.314
0.652,0.314
0.654,0.314
0.656,0.314
0.658,0.314
0.66,0.314
0.662,0.314
0.052,0.316
0.054,0.316
0.056,0.316
0.058,0.316
0.06,0.316
0.062,0.316
0.064,0.316
0.066,0.316
0.068,0.316
0.07,0.316
0.072,0.316
0.074,0.316
0.076,0.316
0.078,0.316
0.08,0.316
0.082,0.316
0.084,0.316
0.086,0.316
0.64,0.316
0.642,0.316
0.644,0.316
0.646,0.316
0.648,0.316
0.65,0.316
0.652,0.316
0.654,0.316
0.656,0.316
0.658,0.316
0.66,0.316
0.662,0.316
0.05,0.318
0.052,0.318
0.054,0.318
0.056,0.318
0.058,0.318
0.06,0.318
0.062,0.318
0.064,0.318
0.066,0.318
0.068,0.318
0.07,0.318
0.072,0.318
0.074,0.318
0.076,0.318
0.078,0.318
0.08,0.318
0.082,0.318
0.084,0.318
0.64,0.318
0.642,0.318
0.644,0.318
0.646,0.318
0.648,0.318
0.65,0.318
0.652,0.318
0.654,0.318
0.656,0.318
0.658,0.318
0.66,0.318
0.662,0.318
0.664,0.318
0.05,0.32
0.052,0.32
0.054,0.32
0.056,0.32
0.058,0.32
0.06,0.32
0.062,0.32
0.064,0.32
0.066,0.32
0.068,0.32
0.07,0.32
0.072,0.32
0.074,0.32
0.076,0.32
0.078,0.32
0.08,0.32
0.082,0.32
0.642,0.32
0.644,0.32
0.646,0.32
0.648,0.32
0.65,0.32
0.652,0.32
0.654,0.32
0.656,0.32
0.658,0.32
0.66,0.32
0.662,0.32
0.664,0.32
0.05,0.322
0.052,0.322
0.054,0.322
0.056,0.322
0.058,0.322
0.06,0.322
0.062,0.322
0.064,0.322
0.066,0.322
0.068,0.322
0.07,0.322
0.072,0.322
0.074,0.322
0.076,0.322
0.078,0.322
0.08,0.322
0.642,0.322
0.644,0.322
0.646,0.322
0.648,0.322
0.65,0.322
0.652,0.322
0.654,0.322
0.656,0.322
0.658,0.322
0.66,0.322
0.662,0.322
0.664,0.322
0.666,0.322
0.05,0.324
0.052,0.324
0.054,0.324
0.056,0.324
0.058,0.324
0.06,0.324
0.062,0.324
0.064,0.324
0.066,0.324
0.068,0.324
0.07,0.324
0.072,0.324
0.074,0.324
0.076,0.324
0.078,0.324
0.644,0.324
0.646,0.324
0.648,0.324
0.65,0.324
0.652,0.324
0.654,0.324
0.656,0.324
0.658,0.324
0.66,0.324
0.662,0.324
0.664,0.324
0.666,0.324
0.05,0.326
0.052,0.326
0.054,0.326
0.056,0.326
0.058,0.326
0.06,0.326
0.062,0.326
0.064,0.326
0.066,0.326
0.068,0.326
0.07,0.326
0.072,0.326
0.074,0.326
0.644,0.326
0.646,0.326
0.648,0.326
0.65,0.326
0.652,0.326
0.654,0.326
0.656,0.326
0.658,0.326
0.66,0.326
0.662,0.326
0.664,0.326
0.666,0.326
0.668,0.326
0.05,0.328
0.052,0.328
0.054,0.328
0.056,0.328
0.058,0.328
0.06,0.328
0.062,0.328
0.064,0.328
0.066,0.328
0.068,0.328
0.07,0.328
0.072,0.328
0.646,0.328
0.648,0.328
0.65,0.328
0.652,0.328
0.654,0.328
0.656,0.328
0.658,0.328
0.66,0.328
0.662,0.328
0.664,0.328
0.666,0.328
0.668,0.328
0.05,0.33
0.052,0.33
0.054,0.33
0.056,0.33
0.058,0.33
0.06,0.33
0.062,0.33
0.064,0.33
0.066,0.33
0.068,0.33
0.07,0.33
0.072,0.33
0.564,0.33
0.566,0.33
0.646,0.33
0.648,0.33
0.65,0.33
0.652,0.33
0.654,0.33
0.656,0.33
0.658,0.33
0.66,0.33
0.662,0.33
0.664,0.33
0.666,0.33
0.668,0.33
0.67,0.33
0.046,0.332
0.048,0.332
0.05,0.332
0.052,0.332
0.054,0.332
0.056,0.332
0.058,0.332
0.06,0.332
0.062,0.332
0.064,0.332
0.066,0.332
0.068,0.332
0.07,0.332
0.072,0.332
0.558,0.332
0.56,0.332
0.562,0.332
0.564,0.332
0.566,0.332
0.568,0.332
0.57,0.332
0.646,0.332
0.648,0.332
0.65,0.332
0.652,0.332
0.654,0.332
0.656,0.332
0.658,0.332
0.66,0.332
0.662,0.332
0.664,0.332
0.666,0.332
0.668,0.332
0.67,0.332
0.044,0.334
0.046,0.334
0.048,0.334
0.05,0.334
0.052,0.334
0.054,0.334
0.056,0.334
0.058,0.334
0.06,0.334
0.062,0.334
0.064,0.334
0.066,0.334
0.068,0.334
0.07,0.334
0.072,0.334
0.074,0.334
0.474,0.334
0.476,0.334
0.478,0.334
0.48,0.334
0.482,0.334
0.484,0.334
0.556,0.334
0.558,0.334
0.56,0.334
0.562,0.334
0.564,0.334
0.566,0.334
0.568,0.334
0.57,0.334
0.572,0.334
0.648,0.334
0.65,0.334
0.652,0.334
0.654,0.334
0.656,0.334
0.658,0.334
0.66,0.334
0.662,0.334
0.664,0.334
0.666,0.334
0.668,0.334
0.67,0.334
0.672,0.334
0.042,0.336
0.044,0.336
0.046,0.336
0.048,0.336
0.05,0.336
0.052,0.336
0.054,0.336
0.056,0.336
0.058,0.336
0.06,0.336
0.062,0.336
0.064,0.336
0.066,0.336
0.068,0.336
0.07,0.336
0.072,0.336
0.074,0.336
0.472,0.336
0.474,0.336
0.476,0.336
0.478,0.336
0.48,0.336
0.482,0.336
0.484,0.336
0.486,0.336
0.554,0.336
0.556,0.336
0.558,0.336
0.56,0.336
0.562,0.336
0.564,0.336
0.566,0.336
0.568,0.336
0.57,0.336
0.572,0.336
0.574,0.336
0.65,0.336
0.652,0.336
0.654,0.336
0.656,0.336
0.658,0.336
0.66,0.336
0.662,0.336
0.664,0.336
0.666,0.336
0.668,0.336
0.67,0.336
0.672,0.336
0.04,0.338
0.042,0.338
0.044,0.338
0.046,0.338
0.048,0.338
0.05,0.338
0.052,0.338
0.054,0.338
0.056,0.338
0.058,0.338
0.06,0.338
0.062,0.338
0.064,0.338
0.066,0.338
0.068,0.338
0.07,0.338
0.072,0.338
0.074,0.338
0.47,0.338
0.472,0.338
0.474,0.338
0.476,0.338
0.478,0.338
0.48,0.338
0.482,0.338
0.484,0.338
0.486,0.338
0.488,0.338
0.554,0.338
0.556,0.338
0.558,0.338
0.56,0.338
0.562,0.338
0.564,0.338
0.566,0.338
0.568,0.338
0.57,0.338
0.572,0.338
0.574,0.338
0.576,0.338
0.65,0.338
0.652,0.338
0.654,0.338
0.656,0.338
0.658,0.338
0.66,0.338
0.662,0.338
0.664,0.338
0.666,0.338
0.668,0.338
0.67,0.338
0.672,0.338
0.674,0.338
0.038,0.34
0.04,0.34
0.042,0.34
0.044,0.34
0.046,0.34
0.048,0.34
0.05,0.34
0.052,0.34
0.054,0.34
0.056,0.34
0.058,0.34
0.06,0.34
0.062,0.34
0.064,0.34
0.066,0.34
0.068,0.34
0.07,0.34
0.072,0.34
0.074,0.34
0.468,0.34
0.47,0.34
0.472,0.34
0.474,0.34
0.476,0.34
0.478,0.34
0.48,0.34
0.482,0.34
0.484,0.34
0.486,0.34
0.488,0.34
0.554,0.34
0.556,0.34
0.558,0.34
0.56,0.34
0.562,0.34
0.564,0.34
0.566,0.34
0.568,0.34
0.57,0.34
0.572,0.34
0.574,0.34
0.576,0.34
0.578,0.34
0.652,0.34
0.654,0.34
0.656,0.34
0.658,0.34
0.66,0.34
0.662,0.34
0.664,0.34
0.666,0.34
0.668,0.34
0.67,0.34
0.672,0.34
0.674,0.34
0.036,0.342
0.038,0.342
0.04,0.342
0.042,0.342
0.044,0.342
0.046,0.342
0.048,0.342
0.05,0.342
0.052,0.342
0.054,0.342
0.056,0.342
0.058,0.342
0.06,0.342
0.062,0.342
0.064,0.342
0.066,0.342
0.068,0.342
0.07,0.342
0.072,0.342
0.074,0.342
0.468,0.342
0.47,0.342
0.472,0.342
0.474,0.342
0.476,0.342
0.478,0.342
0.48,0.342
0.482,0.342
0.484,0.342
0.486,0.342
0.488,0.342
0.554,0.342
0.556,0.342
0.558,0.342
0.56,0.342
0.562,0.342
0.564,0.342
0.566,0.342
0.568,0.342
0.57,0.342
0.572,0.342
0.574,0.342
0.576,0.342
0.578,0.342
0.652,0.342
0.654,0.342
0.656,0.342
0.658,0.342
0.66,0.342
0.662,0.342
0.664,0.342
0.666,0.342
0.668,0.342
0.67,0.342
0.672,0.342
0.674,0.342
0.034,0.344
0.036,0.344
0.038,0.344
0.04,0.344
0.042,0.344
0.044,0.344
0.046,0.344
0.048,0.344
0.05,0.344
0.052,0.344
0.054,0.344
0.056,0.344
0.058,0.344
0.06,0.344
0.062,0.344
0.064,0.344
0.066,0.344
0.068,0.344
0.07,0.344
0.072,0.344
0.074,0.344
0.468,0.344
0.47,0.344
0.472,0.344
0.474,0.344
0.476,0.344
0.478,0.344
0.48,0.344
0.482,0.344
0.484,0.344
0.486,0.344
0.488,0.344
0.554,0.344
0.556,0.344
0.558,0.344
0.56,0.344
0.562,0.344
0.564,0.344
0.566,0.344
0.568,0.344
0.57,0.344
0.572,0.344
0.574,0.344
0.576,0.344
0.578,0.344
0.58,0.344
0.654,0.344
0.656,0.344
0.658,0.344
0.66,0.344
0.662,0.344
0.664,0.344
0.666,0.344
0.668,0.344
0.67,0.344
0.672,0.344
0.674,0.344
0.676,0.344
0.032,0.346
0.034,0.346
0.036,0.346
0.038,0.346
0.04,0.346
0.042,0.346
0.044,0.346
0.046,0.346
0.048,0.346
0.05,0.346
0.052,0.346
0.054,0.346
0.056,0.346
0.058,0.346
0.06,0.346
0.062,0.346
0.064,0.346
0.066,0.346
0.068,0.346
0.07,0.346
0.072,0.346
0.468,0.346
0.47,0.346
0.472,0.346
0.474,0.346
0.476,0.346
0.478,0.346
0.48,0.346
0.482,0.346
0.484,0.346
0.486,0.346
0.488,0.346
0.554,0.346
0.556,0.346
0.558,0.346
0.56,0.346
0.562,0.346
0.564,0.346
0.566,0.346
0.568,0.346
0.57,0.346
0.572,0.346
0.574,0.346
0.576,0.346
0.578,0.346
0.58,0.346
0.582,0.346
0.654,0.346
0.656,0.346
0.658,0.346
0.66,0.346
0.662,0.346
0.664,0.346
0.666,0.346
0.668,0.346
0.67,0.346
0.672,0.346
0.674,0.346
0.676,0.346
0.032,0.348
0.034,0.348
0.036,0.348
0.038,0.348
0.04,0.348
0.042,0.348
0.044,0.348
0.046,0.348
0.048,0.348
0.05,0.348
0.052,0.348
0.054,0.348
0.056,0.348
0.058,0.348
0.06,0.348
0.062,0.348
0.064,0.348
0.066,0.348
0.068,0.348
0.07,0.348
0.468,0.348
0.47,0.348
0.472,0.348
0.474,0.348
0.476,0.348
0.478,0.348
0.48,0.348
0.482,0.348
0.484,0.348
0.486,0.348
0.488,0.348
0.556,0.348
0.558,0.348
0.56,0.348
0.562,0.348
0.564,0.348
0.566,0.348
0.568,0.348
0.57,0.348
0.572,0.348
0.574,0.348
0.576,0.348
0.578,0.348
0.58,0.348
0.582,0.348
0.584,0.348
0.656,0.348
0.658,0.348
0.66,0.348
0.662,0.348
0.664,0.348
0.666,0.348
0.668,0.348
0.67,0.348
0.672,0.348
0.674,0.348
0.676,0.348
0.678,0.348
0.03,0.35
0.032,0.35
0.034,0.35
0.036,0.35
0.038,0.35
0.04,0.35
0.042,0.35
0.044,0.35
0.046,0.35
0.048,0.35
0.05,0.35
0.052,0.35
0.054,0.35
0.056,0.35
0.058,0.35
0.06,0.35
0.468,0.35
0.47,0.35
0.472,0.35
0.474,0.35
0.476,0.35
0.478,0.35
0.48,0.35
0.482,0.35
0.484,0.35
0.486,0.35
0.558,0.35
0.56,0.35
0.562,0.35
0.564,0.35
0.566,0.35
0.568,0.35
0.57,0.35
0.572,0.35
0.574,0.35
0.576,0.35
0.578,0.35
0.58,0.35
0.582,0.35
0.584,0.35
0.586,0.35
0.656,0.35
0.658,0.35
0.66,0.35
0.662,0.35
0.664,0.35
0.666,0.35
0.668,0.35
0.67,0.35
0.672,0.35
0.674,0.35
0.676,0.35
0.678,0.35
0.028,0.352
0.03,0.352
0.032,0.352
0.034,0.352
0.036,0.352
0.038,0.352
0.04,0.352
0.042,0.352
0.044,0.352
0.046,0.352
0.048,0.352
0.05,0.352
0.052,0.352
0.054,0.352
0.056,0.352
0.468,0.352
0.47,0.352
0.472,0.352
0.474,0.352
0.476,0.352
0.478,0.352
0.48,0.352
0.482,0.352
0.484,0.352
0.486,0.352
0.56,0.352
0.562,0.352
0.564,0.352
0.566,0.352
0.568,0.352
0.57,0.352
0.572,0.352
0.574,0.352
0.576,0.352
0.578,0.352
0.58,0.352
0.582,0.352
0.584,0.352
0.586,0.352
0.588,0.352
0.656,0.352
0.658,0.352
0.66,0.352
0.662,0.352
0.664,0.352
0.666,0.352
0.668,0.352
0.67,0.352
0.672,0.352
0.674,0.352
0.676,0.352
0.678,0.352
0.68,0.352
0.028,0.354
0.03,0.354
0.032,0.354
0.034,0.354
0.036,0.354
0.038,0.354
0.04,0.354
0.042,0.354
0.044,0.354
0.046,0.354
0.048,0.354
0.05,0.354
0.052,0.354
0.054,0.354
0.468,0.354
0.47,0.354
0.472,0.354
0.474,0.354
0.476,0.354
0.478,0.354
0.48,0.354
0.482,0.354
0.484,0.354
0.486,0.354
0.562,0.354
0.564,0.354
0.566,0.354
0.568,0.354
0.57,0.354
0.572,0.354
0.574,0.354
0.576,0.354
0.578,0.354
0.58,0.354
0.582,0.354
0.584,0.354
0.586,0.354
0.588,0.354
0.658,0.354
0.66,0.354
0.662,0.354
0.664,0.354
0.666,0.354
0.668,0.354
0.67,0.354
0.672,0.354
0.674,0.354
0.676,0.354
0.678,0.354
0.68,0.354
0.026,0.356
0.028,0.356
0.03,0.356
0.032,0.356
0.034,0.356
0.036,0.356
0.038,0.356
0.04,0.356
0.042,0.356
0.044,0.356
0.046,0.356
0.048,0.356
0.05,0.356
0.052,0.356
0.468,0.356
0.47,0.356
0.472,0.356
0.474,0.356
0.476,0.356
0.478,0.356
0.48,0.356
0.482,0.356
0.484,0.356
0.486,0.356
0.564,0.356
0.566,0.356
0.568,0.356
0.57,0.356
0.572,0.356
0.574,0.356
0.576,0.356
0.578,0.356
0.58,0.356
0.582,0.356
0.584,0.356
0.586,0.356
0.588,0.356
0.59,0.356
0.658,0.356
0.66,0.356
0.662,0.356
0.664,0.356
0.666,0.356
0.668,0.356
0.67,0.356
0.672,0.356
0.674,0.356
0.676,0.356
0.678,0.356
0.68,0.356
0.682,0.356
0.024,0.358
0.026,0.358
0.028,0.358
0.03,0.358
0.032,0.358
0.034,0.358
0.036,0.358
0.038,0.358
0.04,0.358
0.042,0.358
0.044,0.358
0.046,0.358
0.048,0.358
0.05,0.358
0.468,0.358
0.47,0.358
0.472,0.358
0.474,0.358
0.476,0.358
0.478,0.358
0.48,0.358
0.482,0.358
0.484,0.358
0.486,0.358
0.564,0.358
0.566,0.358
0.568,0.358
0.57,0.358
0.572,0.358
0.574,0.358
0.576,0.358
0.578,0.358
0.58,0.358
0.582,0.358
0.584,0.358
0.586,0.358
0.588,0.358
0.59,0.358
0.66,0.358
0.662,0.358
0.664,0.358
0.666,0.358
0.668,0.358
0.67,0.358
0.672,0.358
0.674,0.358
0.676,0.358
0.678,0.358
0.68,0.358
0.682,0.358
0.024,0.36
0.026,0.36
0.028,0.36
0.03,0.36
0.032,0.36
0.034,0.36
0.036,0.36
0.038,0.36
0.04,0.36
0.042,0.36
0.044,0.36
0.046,0.36
0.048,0.36
0.468,0.36
0.47,0.36
0.472,0.36
0.474,0.36
0.476,0.36
0.478,0.36
0.48,0.36
0.482,0.36
0.484,0.36
0.486,0.36
0.566,0.36
0.568,0.36
0.57,0.36
0.572,0.36
0.574,0.36
0.576,0.36
0.578,0.36
0.58,0.36
0.582,0.36
0.584,0.36
0.586,0.36
0.588,0.36
0.59,0.36
0.592,0.36
0.66,0.36
0.662,0.36
0.664,0.36
0.666,0.36
0.668,0.36
0.67,0.36
0.672,0.36
0.674,0.36
0.676,0.36
0.678,0.36
0.68,0.36
0.682,0.36
0.684,0.36
0.022,0.362
0.024,0.362
0.026,0.362
0.028,0.362
0.03,0.362
0.032,0.362
0.034,0.362
0.036,0.362
0.038,0.362
0.04,0.362
0.042,0.362
0.044,0.362
0.046,0.362
0.048,0.362
0.466,0.362
0.468,0.362
0.47,0.362
0.472,0.362
0.474,0.362
0.476,0.362
0.478,0.362
0.48,0.362
0.482,0.362
0.484,0.362
0.486,0.362
0.568,0.362
0.57,0.362
0.572,0.362
0.574,0.362
0.576,0.362
0.578,0.362
0.58,0.362
0.582,0.362
0.584,0.362
0.586,0.362
0.588,0.362
0.59,0.362
0.592,0.362
0.662,0.362
0.664,0.362
0.666,0.362
0.668,0.362
0.67,0.362
0.672,0.362
0.674,0.362
0.676,0.362
0.678,0.362
0.68,0.362
0.682,0.362
0.684,0.362
0.022,0.364
0.024,0.364
0.026,0.364
0.028,0.364
0.03,0.364
0.032,0.364
0.034,0.364
0.036,0.364
0.038,0.364
0.04,0.364
0.042,0.364
0.044,0.364
0.046,0.364
0.466,0.364
0.468,0.364
0.47,0.364
0.472,0.364
0.474,0.364
0.476,0.364
0.478,0.364
0.48,0.364
0.482,0.364
0.484,0.364
0.486,0.364
0.57,0.364
0.572,0.364
0.574,0.364
0.576,0.364
0.578,0.364
0.58,0.364
0.582,0.364
0.584,0.364
0.586,0.364
0.588,0.364
0.59,0.364
0.592,0.364
0.662,0.364
0.664,0.364
0.666,0.364
0.668,0.364
0.67,0.364
0.672,0.364
0.674,0.364
0.676,0.364
0.678,0.364
0.68,0.364
0.682,0.364
0.684,0.364
0.022,0.366
0.024,0.366
0.026,0.366
0.028,0.366
0.03,0.366
0.032,0.366
0.034,0.366
0.036,0.366
0.038,0.366
0.04,0.366
0.042,0.366
0.044,0.366
0.466,0.366
0.468,0.366
0.47,0.366
0.472,0.366
0.474,0.366
0.476,0.366
0.478,0.366
0.48,0.366
0.482,0.366
0.484,0.366
0.486,0.366
0.57,0.366
0.572,0.366
0.574,0.366
0.576,0.366
0.578,0.366
0.58,0.366
0.582,0.366
0.584,0.366
0.586,0.366
0.588,0.366
0.59,0.366
0.592,0.366
0.594,0.366
0.662,0.366
0.664,0.366
0.666,0.366
0.668,0.366
0.67,0.366
0.672,0.366
0.674,0.366
0.676,0.366
0.678,0.366
0.68,0.366
0.682,0.366
0.684,0.366
0.686,0.366
0.02,0.368
0.022,0.368
0.024,0.368
0.026,0.368
0.028,0.368
0.03,0.368
0.032,0.368
0.034,0.368
0.036,0.368
0.038,0.368
0.04,0.368
0.042,0.368
0.044,0.368
0.466,0.368
0.468,0.368
0.47,0.368
0.472,0.368
0.474,0.368
0.476,0.368
0.478,0.368
0.48,0.368
0.482,0.368
0.484,0.368
0.486,0.368
0.572,0.368
0.574,0.368
0.576,0.368
0.578,0.368
0.58,0.368
0.582,0.368
0.584,0.368
0.586,0.368
0.588,0.368
0.59,0.368
0.592,0.368
0.594,0.368
0.664,0.368
0.666,0.368
0.668,0.368
0.67,0.368
0.672,0.368
0.674,0.368
0.676,0.368
0.678,0.368
0.68,0.368
0.682,0.368
0.684,0.368
0.686,0.368
0.02,0.37
0.022,0.37
0.024,0.37
0.026,0.37
0.028,0.37
0.03,0.37
0.032,0.37
0.034,0.37
0.036,0.37
0.038,0.37
0.04,0.37
0.042,0.37
0.466,0.37
0.468,0.37
0.47,0.37
0.472,0.37
0.474,0.37
0.476,0.37
0.478,0.37
0.48,0.37
0.482,0.37
0.484,0.37
0.486,0.37
0.574,0.37
0.576,0.37
0.578,0.37
0.58,0.37
0.582,0.37
0.584,0.37
0.586,0.37
0.588,0.37
0.59,0.37
0.592,0.37
0.594,0.37
0.664,0.37
0.666,0.37
0.668,0.37
0.67,0.37
0.672,0.37
0.674,0.37
0.676,0.37
0.678,0.37
0.68,0.37
0.682,0.37
0.684,0.37
0.686,0.37
0.688,0.37
0.02,0.372
0.022,0.372
0.024,0.372
0.026,0.372
0.028,0.372
0.03,0.372
0.032,0.372
0.034,0.372
0.036,0.372
0.038,0.372
0.04,0.372
0.042,0.372
0.466,0.372
0.468,0.372
0.47,0.372
0.472,0.372
0.474,0.372
0.476,0.372
0.478,0.372
0.48,0.372
0.482,0.372
0.484,0.372
0.486,0.372
0.574,0.372
0.576,0.372
0.578,0.372
0.58,0.372
0.582,0.372
0.584,0.372
0.586,0.372
0.588,0.372
0.59,0.372
0.592,0.372
0.594,0.372
0.666,0.372
0.668,0.372
0.67,0.372
0.672,0.372
0.674,0.372
0.676,0.372
0.678,0.372
0.68,0.372
0.682,0.372
0.684,0.372
0.686,0.372
0.688,0.372
0.02,0.374
0.022,0.374
0.024,0.374
0.026,0.374
0.028,0.374
0.03,0.374
0.032,0.374
0.034,0.374
0.036,0.374
0.038,0.374
0.04,0.374
0.466,0.374
0.468,0.374
0.47,0.374
0.472,0.374
0.474,0.374
0.476,0.374
0.478,0.374
0.48,0.374
0.482,0.374
0.484,0.374
0.486,0.374
0.574,0.374
0.576,0.374
0.578,0.374
0.58,0.374
0.582,0.374
0.584,0.374
0.586,0.374
0.588,0.374
0.59,0.374
0.592,0.374
0.594,0.374
0.596,0.374
0.666,0.374
0.668,0.374
0.67,0.374
0.672,0.374
0.674,0.374
0.676,0.374
0.678,0.374
0.68,0.374
0.682,0.374
0.684,0.374
0.686,0.374
0.688,0.374
0.69,0.374
0.02,0.376
0.022,0.376
0.024,0.376
0.026,0.376
0.028,0.376
0.03,0.376
0.032,0.376
0.034,0.376
0.036,0.376
0.038,0.376
0.04,0.376
0.466,0.376
0.468,0.376
0.47,0.376
0.472,0.376
0.474,0.376
0.476,0.376
0.478,0.376
0.48,0.376
0.482,0.376
0.484,0.376
0.486,0.376
0.576,0.376
0.578,0.376
0.58,0.376
0.582,0.376
0.584,0.376
0.586,0.376
0.588,0.376
0.59,0.376
0.592,0.376
0.594,0.376
0.596,0.376
0.668,0.376
0.67,0.376
0.672,0.376
0.674,0.376
0.676,0.376
0.678,0.376
0.68,0.376
0.682,0.376
0.684,0.376
0.686,0.376
0.688,0.376
0.69,0.376
0.02,0.378
0.022,0.378
0.024,0.378
0.026,0.378
0.028,0.378
0.03,0.378
0.032,0.378
0.034,0.378
0.036,0.378
0.038,0.378
0.04,0.378
0.464,0.378
0.466,0.378
0.468,0.378
0.47,0.378
0.472,0.378
0.474,0.378
0.476,0.378
0.478,0.378
0.48,0.378
0.482,0.378
0.484,0.378
0.486,0.378
0.576,0.378
0.578,0.378
0.58,0.378
0.582,0.378
0.584,0.378
0.586,0.378
0.588,0.378
0.59,0.378
0.592,0.378
0.594,0.378
0.596,0.378
0.668,0.378
0.67,0.378
0.672,0.378
0.674,0.378
0.676,0.378
0.678,0.378
0.68,0.378
0.682,0.378
0.684,0.378
0.686,0.378
0.688,0.378
0.69,0.378
0.02,0.38
0.022,0.38
0.024,0.38
0.026,0.38
0.028,0.38
0.03,0.38
0.032,0.38
0.034,0.38
0.036,0.38
0.038,0.38
0.464,0.38
0.466,0.38
0.468,0.38
0.47,0.38
0.472,0.38
0.474,0.38
0.476,0.38
0.478,0.38
0.48,0.38
0.482,0.38
0.484,0.38
0.576,0.38
0.578,0.38
0.58,0.38
0.582,0.38
0.584,0.38
0.586,0.38
0.588,0.38
0.59,0.38
0.592,0.38
0.594,0.38
0.596,0.38
0.668,0.38
0.67,0.38
0.672,0.38
0.674,0.38
0.676,0.38
0.678,0.38
0.68,0.38
0.682,0.38
0.684,0.38
0.686,0.38
0.688,0.38
0.69,0.38
0.692,0.38
0.02,0.382
0.022,0.382
0.024,0.382
0.026,0.382
0.028,0.382
0.03,0.382
0.032,0.382
0.034,0.382
0.036,0.382
0.038,0.382
0.464,0.382
0.466,0.382
0.468,0.382
0.47,0.382
0.472,0.382
0.474,0.382
0.476,0.382
0.478,0.382
0.48,0.382
0.482,0.382
0.484,0.382
0.576,0.382
0.578,0.382
0.58,0.382
0.582,0.382
0.584,0.382
0.586,0.382
0.588,0.382
0.59,0.382
0.592,0.382
0.594,0.382
0.596,0.382
0.67,0.382
0.672,0.382
0.674,0.382
0.676,0.382
0.678,0.382
0.68,0.382
0.682,0.382
0.684,0.382
0.686,0.382
0.688,0.382
0.69,0.382
0.692,0.382
0.02,0.384
0.022,0.384
0.024,0.384
0.026,0.384
0.028,0.384
0.03,0.384
0.032,0.384
0.034,0.384
0.036,0.384
0.038,0.384
0.462,0.384
0.464,0.384
0.466,0.384
0.468,0.384
0.47,0.384
0.472,0.384
0.474,0.384
0.476,0.384
0.478,0.384
0.48,0.384
0.482,0.384
0.484,0.384
0.576,0.384
0.578,0.384
0.58,0.384
0.582,0.384
0.584,0.384
0.586,0.384
0.588,0.384
0.59,0.384
0.592,0.384
0.594,0.384
0.596,0.384
0.67,0.384
0.672,0.384
0.674,0.384
0.676,0.384
0.678,0.384
0.68,0.384
0.682,0.384
0.684,0.384
0.686,0.384
0.688,0.384
0.69,0.384
0.692,0.384
0.02,0.386
0.022,0.386
0.024,0.386
0.026,0.386
0.028,0.386
0.03,0.386
0.032,0.386
0.034,0.386
0.036,0.386
0.038,0.386
0.462,0.386
0.464,0.386
0.466,0.386
0.468,0.386
0.47,0.386
0.472,0.386
0.474,0.386
0.476,0.386
0.478,0.386
0.48,0.386
0.482,0.386
0.484,0.386
0.576,0.386
0.578,0.386
0.58,0.386
0.582,0.386
0.584,0.386
0.586,0.386
0.588,0.386
0.59,0.386
0.592,0.386
0.594,0.386
0.596,0.386
0.672,0.386
0.674,0.386
0.676,0.386
0.678,0.386
0.68,0.386
0.682,0.386
0.684,0.386
0.686,0.386
0.688,0.386
0.69,0.386
0.692,0.386
0.694,0.386
0.02,0.388
0.022,0.388
0.024,0.388
0.026,0.388
0.028,0.388
0.03,0.388
0.032,0.388
0.034,0.388
0.036,0.388
0.038,0.388
0.462,0.388
0.464,0.388
0.466,0.388
0.468,0.388
0.47,0.388
0.472,0.388
0.474,0.388
0.476,0.388
0.478,0.388
0.48,0.388
0.482,0.388
0.484,0.388
0.576,0.388
0.578,0.388
0.58,0.388
0.582,0.388
0.584,0.388
0.586,0.388
0.588,0.388
0.59,0.388
0.592,0.388
0.594,0.388
0.596,0.388
0.672,0.388
0.674,0.388
0.676,0.388
0.678,0.388
0.68,0.388
0.682,0.388
0.684,0.388
0.686,0.388
0.688,0.388
0.69,0.388
0.692,0.388
0.694,0.388
0.02,0.39
0.022,0.39
0.024,0.39
0.026,0.39
0.028,0.39
0.03,0.39
0.032,0.39
0.034,0.39
0.036,0.39
0.038,0.39
0.46,0.39
0.462,0.39
0.464,0.39
0.466,0.39
0.468,0.39
0.47,0.39
0.472,0.39
0.474,0.39
0.476,0.39
0.478,0.39
0.48,0.39
0.482,0.39
0.576,0.39
0.578,0.39
0.58,0.39
0.582,0.39
0.584,0.39
0.586,0.39
0.588,0.39
0.59,0.39
0.592,0.39
0.594,0.39
0.596,0.39
0.674,0.39
0.676,0.39
0.678,0.39
0.68,0.39
0.682,0.39
0.684,0.39
0.686,0.39
0.688,0.39
0.69,0.39
0.692,0.39
0.694,0.39
0.02,0.392
0.022,0.392
0.024,0.392
0.026,0.392
0.028,0.392
0.03,0.392
0.032,0.392
0.034,0.392
0.036,0.392
0.038,0.392
0.116,0.392
0.118,0.392
0.12,0.392
0.122,0.392
0.124,0.392
0.126,0.392
0.128,0.392
0.13,0.392
0.132,0.392
0.134,0.392
0.136,0.392
0.138,0.392
0.46,0.392
0.462,0.392
0.464,0.392
0.466,0.392
0.468,0.392
0.47,0.392
0.472,0.392
0.474,0.392
0.476,0.392
0.478,0.392
0.48,0.392
0.482,0.392
0.576,0.392
0.578,0.392
0.58,0.392
0.582,0.392
0.584,0.392
0.586,0.392
0.588,0.392
0.59,0.392
0.592,0.392
0.594,0.392
0.674,0.392
0.676,0.392
0.678,0.392
0.68,0.392
0.682,0.392
0.684,0.392
0.686,0.392
0.688,0.392
0.69,0.392
0.692,0.392
0.694,0.392
0.696,0.392
0.02,0.394
0.022,0.394
0.024,0.394
0.026,0.394
0.028,0.394
0.03,0.394
0.032,0.394
0.034,0.394
0.036,0.394
0.038,0.394
0.116,0.394
0.118,0.394
0.12,0.394
0.122,0.394
0.124,0.394
0.126,0.394
0.128,0.394
0.13,0.394
0.132,0.394
0.134,0.394
0.136,0.394
0.138,0.394
0.14,0.394
0.142,0.394
0.144,0.394
0.46,0.394
0.462,0.394
0.464,0.394
0.466,0.394
0.468,0.394
0.47,0.394
0.472,0.394
0.474,0.394
0.476,0.394
0.478,0.394
0.48,0.394
0.482,0.394
0.576,0.394
0.578,0.394
0.58,0.394
0.582,0.394
0.584,0.394
0.586,0.394
0.588,0.394
0.59,0.394
0.592,0.394
0.594,0.394
0.674,0.394
0.676,0.394
0.678,0.394
0.68,0.394
0.682,0.394
0.684,0.394
0.686,0.394
0.688,0.394
0.69,0.394
0.692,0.394
0.694,0.394
0.696,0.394
0.02,0.396
0.022,0.396
0.024,0.396
0.026,0.396
0.028,0.396
0.03,0.396
0.032,0.396
0.034,0.396
0.036,0.396
0.038,0.396
0.114,0.396
0.116,0.396
0.118,0.396
0.12,0.396
0.122,0.396
0.124,0.396
0.126,0.396
0.128,0.396
0.13,0.396
0.132,0.396
0.134,0.396
0.136,0.396
0.138,0.396
0.14,0.396
0.142,0.396
0.144,0.396
0.146,0.396
0.46,0.396
0.462,0.396
0.464,0.396
0.466,0.396
0.468,0.396
0.47,0.396
0.472,0.396
0.474,0.396
0.476,0.396
0.478,0.396
0.48,0.396
0.576,0.396
0.578,0.396
0.58,0.396
0.582,0.396
0.584,0.396
0.586,0.396
0.588,0.396
0.59,0.396
0.592,0.396
0.594,0.396
0.676,0.396
0.678,0.396
0.68,0.396
0.682,0.396
0.684,0.396
0.686,0.396
0.688,0.396
0.69,0.396
0.692,0.396
0.694,0.396
0.696,0.396
0.018,0.398
0.02,0.398
0.022,0.398
0.024,0.398
0.026,0.398
0.028,0.398
0.03,0.398
0.032,0.398
0.034,0.398
0.036,0.398
0.038,0.398
0.112,0.398
0.114,0.398
0.116,0.398
0.118,0.398
0.12,0.398
0.122,0.398
0.124,0.398
0.126,0.398
0.128,0.398
0.13,0.398
0.132,0.398
0.134,0.398
0.136,0.398
0.138,0.398
0.14,0.398
0.142,0.398
0.144,0.398
0.146,0.398
0.148,0.398
0.46,0.398
0.462,0.398
0.464,0.398
0.466,0.398
0.468,0.398
0.47,0.398
0.472,0.398
0.474,0.398
0.476,0.398
0.478,0.398
0.48,0.398
0.576,0.398
0.578,0.398
0.58,0.398
0.582,0.398
0.584,0.398
0.586,0.398
0.588,0.398
0.59,0.398
0.592,0.398
0.594,0.398
0.676,0.398
0.678,0.398
0.68,0.398
0.682,0.398
0.684,0.398
0.686,0.398
0.688,0.398
0.69,0.398
0.692,0.398
0.694,0.398
0.696,0.398
0.698,0.398
0.018,0.4
0.02,0.4
0.022,0.4
0.024,0.4
0.026,0.4
0.028,0.4
0.03,0.4
0.032,0.4
0.034,0.4
0.036,0.4
0.038,0.4
0.11,0.4
0.112,0.4
0.114,0.4
0.116,0.4
0.118,0.4
0.12,0.4
0.122,0.4
0.124,0.4
0.126,0.4
0.128,0.4
0.13,0.4
0.132,0.4
0.134,0.4
0.136,0.4
0.138,0.4
0.14,0.4
0.142,0.4
0.144,0.4
0.146,0.4
0.148,0.4
0.15,0.4
0.458,0.4
0.46,0.4
0.462,0.4
0.464,0.4
0.466,0.4
0.468,0.4
0.47,0.4
0.472,0.4
0.474,0.4
0.476,0.4
0.478,0.4
0.48,0.4
0.576,0.4
0.578,0.4
0.58,0.4
0.582,0.4
0.584,0.4
0.586,0.4
0.588,0.4
0.59,0.4
0.592,0.4
0.594,0.4
0.676,0.4
0.678,0.4
0.68,0.4
0.682,0.4
0.684,0.4
0.686,0.4
0.688,0.4
0.69,0.4
0.692,0.4
0.694,0.4
0.696,0.4
0.698,0.4
0.018,0.402
0.02,0.402
0.022,0.402
0.024,0.402
0.026,0.402
0.028,0.402
0.03,0.402
0.032,0.402
0.034,0.402
0.036,0.402
0.038,0.402
0.108,0.402
0.11,0.402
0.112,0.402
0.114,0.402
0.116,0.402
0.118,0.402
0.12,0.402
0.122,0.402
0.124,0.402
0.126,0.402
0.128,0.402
0.13,0.402
0.132,0.402
0.134,0.402
0.136,0.402
0.138,0.402
0.14,0.402
0.142,0.402
0.144,0.402
0.146,0.402
0.148,0.402
0.15,0.402
0.458,0.402
0.46,0.402
0.462,0.402
0.464,0.402
0.466,0.402
0.468,0.402
0.47,0.402
0.472,0.402
0.474,0.402
0.476,0.402
0.478,0.402
0.48,0.402
0.576,0.402
0.578,0.402
0.58,0.402
0.582,0.402
0.584,0.402
0.586,0.402
0.588,0.402
0.59,0.402
0.592,0.402
0.594,0.402
0.678,0.402
0.68,0.402
0.682,0.402
0.684,0.402
0.686,0.402
0.688,0.402
0.69,0.402
0.692,0.402
0.694,0.402
0.696,0.402
0.698,0.402
0.7,0.402
0.018,0.404
0.02,0.404
0.022,0.404
0.024,0.404
0.026,0.404
0.028,0.404
0.03,0.404
0.032,0.404
0.034,0.404
0.036,0.404
0.038,0.404
0.106,0.404
0.108,0.404
0.11,0.404
0.112,0.404
0.114,0.404
0.116,0.404
0.118,0.404
0.12,0.404
0.122,0.404
0.124,0.404
0.126,0.404
0.128,0.404
0.13,0.404
0.132,0.404
0.134,0.404
0.136,0.404
0.138,0.404
0.14,0.404
0.142,0.404
0.144,0.404
0.146,0.404
0.148,0.404
0.15,0.404
0.456,0.404
0.458,0.404
0.46,0.404
0.462,0.404
0.464,0.404
0.466,0.404
0.468,0.404
0.47,0.404
0.472,0.404
0.474,0.404
0.476,0.404
0.478,0.404
0.48,0.404
0.576,0.404
0.578,0.404
0.58,0.404
0.582,0.404
0.584,0.404
0.586,0.404
0.588,0.404
0.59,0.404
0.592,0.404
0.594,0.404
0.596,0.404
0.678,0.404
0.68,0.404
0.682,0.404
0.684,0.404
0.686,0.404
0.688,0.404
0.69,0.404
0.692,0.404
0.694,0.404
0.696,0.404
0.698,0.404
0.7,0.404
0.018,0.406
0.02,0.406
0.022,0.406
0.024,0.406
0.026,0.406
0.028,0.406
0.03,0.406
0.032,0.406
0.034,0.406
0.036,0.406
0.038,0.406
0.106,0.406
0.108,0.406
0.11,0.406
0.112,0.406
0.114,0.406
0.116,0.406
0.118,0.406
0.12,0.406
0.122,0.406
0.124,0.406
0.126,0.406
0.128,0.406
0.13,0.406
0.132,0.406
0.134,0.406
0.136,0.406
0.138,0.406
0.14,0.406
0.142,0.406
0.144,0.406
0.146,0.406
0.148,0.406
0.15,0.406
0.456,0.406
0.458,0.406
0.46,0.406
0.462,0.406
0.464,0.406
0.466,0.406
0.468,0.406
0.47,0.406
0.472,0.406
0.474,0.406
0.476,0.406
0.478,0.406
0.576,0.406
0.578,0.406
0.58,0.406
0.582,0.406
0.584,0.406
0.586,0.406
0.588,0.406
0.59,0.406
0.592,0.406
0.594,0.406
0.596,0.406
0.678,0.406
0.68,0.406
0.682,0.406
0.684,0.406
0.686,0.406
0.688,0.406
0.69,0.406
0.692,0.406
0.694,0.406
0.696,0.406
0.698,0.406
0.7,0.406
0.018,0.408
0.02,0.408
0.022,0.408
0.024,0.408
0.026,0.408
0.028,0.408
0.03,0.408
0.032,0.408
0.034,0.408
0.036,0.408
0.038,0.408
0.104,0.408
0.106,0.408
0.108,0.408
0.11,0.408
0.112,0.408
0.114,0.408
0.116,0.408
0.118,0.408
0.12,0.408
0.122,0.408
0.124,0.408
0.126,0.408
0.128,0.408
0.13,0.408
0.132,0.408
0.134,0.408
0.136,0.408
0.138,0.408
0.14,0.408
0.142,0.408
0.144,0.408
0.146,0.408
0.148,0.408
0.15,0.408
0.454,0.408
0.456,0.408
0.458,0.408
0.46,0.408
0.462,0.408
0.464,0.408
0.466,0.408
0.468,0.408
0.47,0.408
0.472,0.408
0.474,0.408
0.476,0.408
0.478,0.408
0.576,0.408
0.578,0.408
0.58,0.408
0.582,0.408
0.584,0.408
0.586,0.408
0.588,0.408
0.59,0.408
0.592,0.408
0.594,0.408
0.596,0.408
0.68,0.408
0.682,0.408
0.684,0.408
0.686,0.408
0.688,0.408
0.69,0.408
0.692,0.408
0.694,0.408
0.696,0.408
0.698,0.408
0.7,0.408
0.702,0.408
0.018,0.41
0.02,0.41
0.022,0.41
0.024,0.41
0.026,0.41
0.028,0.41
0.03,0.41
0.032,0.41
0.034,0.41
0.036,0.41
0.038,0.41
0.104,0.41
0.106,0.41
0.108,0.41
0.11,0.41
0.112,0.41
0.114,0.41
0.116,0.41
0.118,0.41
0.12,0.41
0.122,0.41
0.124,0.41
0.126,0.41
0.128,0.41
0.13,0.41
0.132,0.41
0.134,0.41
0.136,0.41
0.138,0.41
0.14,0.41
0.142,0.41
0.144,0.41
0.146,0.41
0.148,0.41
0.15,0.41
0.454,0.41
0.456,0.41
0.458,0.41
0.46,0.41
0.462,0.41
0.464,0.41
0.466,0.41
0.468,0.41
0.47,0.41
0.472,0.41
0.474,0.41
0.476,0.41
0.576,0.41
0.578,0.41
0.58,0.41
0.582,0.41
0.584,0.41
0.586,0.41
0.588,0.41
0.59,0.41
0.592,0.41
0.594,0.41
0.596,0.41
0.68,0.41
0.682,0.41
0.684,0.41
0.686,0.41
0.688,0.41
0.69,0.41
0.692,0.41
0.694,0.41
0.696,0.41
0.698,0.41
0.7,0.41
0.702,0.41
0.704,0.41
0.018,0.412
0.02,0.412
0.022,0.412
0.024,0.412
0.026,0.412
0.028,0.412
0.03,0.412
0.032,0.412
0.034,0.412
0.036,0.412
0.038,0.412
0.104,0.412
0.106,0.412
0.108,0.412
0.11,0.412
0.112,0.412
0.114,0.412
0.116,0.412
0.118,0.412
0.12,0.412
0.122,0.412
0.124,0.412
0.126,0.412
0.128,0.412
0.13,0.412
0.132,0.412
0.134,0.412
0.136,0.412
0.138,0.412
0.14,0.412
0.142,0.412
0.144,0.412
0.146,0.412
0.148,0.412
0.454,0.412
0.456,0.412
0.458,0.412
0.46,0.412
0.462,0.412
0.464,0.412
0.466,0.412
0.468,0.412
0.47,0.412
0.472,0.412
0.474,0.412
0.476,0.412
0.576,0.412
0.578,0.412
0.58,0.412
0.582,0.412
0.584,0.412
0.586,0.412
0.588,0.412
0.59,0.412
0.592,0.412
0.594,0.412
0.596,0.412
0.68,0.412
0.682,0.412
0.684,0.412
0.686,0.412
0.688,0.412
0.69,0.412
0.692,0.412
0.694,0.412
0.696,0.412
0.698,0.412
0.7,0.412
0.702,0.412
0.704,0.412
0.016,0.414
0.018,0.414
0.02,0.414
0.022,0.414
0.024,0.414
0.026,0.414
0.028,0.414
0.03,0.414
0.032,0.414
0.034,0.414
0.036,0.414
0.038,0.414
0.104,0.414
0.106,0.414
0.108,0.414
0.11,0.414
0.112,0.414
0.114,0.414
0.116,0.414
0.118,0.414
0.12,0.414
0.122,0.414
0.124,0.414
0.126,0.414
0.136,0.414
0.138,0.414
0.14,0.414
0.142,0.414
0.144,0.414
0.146,0.414
0.452,0.414
0.454,0.414
0.456,0.414
0.458,0.414
0.46,0.414
0.462,0.414
0.464,0.414
0.466,0.414
0.468,0.414
0.47,0.414
0.472,0.414
0.474,0.414
0.476,0.414
0.576,0.414
0.578,0.414
0.58,0.414
0.582,0.414
0.584,0.414
0.586,0.414
0.588,0.414
0.59,0.414
0.592,0.414
0.594,0.414
0.596,0.414
0.682,0.414
0.684,0.414
0.686,0.414
0.688,0.414
0.69,0.414
0.692,0.414
0.694,0.414
0.696,0.414
0.698,0.414
0.7,0.414
0.702,0.414
0.704,0.414
0.016,0.416
0.018,0.416
0.02,0.416
0.022,0.416
0.024,0.416
0.026,0.416
0.028,0.416
0.03,0.416
0.032,0.416
0.034,0.416
0.036,0.416
0.104,0.416
0.106,0.416
0.108,0.416
0.11,0.416
0.112,0.416
0.114,0.416
0.116,0.416
0.118,0.416
0.12,0.416
0.122,0.416
0.124,0.416
0.452,0.416
0.454,0.416
0.456,0.416
0.458,0.416
0.46,0.416
0.462,0.416
0.464,0.416
0.466,0.416
0.468,0.416
0.47,0.416
0.472,0.416
0.474,0.416
0.576,0.416
0.578,0.416
0.58,0.416
0.582,0.416
0.584,0.416
0.586,0.416
0.588,0.416
0.59,0.416
0.592,0.416
0.594,0.416
0.596,0.416
0.682,0.416
0.684,0.416
0.686,0.416
0.688,0.416
0.69,0.416
0.692,0.416
0.694,0.416
0.696,0.416
0.698,0.416
0.7,0.416
0.702,0.416
0.704,0.416
0.706,0.416
0.016,0.418
0.018,0.418
0.02,0.418
0.022,0.418
0.024,0.418
0.026,0.418
0.028,0.418
0.03,0.418
0.032,0.418
0.034,0.418
0.036,0.418
0.102,0.418
0.104,0.418
0.106,0.418
0.108,0.418
0.11,0.418
0.112,0.418
0.114,0.418
0.116,0.418
0.118,0.418
0.12,0.418
0.122,0.418
0.124,0.418
0.45,0.418
0.452,0.418
0.454,0.418
0.456,0.418
0.458,0.418
0.46,0.418
0.462,0.418
0.464,0.418
0.466,0.418
0.468,0.418
0.47,0.418
0.472,0.418
0.474,0.418
0.576,0.418
0.578,0.418
0.58,0.418
0.582,0.418
0.584,0.418
0.586,0.418
0.588,0.418
0.59,0.418
0.592,0.418
0.594,0.418
0.596,0.418
0.684,0.418
0.686,0.418
0.688,0.418
0.69,0.418
0.692,0.418
0.694,0.418
0.696,0.418
0.698,0.418
0.7,0.418
0.702,0.418
0.704,0.418
0.706,0.418
0.016,0.42
0.018,0.42
0.02,0.42
0.022,0.42
0.024,0.42
0.026,0.42
0.028,0.42
0.03,0.42
0.032,0.42
0.034,0.42
0.036,0.42
0.102,0.42
0.104,0.42
0.106,0.42
0.108,0.42
0.11,0.42
0.112,0.42
0.114,0.42
0.116,0.42
0.118,0.42
0.12,0.42
0.122,0.42
0.124,0.42
0.448,0.42
0.45,0.42
0.452,0.42
0.454,0.42
0.456,0.42
0.458,0.42
0.46,0.42
0.462,0.42
0.464,0.42
0.466,0.42
0.468,0.42
0.47,0.42
0.472,0.42
0.574,0.42
0.576,0.42
0.578,0.42
0.58,0.42
0.582,0.42
0.584,0.42
0.586,0.42
0.588,0.42
0.59,0.42
0.592,0.42
0.594,0.42
0.596,0.42
0.684,0.42
0.686,0.42
0.688,0.42
0.69,0.42
0.692,0.42
0.694,0.42
0.696,0.42
0.698,0.42
0.7,0.42
0.702,0.42
0.704,0.42
0.706,0.42
0.708,0.42
0.014,0.422
0.016,0.422
0.018,0.422
0.02,0.422
0.022,0.422
0.024,0.422
0.026,0.422
0.028,0.422
0.03,0.422
0.032,0.422
0.034,0.422
0.036,0.422
0.104,0.422
0.106,0.422
0.108,0.422
0.11,0.422
0.112,0.422
0.114,0.422
0.116,0.422
0.118,0.422
0.12,0.422
0.122,0.422
0.124,0.422
0.446,0.422
0.448,0.422
0.45,0.422
0.452,0.422
0.454,0.422
0.456,0.422
0.458,0.422
0.46,0.422
0.462,0.422
0.464,0.422
0.466,0.422
0.468,0.422
0.47,0.422
0.472,0.422
0.574,0.422
0.576,0.422
0.578,0.422
0.58,0.422
0.582,0.422
0.584,0.422
0.586,0.422
0.588,0.422
0.59,0.422
0.592,0.422
0.594,0.422
0.596,0.422
0.686,0.422
0.688,0.422
0.69,0.422
0.692,0.422
0.694,0.422
0.696,0.422
0.698,0.422
0.7,0.422
0.702,0.422
0.704,0.422
0.706,0.422
0.708,0.422
0.014,0.424
0.016,0.424
0.018,0.424
0.02,0.424
0.022,0.424
0.024,0.424
0.026,0.424
0.028,0.424
0.03,0.424
0.032,0.424
0.034,0.424
0.036,0.424
0.104,0.424
0.106,0.424
0.108,0.424
0.11,0.424
0.112,0.424
0.114,0.424
0.116,0.424
0.118,0.424
0.12,0.424
0.122,0.424
0.124,0.424
0.126,0.424
0.444,0.424
0.446,0.424
0.448,0.424
0.45,0.424
0.452,0.424
0.454,0.424
0.456,0.424
0.458,0.424
0.46,0.424
0.462,0.424
0.464,0.424
0.466,0.424
0.468,0.424
0.47,0.424
0.574,0.424
0.576,0.424
0.578,0.424
0.58,0.424
0.582,0.424
0.584,0.424
0.586,0.424
0.588,0.424
0.59,0.424
0.592,0.424
0.594,0.424
0.686,0.424
0.688,0.424
0.69,0.424
0.692,0.424
0.694,0.424
0.696,0.424
0.698,0.424
0.7,0.424
0.702,0.424
0.704,0.424
0.706,0.424
0.708,0.424
0.71,0.424
0.012,0.426
0.014,0.426
0.016,0.426
0.018,0.426
0.02,0.426
0.022,0.426
0.024,0.426
0.026,0.426
0.028,0.426
0.03,0.426
0.032,0.426
0.034,0.426
0.104,0.426
0.106,0.426
0.108,0.426
0.11,0.426
0.112,0.426
0.114,0.426
0.116,0.426
0.118,0.426
0.12,0.426
0.122,0.426
0.124,0.426
0.126,0.426
0.128,0.426
0.442,0.426
0.444,0.426
0.446,0.426
0.448,0.426
0.45,0.426
0.452,0.426
0.454,0.426
0.456,0.426
0.458,0.426
0.46,0.426
0.462,0.426
0.464,0.426
0.466,0.426
0.468,0.426
0.47,0.426
0.574,0.426
0.576,0.426
0.578,0.426
0.58,0.426
0.582,0.426
0.584,0.426
0.586,0.426
0.588,0.426
0.59,0.426
0.592,0.426
0.594,0.426
0.686,0.426
0.688,0.426
0.69,0.426
0.692,0.426
0.694,0.426
0.696,0.426
0.698,0.426
0.7,0.426
0.702,0.426
0.704,0.426
0.706,0.426
0.708,0.426
0.71,0.426
0.012,0.428
0.014,0.428
0.016,0.428
0.018,0.428
0.02,0.428
0.022,0.428
0.024,0.428
0.026,0.428
0.028,0.428
0.03,0.428
0.032,0.428
0.034,0.428
0.106,0.428
0.108,0.428
0.11,0.428
0.112,0.428
0.114,0.428
0.116,0.428
0.118,0.428
0.12,0.428
0.122,0.428
0.124,0.428
0.126,0.428
0.128,0.428
0.44,0.428
0.442,0.428
0.444,0.428
0.446,0.428
0.448,0.428
0.45,0.428
0.452,0.428
0.454,0.428
0.456,0.428
0.458,0.428
0.46,0.428
0.462,0.428
0.464,0.428
0.466,0.428
0.468,0.428
0.574,0.428
0.576,0.428
0.578,0.428
0.58,0.428
0.582,0.428
0.584,0.428
0.586,0.428
0.588,0.428
0.59,0.428
0.592,0.428
0.594,0.428
0.688,0.428
0.69,0.428
0.692,0.428
0.694,0.428
0.696,0.428
0.698,0.428
0.7,0.428
0.702,0.428
0.704,0.428
0.706,0.428
0.708,0.428
0.71,0.428
0.012,0.43
0.014,0.43
0.016,0.43
0.018,0.43
0.02,0.43
0.022,0.43
0.024,0.43
0.026,0.43
0.028,0.43
0.03,0.43
0.032,0.43
0.034,0.43
0.106,0.43
0.108,0.43
0.11,0.43
0.112,0.43
0.114,0.43
0.116,0.43
0.118,0.43
0.12,0.43
0.122,0.43
0.124,0.43
0.126,0.43
0.128,0.43
0.44,0.43
0.442,0.43
0.444,0.43
0.446,0.43
0.448,0.43
0.45,0.43
0.452,0.43
0.454,0.43
0.456,0.43
0.458,0.43
0.46,0.43
0.462,0.43
0.464,0.43
0.466,0.43
0.468,0.43
0.574,0.43
0.576,0.43
0.578,0.43
0.58,0.43
0.582,0.43
0.584,0.43
0.586,0.43
0.588,0.43
0.59,0.43
0.592,0.43
0.688,0.43
0.69,0.43
0.692,0.43
0.694,0.43
0.696,0.43
0.698,0.43
0.7,0.43
0.702,0.43
0.704,0.43
0.706,0.43
0.708,0.43
0.71,0.43
0.712,0.43
0.012,0.432
0.014,0.432
0.016,0.432
0.018,0.432
0.02,0.432
0.022,0.432
0.024,0.432
0.026,0.432
0.028,0.432
0.03,0.432
0.032,0.432
0.106,0.432
0.108,0.432
0.11,0.432
0.112,0.432
0.114,0.432
0.116,0.432
0.118,0.432
0.12,0.432
0.122,0.432
0.124,0.432
0.126,0.432
0.128,0.432
0.436,0.432
0.438,0.432
0.44,0.432
0.442,0.432
0.444,0.432
0.446,0.432
0.448,0.432
0.45,0.432
0.452,0.432
0.454,0.432
0.456,0.432
0.458,0.432
0.46,0.432
0.462,0.432
0.464,0.432
0.466,0.432
0.574,0.432
0.576,0.432
0.578,0.432
0.58,0.432
0.582,0.432
0.584,0.432
0.586,0.432
0.588,0.432
0.59,0.432
0.592,0.432
0.69,0.432
0.692,0.432
0.694,0.432
0.696,0.432
0.698,0.432
0.7,0.432
0.702,0.432
0.704,0.432
0.706,0.432
0.708,0.432
0.71,0.432
0.712,0.432
0.012,0.434
0.014,0.434
0.016,0.434
0.018,0.434
0.02,0.434
0.022,0.434
0.024,0.434
0.026,0.434
0.028,0.434
0.03,0.434
0.032,0.434
0.108,0.434
0.11,0.434
0.112,0.434
0.114,0.434
0.116,0.434
0.118,0.434
0.12,0.434
0.122,0.434
0.124,0.434
0.126,0.434
0.128,0.434
0.434,0.434
0.436,0.434
0.438,0.434
0.44,0.434
0.442,0.434
0.444,0.434
0.446,0.434
0.448,0.434
0.45,0.434
0.452,0.434
0.454,0.434
0.456,0.434
0.458,0.434
0.46,0.434
0.462,0.434
0.464,0.434
0.572,0.434
0.574,0.434
0.576,0.434
0.578,0.434
0.58,0.434
0.582,0.434
0.584,0.434
0.586,0.434
0.588,0.434
0.59,0.434
0.592,0.434
0.69,0.434
0.692,0.434
0.694,0.434
0.696,0.434
0.698,0.434
0.7,0.434
0.702,0.434
0.704,0.434
0.706,0.434
0.708,0.434
0.71,0.434
0.712,0.434
0.714,0.434
0.012,0.436
0.014,0.436
0.016,0.436
0.018,0.436
0.02,0.436
0.022,0.436
0.024,0.436
0.026,0.436
0.028,0.436
0.03,0.436
0.032,0.436
0.11,0.436
0.112,0.436
0.114,0.436
0.116,0.436
0.118,0.436
0.12,0.436
0.122,0.436
0.124,0.436
0.126,0.436
0.128,0.436
0.432,0.436
0.434,0.436
0.436,0.436
0.438,0.436
0.44,0.436
0.442,0.436
0.444,0.436
0.446,0.436
0.448,0.436
0.45,0.436
0.452,0.436
0.454,0.436
0.456,0.436
0.458,0.436
0.46,0.436
0.462,0.436
0.572,0.436
0.574,0.436
0.576,0.436
0.578,0.436
0.58,0.436
0.582,0.436
0.584,0.436
0.586,0.436
0.588,0.436
0.59,0.436
0.592,0.436
0.692,0.436
0.694,0.436
0.696,0.436
0.698,0.436
0.7,0.436
0.702,0.436
0.704,0.436
0.706,0.436
0.708,0.436
0.71,0.436
0.712,0.436
0.714,0.436
0.012,0.438
0.014,0.438
0.016,0.438
0.018,0.438
0.02,0.438
0.022,0.438
0.024,0.438
0.026,0.438
0.028,0.438
0.03,0.438
0.032,0.438
0.112,0.438
0.114,0.438
0.116,0.438
0.118,0.438
0.12,0.438
0.122,0.438
0.124,0.438
0.126,0.438
0.428,0.438
0.43,0.438
0.432,0.438
0.434,0.438
0.436,0.438
0.438,0.438
0.44,0.438
0.442,0.438
0.444,0.438
0.446,0.438
0.448,0.438
0.45,0.438
0.452,0.438
0.454,0.438
0.456,0.438
0.458,0.438
0.46,0.438
0.572,0.438
0.574,0.438
0.576,0.438
0.578,0.438
0.58,0.438
0.582,0.438
0.584,0.438
0.586,0.438
0.588,0.438
0.59,0.438
0.592,0.438
0.692,0.438
0.694,0.438
0.696,0.438
0.698,0.438
0.7,0.438
0.702,0.438
0.704,0.438
0.706,0.438
0.708,0.438
0.71,0.438
0.712,0.438
0.714,0.438
0.716,0.438
0.012,0.44
0.014,0.44
0.016,0.44
0.018,0.44
0.02,0.44
0.022,0.44
0.024,0.44
0.026,0.44
0.028,0.44
0.03,0.44
0.032,0.44
0.114,0.44
0.116,0.44
0.118,0.44
0.12,0.44
0.122,0.44
0.124,0.44
0.424,0.44
0.426,0.44
0.428,0.44
0.43,0.44
0.432,0.44
0.434,0.44
0.436,0.44
0.438,0.44
0.44,0.44
0.442,0.44
0.444,0.44
0.446,0.44
0.448,0.44
0.45,0.44
0.452,0.44
0.454,0.44
0.456,0.44
0.458,0.44
0.572,0.44
0.574,0.44
0.576,0.44
0.578,0.44
0.58,0.44
0.582,0.44
0.584,0.44
0.586,0.44
0.588,0.44
0.59,0.44
0.592,0.44
0.694,0.44
0.696,0.44
0.698,0.44
0.7,0.44
0.702,0.44
0.704,0.44
0.706,0.44
0.708,0.44
0.71,0.44
0.712,0.44
0.714,0.44
0.716,0.44
0.012,0.442
0.014,0.442
0.016,0.442
0.018,0.442
0.02,0.442
0.022,0.442
0.024,0.442
0.026,0.442
0.028,0.442
0.03,0.442
0.032,0.442
0.416,0.442
0.418,0.442
0.42,0.442
0.422,0.442
0.424,0.442
0.426,0.442
0.428,0.442
0.43,0.442
0.432,0.442
0.434,0.442
0.436,0.442
0.438,0.442
0.44,0.442
0.442,0.442
0.444,0.442
0.446,0.442
0.448,0.442
0.45,0.442
0.452,0.442
0.454,0.442
0.456,0.442
0.572,0.442
0.574,0.442
0.576,0.442
0.578,0.442
0.58,0.442
0.582,0.442
0.584,0.442
0.586,0.442
0.588,0.442
0.59,0.442
0.592,0.442
0.694,0.442
0.696,0.442
0.698,0.442
0.7,0.442
0.702,0.442
0.704,0.442
0.706,0.442
0.708,0.442
0.71,0.442
0.712,0.442
0.714,0.442
0.716,0.442
0.718,0.442
0.012,0.444
0.014,0.444
0.016,0.444
0.018,0.444
0.02,0.444
0.022,0.444
0.024,0.444
0.026,0.444
0.028,0.444
0.03,0.444
0.032,0.444
0.376,0.444
0.378,0.444
0.38,0.444
0.382,0.444
0.412,0.444
0.414,0.444
0.416,0.444
0.418,0.444
0.42,0.444
0.422,0.444
0.424,0.444
0.426,0.444
0.428,0.444
0.43,0.444
0.432,0.444
0.434,0.444
0.436,0.444
0.438,0.444
0.44,0.444
0.442,0.444
0.444,0.444
0.446,0.444
0.448,0.444
0.45,0.444
0.452,0.444
0.454,0.444
0.456,0.444
0.572,0.444
0.574,0.444
0.576,0.444
0.578,0.444
0.58,0.444
0.582,0.444
0.584,0.444
0.586,0.444
0.588,0.444
0.59,0.444
0.694,0.444
0.696,0.444
0.698,0.444
0.7,0.444
0.702,0.444
0.704,0.444
0.706,0.444
0.708,0.444
0.71,0.444
0.712,0.444
0.714,0.444
0.716,0.444
0.718,0.444
0.72,0.444
0.012,0.446
0.014,0.446
0.016,0.446
0.018,0.446
0.02,0.446
0.022,0.446
0.024,0.446
0.026,0.446
0.028,0.446
0.03,0.446
0.032,0.446
0.26,0.446
0.262,0.446
0.264,0.446
0.266,0.446
0.268,0.446
0.27,0.446
0.272,0.446
0.274,0.446
0.276,0.446
0.278,0.446
0.28,0.446
0.282,0.446
0.284,0.446
0.286,0.446
0.288,0.446
0.29,0.446
0.292,0.446
0.294,0.446
0.296,0.446
0.298,0.446
0.3,0.446
0.302,0.446
0.304,0.446
0.306,0.446
0.308,0.446
0.31,0.446
0.312,0.446
0.314,0.446
0.316,0.446
0.318,0.446
0.32,0.446
0.322,0.446
0.324,0.446
0.326,0.446
0.328,0.446
0.33,0.446
0.332,0.446
0.334,0.446
0.336,0.446
0.338,0.446
0.34,0.446
0.342,0.446
0.344,0.446
0.346,0.446
0.348,0.446
0.35,0.446
0.352,0.446
0.354,0.446
0.356,0.446
0.358,0.446
0.36,0.446
0.362,0.446
0.364,0.446
0.366,0.446
0.368,0.446
0.37,0.446
0.372,0.446
0.374,0.446
0.376,0.446
0.378,0.446
0.38,0.446
0.382,0.446
0.384,0.446
0.386,0.446
0.388,0.446
0.39,0.446
0.392,0.446
0.394,0.446
0.396,0.446
0.398,0.446
0.4,0.446
0.402,0.446
0.404,0.446
0.406,0.446
0.408,0.446
0.41,0.446
0.412,0.446
0.414,0.446
0.416,0.446
0.418,0.446
0.42,0.446
0.422,0.446
0.424,0.446
0.426,0.446
0.428,0.446
0.43,0.446
0.432,0.446
0.434,0.446
0.436,0.446
0.438,0.446
0.44,0.446
0.442,0.446
0.444,0.446
0.446,0.446
0.448,0.446
0.45,0.446
0.452,0.446
0.454,0.446
0.572,0.446
0.574,0.446
0.576,0.446
0.578,0.446
0.58,0.446
0.582,0.446
0.584,0.446
0.586,0.446
0.588,0.446
0.59,0.446
0.696,0.446
0.698,0.446
0.7,0.446
0.702,0.446
0.704,0.446
0.706,0.446
0.708,0.446
0.71,0.446
0.712,0.446
0.714,0.446
0.716,0.446
0.718,0.446
0.72,0.446
0.722,0.446
0.012,0.448
0.014,0.448
0.016,0.448
0.018,0.448
0.02,0.448
0.022,0.448
0.024,0.448
0.026,0.448
0.028,0.448
0.03,0.448
0.032,0.448
0.254,0.448
0.256,0.448
0.258,0.448
0.26,0.448
0.262,0.448
0.264,0.448
0.266,0.448
0.268,0.448
0.27,0.448
0.272,0.448
0.274,0.448
0.276,0.448
0.278,0.448
0.28,0.448
0.282,0.448
0.284,0.448
0.286,0.448
0.288,0.448
0.29,0.448
0.292,0.448
0.294,0.448
0.296,0.448
0.298,0.448
0.3,0.448
0.302,0.448
0.304,0.448
0.306,0.448
0.308,0.448
0.31,0.448
0.312,0.448
0.314,0.448
0.316,0.448
0.318,0.448
0.32,0.448
0.322,0.448
0.324,0.448
0.326,0.448
0.328,0.448
0.33,0.448
0.332,0.448
0.334,0.448
0.336,0.448
0.338,0.448
0.34,0.448
0.342,0.448
0.344,0.448
0.346,0.448
0.348,0.448
0.35,0.448
0.352,0.448
0.354,0.448
0.356,0.448
0.358,0.448
0.36,0.448
0.362,0.448
0.364,0.448
0.366,0.448
0.368,0.448
0.37,0.448
0.372,0.448
0.374,0.448
0.376,0.448
0.378,0.448
0.38,0.448
0.382,0.448
0.384,0.448
0.386,0.448
0.388,0.448
0.39,0.448
0.392,0.448
0.394,0.448
0.396,0.448
0.398,0.448
0.4,0.448
0.402,0.448
0.404,0.448
0.406,0.448
0.408,0.448
0.41,0.448
0.412,0.448
0.414,0.448
0.416,0.448
0.418,0.448
0.42,0.448
0.422,0.448
0.424,0.448
0.426,0.448
0.428,0.448
0.43,0.448
0.432,0.448
0.434,0.448
0.436,0.448
0.438,0.448
0.44,0.448
0.442,0.448
0.444,0.448
0.446,0.448
0.448,0.448
0.45,0.448
0.452,0.448
0.57,0.448
0.572,0.448
0.574,0.448
0.576,0.448
0.578,0.448
0.58,0.448
0.582,0.448
0.584,0.448
0.586,0.448
0.588,0.448
0.59,0.448
0.698,0.448
0.7,0.448
0.702,0.448
0.704,0.448
0.706,0.448
0.708,0.448
0.71,0.448
0.712,0.448
0.714,0.448
0.716,0.448
0.718,0.448
0.72,0.448
0.722,0.448
0.724,0.448
0.012,0.45
0.014,0.45
0.016,0.45
0.018,0.45
0.02,0.45
0.022,0.45
0.024,0.45
0.026,0.45
0.028,0.45
0.03,0.45
0.032,0.45
0.25,0.45
0.252,0.45
0.254,0.45
0.256,0.45
0.258,0.45
0.26,0.45
0.262,0.45
0.264,0.45
0.266,0.45
0.268,0.45
0.27,0.45
0.272,0.45
0.274,0.45
0.276,0.45
0.278,0.45
0.28,0.45
0.282,0.45
0.284,0.45
0.286,0.45
0.288,0.45
0.29,0.45
0.292,0.45
0.294,0.45
0.296,0.45
0.298,0.45
0.3,0.45
0.302,0.45
0.304,0.45
0.306,0.45
0.308,0.45
0.31,0.45
0.312,0.45
0.314,0.45
0.316,0.45
0.318,0.45
0.32,0.45
0.322,0.45
0.324,0.45
0.326,0.45
0.328,0.45
0.33,0.45
0.332,0.45
0.334,0.45
0.336,0.45
0.338,0.45
0.34,0.45
0.342,0.45
0.344,0.45
0.346,0.45
0.348,0.45
0.35,0.45
0.352,0.45
0.354,0.45
0.356,0.45
0.358,0.45
0.36,0.45
0.362,0.45
0.364,0.45
0.366,0.45
0.368,0.45
0.37,0.45
0.372,0.45
0.374,0.45
0.376,0.45
0.378,0.45
0.38,0.45
0.382,0.45
0.384,0.45
0.386,0.45
0.388,0.45
0.39,0.45
0.392,0.45
0.394,0.45
0.396,0.45
0.398,0.45
0.4,0.45
0.402,0.45
0.404,0.45
0.406,0.45
0.408,0.45
0.41,0.45
0.412,0.45
0.414,0.45
0.416,0.45
0.418,0.45
0.42,0.45
0.422,0.45
0.424,0.45
0.426,0.45
0.428,0.45
0.43,0.45
0.432,0.45
0.434,0.45
0.436,0.45
0.438,0.45
0.44,0.45
0.442,0.45
0.444,0.45
0.446,0.45
0.448,0.45
0.57,0.45
0.572,0.45
0.574,0.45
0.576,0.45
0.578,0.45
0.58,0.45
0.582,0.45
0.584,0.45
0.586,0.45
0.588,0.45
0.59,0.45
0.698,0.45
0.7,0.45
0.702,0.45
0.704,0.45
0.706,0.45
0.708,0.45
0.71,0.45
0.712,0.45
0.714,0.45
0.716,0.45
0.718,0.45
0.72,0.45
0.722,0.45
0.724,0.45
0.726,0.45
0.012,0.452
0.014,0.452
0.016,0.452
0.018,0.452
0.02,0.452
0.022,0.452
0.024,0.452
0.026,0.452
0.028,0.452
0.03,0.452
0.248,0.452
0.25,0.452
0.252,0.452
0.254,0.452
0.256,0.452
0.258,0.452
0.26,0.452
0.262,0.452
0.264,0.452
0.266,0.452
0.268,0.452
0.27,0.452
0.272,0.452
0.274,0.452
0.276,0.452
0.278,0.452
0.28,0.452
0.282,0.452
0.284,0.452
0.286,0.452
0.288,0.452
0.29,0.452
0.292,0.452
0.294,0.452
0.296,0.452
0.298,0.452
0.3,0.452
0.302,0.452
0.304,0.452
0.306,0.452
0.308,0.452
0.31,0.452
0.312,0.452
0.314,0.452
0.316,0.452
0.318,0.452
0.32,0.452
0.322,0.452
0.324,0.452
0.326,0.452
0.328,0.452
0.33,0.452
0.332,0.452
0.334,0.452
0.336,0.452
0.338,0.452
0.34,0.452
0.342,0.452
0.344,0.452
0.346,0.452
0.348,0.452
0.35,0.452
0.352,0.452
0.354,0.452
0.356,0.452
0.358,0.452
0.36,0.452
0.362,0.452
0.364,0.452
0.366,0.452
0.368,0.452
0.37,0.452
0.372,0.452
0.374,0.452
0.376,0.452
0.378,0.452
0.38,0.452
0.382,0.452
0.384,0.452
0.386,0.452
0.388,0.452
0.39,0.452
0.392,0.452
0.394,0.452
0.396,0.452
0.398,0.452
0.4,0.452
0.402,0.452
0.404,0.452
0.406,0.452
0.408,0.452
0.41,0.452
0.412,0.452
0.414,0.452
0.416,0.452
0.418,0.452
0.42,0.452
0.422,0.452
0.424,0.452
0.426,0.452
0.428,0.452
0.43,0.452
0.432,0.452
0.434,0.452
0.436,0.452
0.438,0.452
0.44,0.452
0.442,0.452
0.444,0.452
0.446,0.452
0.57,0.452
0.572,0.452
0.574,0.452
0.576,0.452
0.578,0.452
0.58,0.452
0.582,0.452
0.584,0.452
0.586,0.452
0.588,0.452
0.59,0.452
0.7,0.452
0.702,0.452
0.704,0.452
0.706,0.452
0.708,0.452
0.71,0.452
0.712,0.452
0.714,0.452
0.716,0.452
0.718,0.452
0.72,0.452
0.722,0.452
0.724,0.452
0.726,0.452
0.012,0.454
0.014,0.454
0.016,0.454
0.018,0.454
0.02,0.454
0.022,0.454
0.024,0.454
0.026,0.454
0.028,0.454
0.03,0.454
0.246,0.454
0.248,0.454
0.25,0.454
0.252,0.454
0.254,0.454
0.256,0.454
0.258,0.454
0.26,0.454
0.262,0.454
0.264,0.454
0.266,0.454
0.268,0.454
0.27,0.454
0.272,0.454
0.274,0.454
0.276,0.454
0.278,0.454
0.28,0.454
0.282,0.454
0.284,0.454
0.286,0.454
0.288,0.454
0.29,0.454
0.292,0.454
0.294,0.454
0.296,0.454
0.298,0.454
0.3,0.454
0.302,0.454
0.304,0.454
0.306,0.454
0.308,0.454
0.31,0.454
0.312,0.454
0.314,0.454
0.316,0.454
0.318,0.454
0.32,0.454
0.322,0.454
0.324,0.454
0.326,0.454
0.328,0.454
0.33,0.454
0.332,0.454
0.334,0.454
0.336,0.454
0.338,0.454
0.34,0.454
0.342,0.454
0.344,0.454
0.346,0.454
0.348,0.454
0.35,0.454
0.352,0.454
0.354,0.454
0.356,0.454
0.358,0.454
0.36,0.454
0.362,0.454
0.364,0.454
0.366,0.454
0.368,0.454
0.37,0.454
0.372,0.454
0.374,0.454
0.376,0.454
0.378,0.454
0.38,0.454
0.382,0.454
0.384,0.454
0.386,0.454
0.388,0.454
0.39,0.454
0.392,0.454
0.394,0.454
0.396,0.454
0.398,0.454
0.4,0.454
0.402,0.454
0.404,0.454
0.406,0.454
0.408,0.454
0.41,0.454
0.412,0.454
0.414,0.454
0.416,0.454
0.418,0.454
0.42,0.454
0.422,0.454
0.424,0.454
0.426,0.454
0.428,0.454
0.43,0.454
0.432,0.454
0.434,0.454
0.436,0.454
0.438,0.454
0.44,0.454
0.442,0.454
0.444,0.454
0.568,0.454
0.57,0.454
0.572,0.454
0.574,0.454
0.576,0.454
0.578,0.454
0.58,0.454
0.582,0.454
0.584,0.454
0.586,0.454
0.588,0.454
0.59,0.454
0.702,0.454
0.704,0.454
0.706,0.454
0.708,0.454
0.71,0.454
0.712,0.454
0.714,0.454
0.716,0.454
0.718,0.454
0.72,0.454
0.722,0.454
0.724,0.454
0.726,0.454
0.728,0.454
0.012,0.456
0.014,0.456
0.016,0.456
0.018,0.456
0.02,0.456
0.022,0.456
0.024,0.456
0.026,0.456
0.028,0.456
0.03,0.456
0.244,0.456
0.246,0.456
0.248,0.456
0.25,0.456
0.252,0.456
0.254,0.456
0.256,0.456
0.258,0.456
0.26,0.456
0.262,0.456
0.264,0.456
0.266,0.456
0.268,0.456
0.27,0.456
0.272,0.456
0.274,0.456
0.276,0.456
0.278,0.456
0.28,0.456
0.282,0.456
0.284,0.456
0.286,0.456
0.288,0.456
0.29,0.456
0.292,0.456
0.294,0.456
0.296,0.456
0.298,0.456
0.3,0.456
0.302,0.456
0.304,0.456
0.306,0.456
0.308,0.456
0.31,0.456
0.312,0.456
0.314,0.456
0.316,0.456
0.318,0.456
0.32,0.456
0.322,0.456
0.324,0.456
0.326,0.456
0.328,0.456
0.33,0.456
0.332,0.456
0.334,0.456
0.336,0.456
0.338,0.456
0.34,0.456
0.342,0.456
0.344,0.456
0.346,0.456
0.348,0.456
0.35,0.456
0.352,0.456
0.354,0.456
0.356,0.456
0.358,0.456
0.36,0.456
0.362,0.456
0.364,0.456
0.366,0.456
0.368,0.456
0.37,0.456
0.372,0.456
0.374,0.456
0.376,0.456
0.378,0.456
0.38,0.456
0.382,0.456
0.384,0.456
0.386,0.456
0.388,0.456
0.39,0.456
0.392,0.456
0.394,0.456
0.396,0.456
0.398,0.456
0.4,0.456
0.402,0.456
0.404,0.456
0.406,0.456
0.408,0.456
0.41,0.456
0.412,0.456
0.414,0.456
0.416,0.456
0.418,0.456
0.42,0.456
0.422,0.456
0.424,0.456
0.426,0.456
0.428,0.456
0.43,0.456
0.432,0.456
0.434,0.456
0.436,0.456
0.438,0.456
0.44,0.456
0.568,0.456
0.57,0.456
0.572,0.456
0.574,0.456
0.576,0.456
0.578,0.456
0.58,0.456
0.582,0.456
0.584,0.456
0.586,0.456
0.588,0.456
0.59,0.456
0.702,0.456
0.704,0.456
0.706,0.456
0.708,0.456
0.71,0.456
0.712,0.456
0.714,0.456
0.716,0.456
0.718,0.456
0.72,0.456
0.722,0.456
0.724,0.456
0.726,0.456
0.728,0.456
0.012,0.458
0.014,0.458
0.016,0.458
0.018,0.458
0.02,0.458
0.022,0.458
0.024,0.458
0.026,0.458
0.028,0.458
0.03,0.458
0.242,0.458
0.244,0.458
0.246,0.458
0.248,0.458
0.25,0.458
0.252,0.458
0.254,0.458
0.256,0.458
0.258,0.458
0.26,0.458
0.262,0.458
0.264,0.458
0.266,0.458
0.268,0.458
0.27,0.458
0.272,0.458
0.274,0.458
0.276,0.458
0.278,0.458
0.28,0.458
0.282,0.458
0.284,0.458
0.286,0.458
0.288,0.458
0.29,0.458
0.292,0.458
0.294,0.458
0.296,0.458
0.298,0.458
0.3,0.458
0.302,0.458
0.304,0.458
0.306,0.458
0.308,0.458
0.31,0.458
0.312,0.458
0.314,0.458
0.316,0.458
0.318,0.458
0.32,0.458
0.322,0.458
0.324,0.458
0.326,0.458
0.328,0.458
0.33,0.458
0.332,0.458
0.334,0.458
0.336,0.458
0.338,0.458
0.34,0.458
0.342,0.458
0.344,0.458
0.346,0.458
0.348,0.458
0.35,0.458
0.352,0.458
0.354,0.458
0.356,0.458
0.358,0.458
0.36,0.458
0.362,0.458
0.364,0.458
0.366,0.458
0.368,0.458
0.37,0.458
0.372,0.458
0.374,0.458
0.376,0.458
0.378,0.458
0.38,0.458
0.382,0.458
0.384,0.458
0.386,0.458
0.388,0.458
0.39,0.458
0.392,0.458
0.394,0.458
0.396,0.458
0.398,0.458
0.4,0.458
0.402,0.458
0.404,0.458
0.406,0.458
0.408,0.458
0.41,0.458
0.412,0.458
0.414,0.458
0.416,0.458
0.418,0.458
0.42,0.458
0.422,0.458
0.424,0.458
0.426,0.458
0.428,0.458
0.43,0.458
0.432,0.458
0.434,0.458
0.436,0.458
0.568,0.458
0.57,0.458
0.572,0.458
0.574,0.458
0.576,0.458
0.578,0.458
0.58,0.458
0.582,0.458
0.584,0.458
0.586,0.458
0.588,0.458
0.704,0.458
0.706,0.458
0.708,0.458
0.71,0.458
0.712,0.458
0.714,0.458
0.716,0.458
0.718,0.458
0.72,0.458
0.722,0.458
0.724,0.458
0.726,0.458
0.728,0.458
0.73,0.458
0.012,0.46
0.014,0.46
0.016,0.46
0.018,0.46
0.02,0.46
0.022,0.46
0.024,0.46
0.026,0.46
0.028,0.46
0.03,0.46
0.24,0.46
0.242,0.46
0.244,0.46
0.246,0.46
0.248,0.46
0.25,0.46
0.252,0.46
0.254,0.46
0.256,0.46
0.258,0.46
0.26,0.46
0.262,0.46
0.264,0.46
0.266,0.46
0.268,0.46
0.27,0.46
0.272,0.46
0.274,0.46
0.276,0.46
0.278,0.46
0.28,0.46
0.282,0.46
0.284,0.46
0.286,0.46
0.288,0.46
0.29,0.46
0.292,0.46
0.294,0.46
0.296,0.46
0.298,0.46
0.3,0.46
0.302,0.46
0.304,0.46
0.306,0.46
0.308,0.46
0.31,0.46
0.312,0.46
0.314,0.46
0.316,0.46
0.318,0.46
0.32,0.46
0.322,0.46
0.324,0.46
0.326,0.46
0.328,0.46
0.33,0.46
0.332,0.46
0.334,0.46
0.336,0.46
0.338,0.46
0.34,0.46
0.342,0.46
0.344,0.46
0.346,0.46
0.348,0.46
0.35,0.46
0.352,0.46
0.354,0.46
0.356,0.46
0.358,0.46
0.36,0.46
0.362,0.46
0.364,0.46
0.366,0.46
0.368,0.46
0.37,0.46
0.372,0.46
0.374,0.46
0.376,0.46
0.378,0.46
0.38,0.46
0.382,0.46
0.384,0.46
0.386,0.46
0.388,0.46
0.39,0.46
0.392,0.46
0.394,0.46
0.396,0.46
0.398,0.46
0.4,0.46
0.402,0.46
0.404,0.46
0.406,0.46
0.408,0.46
0.41,0.46
0.412,0.46
0.414,0.46
0.416,0.46
0.418,0.46
0.42,0.46
0.422,0.46
0.424,0.46
0.426,0.46
0.428,0.46
0.43,0.46
0.432,0.46
0.434,0.46
0.566,0.46
0.568,0.46
0.57,0.46
0.572,0.46
0.574,0.46
0.576,0.46
0.578,0.46
0.58,0.46
0.582,0.46
0.584,0.46
0.586,0.46
0.588,0.46
0.706,0.46
0.708,0.46
0.71,0.46
0.712,0.46
0.714,0.46
0.716,0.46
0.718,0.46
0.72,0.46
0.722,0.46
0.724,0.46
0.726,0.46
0.728,0.46
0.73,0.46
0.012,0.462
0.014,0.462
0.016,0.462
0.018,0.462
0.02,0.462
0.022,0.462
0.024,0.462
0.026,0.462
0.028,0.462
0.03,0.462
0.032,0.462
0.24,0.462
0.242,0.462
0.244,0.462
0.246,0.462
0.248,0.462
0.25,0.462
0.252,0.462
0.254,0.462
0.256,0.462
0.258,0.462
0.26,0.462
0.262,0.462
0.264,0.462
0.266,0.462
0.268,0.462
0.27,0.462
0.272,0.462
0.274,0.462
0.276,0.462
0.278,0.462
0.28,0.462
0.282,0.462
0.284,0.462
0.286,0.462
0.288,0.462
0.29,0.462
0.292,0.462
0.294,0.462
0.296,0.462
0.298,0.462
0.3,0.462
0.302,0.462
0.304,0.462
0.306,0.462
0.308,0.462
0.31,0.462
0.312,0.462
0.314,0.462
0.316,0.462
0.318,0.462
0.32,0.462
0.322,0.462
0.324,0.462
0.326,0.462
0.328,0.462
0.33,0.462
0.332,0.462
0.334,0.462
0.336,0.462
0.338,0.462
0.34,0.462
0.342,0.462
0.344,0.462
0.346,0.462
0.348,0.462
0.35,0.462
0.352,0.462
0.354,0.462
0.356,0.462
0.358,0.462
0.36,0.462
0.362,0.462
0.364,0.462
0.366,0.462
0.368,0.462
0.37,0.462
0.372,0.462
0.374,0.462
0.376,0.462
0.378,0.462
0.38,0.462
0.382,0.462
0.384,0.462
0.386,0.462
0.388,0.462
0.39,0.462
0.392,0.462
0.394,0.462
0.396,0.462
0.398,0.462
0.4,0.462
0.402,0.462
0.404,0.462
0.406,0.462
0.408,0.462
0.41,0.462
0.412,0.462
0.414,0.462
0.416,0.462
0.418,0.462
0.42,0.462
0.422,0.462
0.424,0.462
0.426,0.462
0.428,0.462
0.43,0.462
0.566,0.462
0.568,0.462
0.57,0.462
0.572,0.462
0.574,0.462
0.576,0.462
0.578,0.462
0.58,0.462
0.582,0.462
0.584,0.462
0.586,0.462
0.588,0.462
0.706,0.462
0.708,0.462
0.71,0.462
0.712,0.462
0.714,0.462
0.716,0.462
0.718,0.462
0.72,0.462
0.722,0.462
0.724,0.462
0.726,0.462
0.728,0.462
0.73,0.462
0.732,0.462
0.012,0.464
0.014,0.464
0.016,0.464
0.018,0.464
0.02,0.464
0.022,0.464
0.024,0.464
0.026,0.464
0.028,0.464
0.03,0.464
0.032,0.464
0.238,0.464
0.24,0.464
0.242,0.464
0.244,0.464
0.246,0.464
0.248,0.464
0.25,0.464
0.252,0.464
0.254,0.464
0.256,0.464
0.258,0.464
0.26,0.464
0.262,0.464
0.264,0.464
0.266,0.464
0.268,0.464
0.27,0.464
0.272,0.464
0.274,0.464
0.276,0.464
0.278,0.464
0.28,0.464
0.282,0.464
0.284,0.464
0.286,0.464
0.288,0.464
0.29,0.464
0.292,0.464
0.294,0.464
0.296,0.464
0.298,0.464
0.3,0.464
0.302,0.464
0.304,0.464
0.306,0.464
0.308,0.464
0.31,0.464
0.312,0.464
0.314,0.464
0.316,0.464
0.318,0.464
0.32,0.464
0.322,0.464
0.324,0.464
0.326,0.464
0.328,0.464
0.33,0.464
0.332,0.464
0.334,0.464
0.336,0.464
0.338,0.464
0.34,0.464
0.342,0.464
0.344,0.464
0.346,0.464
0.348,0.464
0.35,0.464
0.352,0.464
0.354,0.464
0.356,0.464
0.358,0.464
0.36,0.464
0.362,0.464
0.364,0.464
0.366,0.464
0.368,0.464
0.37,0.464
0.372,0.464
0.374,0.464
0.376,0.464
0.378,0.464
0.38,0.464
0.382,0.464
0.384,0.464
0.386,0.464
0.388,0.464
0.39,0.464
0.392,0.464
0.394,0.464
0.396,0.464
0.398,0.464
0.4,0.464
0.402,0.464
0.404,0.464
0.406,0.464
0.408,0.464
0.41,0.464
0.412,0.464
0.414,0.464
0.416,0.464
0.418,0.464
0.42,0.464
0.422,0.464
0.424,0.464
0.426,0.464
0.566,0.464
0.568,0.464
0.57,0.464
0.572,0.464
0.574,0.464
0.576,0.464
0.578,0.464
0.58,0.464
0.582,0.464
0.584,0.464
0.586,0.464
0.588,0.464
0.708,0.464
0.71,0.464
0.712,0.464
0.714,0.464
0.716,0.464
0.718,0.464
0.72,0.464
0.722,0.464
0.724,0.464
0.726,0.464
0.728,0.464
0.73,0.464
0.732,0.464
0.734,0.464
0.012,0.466
0.014,0.466
0.016,0.466
0.018,0.466
0.02,0.466
0.022,0.466
0.024,0.466
0.026,0.466
0.028,0.466
0.03,0.466
0.032,0.466
0.034,0.466
0.236,0.466
0.238,0.466
0.24,0.466
0.242,0.466
0.244,0.466
0.246,0.466
0.248,0.466
0.25,0.466
0.252,0.466
0.254,0.466
0.256,0.466
0.258,0.466
0.26,0.466
0.262,0.466
0.264,0.466
0.266,0.466
0.268,0.466
0.27,0.466
0.296,0.466
0.298,0.466
0.3,0.466
0.302,0.466
0.304,0.466
0.306,0.466
0.308,0.466
0.31,0.466
0.312,0.466
0.314,0.466
0.336,0.466
0.338,0.466
0.34,0.466
0.342,0.466
0.344,0.466
0.346,0.466
0.348,0.466
0.35,0.466
0.564,0.466
0.566,0.466
0.568,0.466
0.57,0.466
0.572,0.466
0.574,0.466
0.576,0.466
0.578,0.466
0.58,0.466
0.582,0.466
0.584,0.466
0.586,0.466
0.71,0.466
0.712,0.466
0.714,0.466
0.716,0.466
0.718,0.466
0.72,0.466
0.722,0.466
0.724,0.466
0.726,0.466
0.728,0.466
0.73,0.466
0.732,0.466
0.734,0.466
0.012,0.468
0.014,0.468
0.016,0.468
0.018,0.468
0.02,0.468
0.022,0.468
0.024,0.468
0.026,0.468
0.028,0.468
0.03,0.468
0.032,0.468
0.034,0.468
0.036,0.468
0.234,0.468
0.236,0.468
0.238,0.468
0.24,0.468
0.242,0.468
0.244,0.468
0.246,0.468
0.248,0.468
0.25,0.468
0.252,0.468
0.254,0.468
0.256,0.468
0.258,0.468
0.26,0.468
0.262,0.468
0.264,0.468
0.564,0.468
0.566,0.468
0.568,0.468
0.57,0.468
0.572,0.468
0.574,0.468
0.576,0.468
0.578,0.468
0.58,0.468
0.582,0.468
0.584,0.468
0.586,0.468
0.71,0.468
0.712,0.468
0.714,0.468
0.716,0.468
0.718,0.468
0.72,0.468
0.722,0.468
0.724,0.468
0.726,0.468
0.728,0.468
0.73,0.468
0.732,0.468
0.734,0.468
0.736,0.468
0.012,0.47
0.014,0.47
0.016,0.47
0.018,0.47
0.02,0.47
0.022,0.47
0.024,0.47
0.026,0.47
0.028,0.47
0.03,0.47
0.032,0.47
0.034,0.47
0.036,0.47
0.038,0.47
0.232,0.47
0.234,0.47
0.236,0.47
0.238,0.47
0.24,0.47
0.242,0.47
0.244,0.47
0.246,0.47
0.248,0.47
0.25,0.47
0.252,0.47
0.254,0.47
0.256,0.47
0.258,0.47
0.26,0.47
0.564,0.47
0.566,0.47
0.568,0.47
0.57,0.47
0.572,0.47
0.574,0.47
0.576,0.47
0.578,0.47
0.58,0.47
0.582,0.47
0.584,0.47
0.586,0.47
0.712,0.47
0.714,0.47
0.716,0.47
0.718,0.47
0.72,0.47
0.722,0.47
0.724,0.47
0.726,0.47
0.728,0.47
0.73,0.47
0.732,0.47
0.734,0.47
0.736,0.47
0.738,0.47
0.012,0.472
0.014,0.472
0.016,0.472
0.018,0.472
0.02,0.472
0.022,0.472
0.024,0.472
0.026,0.472
0.028,0.472
0.03,0.472
0.032,0.472
0.034,0.472
0.036,0.472
0.038,0.472
0.228,0.472
0.23,0.472
0.232,0.472
0.234,0.472
0.236,0.472
0.238,0.472
0.24,0.472
0.242,0.472
0.244,0.472
0.246,0.472
0.248,0.472
0.25,0.472
0.252,0.472
0.254,0.472
0.256,0.472
0.258,0.472
0.562,0.472
0.564,0.472
0.566,0.472
0.568,0.472
0.57,0.472
0.572,0.472
0.574,0.472
0.576,0.472
0.578,0.472
0.58,0.472
0.582,0.472
0.584,0.472
0.586,0.472
0.714,0.472
0.716,0.472
0.718,0.472
0.72,0.472
0.722,0.472
0.724,0.472
0.726,0.472
0.728,0.472
0.73,0.472
0.732,0.472
0.734,0.472
0.736,0.472
0.738,0.472
0.014,0.474
0.016,0.474
0.018,0.474
0.02,0.474
0.022,0.474
0.024,0.474
0.026,0.474
0.028,0.474
0.03,0.474
0.032,0.474
0.034,0.474
0.036,0.474
0.038,0.474
0.04,0.474
0.222,0.474
0.224,0.474
0.226,0.474
0.228,0.474
0.23,0.474
0.232,0.474
0.234,0.474
0.236,0.474
0.238,0.474
0.24,0.474
0.242,0.474
0.244,0.474
0.246,0.474
0.248,0.474
0.25,0.474
0.252,0.474
0.254,0.474
0.256,0.474
0.562,0.474
0.564,0.474
0.566,0.474
0.568,0.474
0.57,0.474
0.572,0.474
0.574,0.474
0.576,0.474
0.578,0.474
0.58,0.474
0.582,0.474
0.584,0.474
0.714,0.474
0.716,0.474
0.718,0.474
0.72,0.474
0.722,0.474
0.724,0.474
0.726,0.474
0.728,0.474
0.73,0.474
0.732,0.474
0.734,0.474
0.736,0.474
0.738,0.474
0.74,0.474
0.014,0.476
0.016,0.476
0.018,0.476
0.02,0.476
0.022,0.476
0.024,0.476
0.026,0.476
0.028,0.476
0.03,0.476
0.032,0.476
0.034,0.476
0.036,0.476
0.038,0.476
0.04,0.476
0.042,0.476
0.044,0.476
0.216,0.476
0.218,0.476
0.22,0.476
0.222,0.476
0.224,0.476
0.226,0.476
0.228,0.476
0.23,0.476
0.232,0.476
0.234,0.476
0.236,0.476
0.238,0.476
0.24,0.476
0.242,0.476
0.244,0.476
0.246,0.476
0.248,0.476
0.25,0.476
0.252,0.476
0.254,0.476
0.256,0.476
0.56,0.476
0.562,0.476
0.564,0.476
0.566,0.476
0.568,0.476
0.57,0.476
0.572,0.476
0.574,0.476
0.576,0.476
0.578,0.476
0.58,0.476
0.582,0.476
0.584,0.476
0.716,0.476
0.718,0.476
0.72,0.476
0.722,0.476
0.724,0.476
0.726,0.476
0.728,0.476
0.73,0.476
0.732,0.476
0.734,0.476
0.736,0.476
0.738,0.476
0.74,0.476
0.016,0.478
0.018,0.478
0.02,0.478
0.022,0.478
0.024,0.478
0.026,0.478
0.028,0.478
0.03,0.478
0.032,0.478
0.034,0.478
0.036,0.478
0.038,0.478
0.04,0.478
0.042,0.478
0.044,0.478
0.046,0.478
0.048,0.478
0.214,0.478
0.216,0.478
0.218,0.478
0.22,0.478
0.222,0.478
0.224,0.478
0.226,0.478
0.228,0.478
0.23,0.478
0.232,0.478
0.234,0.478
0.236,0.478
0.238,0.478
0.24,0.478
0.242,0.478
0.244,0.478
0.246,0.478
0.248,0.478
0.25,0.478
0.252,0.478
0.254,0.478
0.56,0.478
0.562,0.478
0.564,0.478
0.566,0.478
0.568,0.478
0.57,0.478
0.572,0.478
0.574,0.478
0.576,0.478
0.578,0.478
0.58,0.478
0.582,0.478
0.718,0.478
0.72,0.478
0.722,0.478
0.724,0.478
0.726,0.478
0.728,0.478
0.73,0.478
0.732,0.478
0.734,0.478
0.736,0.478
0.738,0.478
0.74,0.478
0.742,0.478
0.018,0.48
0.02,0.48
0.022,0.48
0.024,0.48
0.026,0.48
0.028,0.48
0.03,0.48
0.032,0.48
0.034,0.48
0.036,0.48
0.038,0.48
0.04,0.48
0.042,0.48
0.044,0.48
0.046,0.48
0.048,0.48
0.05,0.48
0.052,0.48
0.21,0.48
0.212,0.48
0.214,0.48
0.216,0.48
0.218,0.48
0.22,0.48
0.222,0.48
0.224,0.48
0.226,0.48
0.228,0.48
0.23,0.48
0.232,0.48
0.234,0.48
0.236,0.48
0.238,0.48
0.24,0.48
0.242,0.48
0.244,0.48
0.246,0.48
0.248,0.48
0.25,0.48
0.252,0.48
0.558,0.48
0.56,0.48
0.562,0.48
0.564,0.48
0.566,0.48
0.568,0.48
0.57,0.48
0.572,0.48
0.574,0.48
0.576,0.48
0.578,0.48
0.58,0.48
0.582,0.48
0.718,0.48
0.72,0.48
0.722,0.48
0.724,0.48
0.726,0.48
0.728,0.48
0.73,0.48
0.732,0.48
0.734,0.48
0.736,0.48
0.738,0.48
0.74,0.48
0.742,0.48
0.744,0.48
0.02,0.482
0.022,0.482
0.024,0.482
0.026,0.482
0.028,0.482
0.03,0.482
0.032,0.482
0.034,0.482
0.036,0.482
0.038,0.482
0.04,0.482
0.042,0.482
0.044,0.482
0.046,0.482
0.048,0.482
0.05,0.482
0.052,0.482
0.054,0.482
0.056,0.482
0.058,0.482
0.208,0.482
0.21,0.482
0.212,0.482
0.214,0.482
0.216,0.482
0.218,0.482
0.22,0.482
0.222,0.482
0.224,0.482
0.226,0.482
0.228,0.482
0.23,0.482
0.232,0.482
0.234,0.482
0.236,0.482
0.238,0.482
0.24,0.482
0.242,0.482
0.244,0.482
0.246,0.482
0.248,0.482
0.25,0.482
0.558,0.482
0.56,0.482
0.562,0.482
0.564,0.482
0.566,0.482
0.568,0.482
0.57,0.482
0.572,0.482
0.574,0.482
0.576,0.482
0.578,0.482
0.58,0.482
0.72,0.482
0.722,0.482
0.724,0.482
0.726,0.482
0.728,0.482
0.73,0.482
0.732,0.482
0.734,0.482
0.736,0.482
0.738,0.482
0.74,0.482
0.742,0.482
0.744,0.482
0.746,0.482
0.02,0.484
0.022,0.484
0.024,0.484
0.026,0.484
0.028,0.484
0.03,0.484
0.032,0.484
0.034,0.484
0.036,0.484
0.038,0.484
0.04,0.484
0.042,0.484
0.044,0.484
0.046,0.484
0.048,0.484
0.05,0.484
0.052,0.484
0.054,0.484
0.056,0.484
0.058,0.484
0.06,0.484
0.062,0.484
0.064,0.484
0.066,0.484
0.068,0.484
0.142,0.484
0.144,0.484
0.146,0.484
0.148,0.484
0.15,0.484
0.152,0.484
0.168,0.484
0.17,0.484
0.172,0.484
0.174,0.484
0.176,0.484
0.178,0.484
0.18,0.484
0.206,0.484
0.208,0.484
0.21,0.484
0.212,0.484
0.214,0.484
0.216,0.484
0.218,0.484
0.22,0.484
0.222,0.484
0.224,0.484
0.226,0.484
0.228,0.484
0.23,0.484
0.232,0.484
0.234,0.484
0.236,0.484
0.238,0.484
0.24,0.484
0.242,0.484
0.244,0.484
0.246,0.484
0.248,0.484
0.556,0.484
0.558,0.484
0.56,0.484
0.562,0.484
0.564,0.484
0.566,0.484
0.568,0.484
0.57,0.484
0.572,0.484
0.574,0.484
0.576,0.484
0.578,0.484
0.58,0.484
0.72,0.484
0.722,0.484
0.724,0.484
0.726,0.484
0.728,0.484
0.73,0.484
0.732,0.484
0.734,0.484
0.736,0.484
0.738,0.484
0.74,0.484
0.742,0.484
0.744,0.484
0.746,0.484
0.022,0.486
0.024,0.486
0.026,0.486
0.028,0.486
0.03,0.486
0.032,0.486
0.034,0.486
0.036,0.486
0.038,0.486
0.04,0.486
0.042,0.486
0.044,0.486
0.046,0.486
0.048,0.486
0.05,0.486
0.052,0.486
0.054,0.486
0.056,0.486
0.058,0.486
0.06,0.486
0.062,0.486
0.064,0.486
0.066,0.486
0.068,0.486
0.07,0.486
0.072,0.486
0.074,0.486
0.076,0.486
0.1,0.486
0.102,0.486
0.104,0.486
0.106,0.486
0.108,0.486
0.11,0.486
0.112,0.486
0.114,0.486
0.116,0.486
0.118,0.486
0.136,0.486
0.138,0.486
0.14,0.486
0.142,0.486
0.144,0.486
0.146,0.486
0.148,0.486
0.15,0.486
0.152,0.486
0.154,0.486
0.156,0.486
0.158,0.486
0.16,0.486
0.162,0.486
0.164,0.486
0.166,0.486
0.168,0.486
0.17,0.486
0.172,0.486
0.174,0.486
0.176,0.486
0.178,0.486
0.18,0.486
0.182,0.486
0.184,0.486
0.204,0.486
0.206,0.486
0.208,0.486
0.21,0.486
0.212,0.486
0.214,0.486
0.216,0.486
0.218,0.486
0.22,0.486
0.222,0.486
0.224,0.486
0.226,0.486
0.228,0.486
0.23,0.486
0.232,0.486
0.234,0.486
0.236,0.486
0.238,0.486
0.24,0.486
0.242,0.486
0.244,0.486
0.246,0.486
0.554,0.486
0.556,0.486
0.558,0.486
0.56,0.486
0.562,0.486
0.564,0.486
0.566,0.486
0.568,0.486
0.57,0.486
0.572,0.486
0.574,0.486
0.576,0.486
0.578,0.486
0.58,0.486
0.722,0.486
0.724,0.486
0.726,0.486
0.728,0.486
0.73,0.486
0.732,0.486
0.734,0.486
0.736,0.486
0.738,0.486
0.74,0.486
0.742,0.486
0.744,0.486
0.746,0.486
0.748,0.486
0.024,0.488
0.026,0.488
0.028,0.488
0.03,0.488
0.032,0.488
0.034,0.488
0.036,0.488
0.038,0.488
0.04,0.488
0.042,0.488
0.044,0.488
0.046,0.488
0.048,0.488
0.05,0.488
0.052,0.488
0.054,0.488
0.056,0.488
0.058,0.488
0.06,0.488
0.062,0.488
0.064,0.488
0.066,0.488
0.068,0.488
0.07,0.488
0.072,0.488
0.074,0.488
0.076,0.488
0.078,0.488
0.08,0.488
0.082,0.488
0.084,0.488
0.086,0.488
0.088,0.488
0.09,0.488
0.092,0.488
0.094,0.488
0.096,0.488
0.098,0.488
0.1,0.488
0.102,0.488
0.104,0.488
0.106,0.488
0.108,0.488
0.11,0.488
0.112,0.488
0.114,0.488
0.116,0.488
0.118,0.488
0.12,0.488
0.122,0.488
0.124,0.488
0.126,0.488
0.128,0.488
0.13,0.488
0.132,0.488
0.134,0.488
0.136,0.488
0.138,0.488
0.14,0.488
0.142,0.488
0.144,0.488
0.146,0.488
0.148,0.488
0.15,0.488
0.152,0.488
0.154,0.488
0.156,0.488
0.158,0.488
0.16,0.488
0.162,0.488
0.164,0.488
0.166,0.488
0.168,0.488
0.17,0.488
0.172,0.488
0.174,0.488
0.176,0.488
0.178,0.488
0.18,0.488
0.182,0.488
0.184,0.488
0.186,0.488
0.202,0.488
0.204,0.488
0.206,0.488
0.208,0.488
0.21,0.488
0.212,0.488
0.214,0.488
0.216,0.488
0.218,0.488
0.22,0.488
0.222,0.488
0.224,0.488
0.226,0.488
0.228,0.488
0.23,0.488
0.232,0.488
0.234,0.488
0.236,0.488
0.238,0.488
0.24,0.488
0.242,0.488
0.244,0.488
0.554,0.488
0.556,0.488
0.558,0.488
0.56,0.488
0.562,0.488
0.564,0.488
0.566,0.488
0.568,0.488
0.57,0.488
0.572,0.488
0.574,0.488
0.576,0.488
0.578,0.488
0.724,0.488
0.726,0.488
0.728,0.488
0.73,0.488
0.732,0.488
0.734,0.488
0.736,0.488
0.738,0.488
0.74,0.488
0.742,0.488
0.744,0.488
0.746,0.488
0.748,0.488
0.75,0.488
0.026,0.49
0.028,0.49
0.03,0.49
0.032,0.49
0.034,0.49
0.036,0.49
0.038,0.49
0.04,0.49
0.042,0.49
0.044,0.49
0.046,0.49
0.048,0.49
0.05,0.49
0.052,0.49
0.054,0.49
0.056,0.49
0.058,0.49
0.06,0.49
0.062,0.49
0.064,0.49
0.066,0.49
0.068,0.49
0.07,0.49
0.072,0.49
0.074,0.49
0.076,0.49
0.078,0.49
0.08,0.49
0.082,0.49
0.084,0.49
0.086,0.49
0.088,0.49
0.09,0.49
0.092,0.49
0.094,0.49
0.096,0.49
0.098,0.49
0.1,0.49
0.102,0.49
0.104,0.49
0.106,0.49
0.108,0.49
0.11,0.49
0.112,0.49
0.114,0.49
0.116,0.49
0.118,0.49
0.12,0.49
0.122,0.49
0.124,0.49
0.126,0.49
0.128,0.49
0.13,0.49
0.132,0.49
0.134,0.49
0.136,0.49
0.138,0.49
0.14,0.49
0.142,0.49
0.144,0.49
0.146,0.49
0.148,0.49
0.15,0.49
0.152,0.49
0.154,0.49
0.156,0.49
0.158,0.49
0.16,0.49
0.162,0.49
0.164,0.49
0.166,0.49
0.168,0.49
0.17,0.49
0.172,0.49
0.174,0.49
0.176,0.49
0.178,0.49
0.18,0.49
0.182,0.49
0.184,0.49
0.186,0.49
0.188,0.49
0.2,0.49
0.202,0.49
0.204,0.49
0.206,0.49
0.208,0.49
0.21,0.49
0.212,0.49
0.214,0.49
0.216,0.49
0.218,0.49
0.22,0.49
0.222,0.49
0.224,0.49
0.226,0.49
0.228,0.49
0.23,0.49
0.232,0.49
0.234,0.49
0.236,0.49
0.238,0.49
0.24,0.49
0.552,0.49
0.554,0.49
0.556,0.49
0.558,0.49
0.56,0.49
0.562,0.49
0.564,0.49
0.566,0.49
0.568,0.49
0.57,0.49
0.572,0.49
0.574,0.49
0.576,0.49
0.578,0.49
0.726,0.49
0.728,0.49
0.73,0.49
0.732,0.49
0.734,0.49
0.736,0.49
0.738,0.49
0.74,0.49
0.742,0.49
0.744,0.49
0.746,0.49
0.748,0.49
0.75,0.49
0.752,0.49
0.028,0.492
0.03,0.492
0.032,0.492
0.034,0.492
0.036,0.492
0.038,0.492
0.04,0.492
0.042,0.492
0.044,0.492
0.046,0.492
0.048,0.492
0.05,0.492
0.052,0.492
0.054,0.492
0.056,0.492
0.058,0.492
0.06,0.492
0.062,0.492
0.064,0.492
0.066,0.492
0.068,0.492
0.07,0.492
0.072,0.492
0.074,0.492
0.076,0.492
0.078,0.492
0.08,0.492
0.082,0.492
0.084,0.492
0.086,0.492
0.088,0.492
0.09,0.492
0.092,0.492
0.094,0.492
0.096,0.492
0.098,0.492
0.1,0.492
0.102,0.492
0.104,0.492
0.106,0.492
0.108,0.492
0.11,0.492
0.112,0.492
0.114,0.492
0.116,0.492
0.118,0.492
0.12,0.492
0.122,0.492
0.124,0.492
0.126,0.492
0.128,0.492
0.13,0.492
0.132,0.492
0.134,0.492
0.136,0.492
0.138,0.492
0.14,0.492
0.142,0.492
0.144,0.492
0.146,0.492
0.148,0.492
0.15,0.492
0.152,0.492
0.154,0.492
0.156,0.492
0.158,0.492
0.16,0.492
0.162,0.492
0.164,0.492
0.166,0.492
0.168,0.492
0.17,0.492
0.172,0.492
0.174,0.492
0.176,0.492
0.178,0.492
0.18,0.492
0.182,0.492
0.184,0.492
0.186,0.492
0.188,0.492
0.198,0.492
0.2,0.492
0.202,0.492
0.204,0.492
0.206,0.492
0.208,0.492
0.21,0.492
0.212,0.492
0.214,0.492
0.216,0.492
0.218,0.492
0.22,0.492
0.222,0.492
0.224,0.492
0.226,0.492
0.228,0.492
0.23,0.492
0.232,0.492
0.234,0.492
0.236,0.492
0.55,0.492
0.552,0.492
0.554,0.492
0.556,0.492
0.558,0.492
0.56,0.492
0.562,0.492
0.564,0.492
0.566,0.492
0.568,0.492
0.57,0.492
0.572,0.492
0.574,0.492
0.576,0.492
0.726,0.492
0.728,0.492
0.73,0.492
0.732,0.492
0.734,0.492
0.736,0.492
0.738,0.492
0.74,0.492
0.742,0.492
0.744,0.492
0.746,0.492
0.748,0.492
0.75,0.492
0.752,0.492
0.754,0.492
0.032,0.494
0.034,0.494
0.036,0.494
0.038,0.494
0.04,0.494
0.042,0.494
0.044,0.494
0.046,0.494
0.048,0.494
0.05,0.494
0.052,0.494
0.054,0.494
0.056,0.494
0.058,0.494
0.06,0.494
0.062,0.494
0.064,0.494
0.066,0.494
0.068,0.494
0.07,0.494
0.072,0.494
0.074,0.494
0.076,0.494
0.078,0.494
0.08,0.494
0.082,0.494
0.084,0.494
0.086,0.494
0.088,0.494
0.09,0.494
0.092,0.494
0.094,0.494
0.096,0.494
0.098,0.494
0.1,0.494
0.102,0.494
0.104,0.494
0.106,0.494
0.108,0.494
0.11,0.494
0.112,0.494
0.114,0.494
0.116,0.494
0.118,0.494
0.12,0.494
0.122,0.494
0.124,0.494
0.126,0.494
0.128,0.494
0.13,0.494
0.132,0.494
0.134,0.494
0.136,0.494
0.138,0.494
0.14,0.494
0.142,0.494
0.144,0.494
0.146,0.494
0.148,0.494
0.15,0.494
0.152,0.494
0.154,0.494
0.156,0.494
0.158,0.494
0.16,0.494
0.162,0.494
0.164,0.494
0.166,0.494
0.168,0.494
0.17,0.494
0.172,0.494
0.174,0.494
0.176,0.494
0.178,0.494
0.18,0.494
0.182,0.494
0.184,0.494
0.186,0.494
0.188,0.494
0.196,0.494
0.198,0.494
0.2,0.494
0.202,0.494
0.204,0.494
0.206,0.494
0.208,0.494
0.21,0.494
0.212,0.494
0.214,0.494
0.216,0.494
0.218,0.494
0.22,0.494
0.222,0.494
0.224,0.494
0.226,0.494
0.228,0.494
0.23,0.494
0.232,0.494
0.4,0.494
0.402,0.494
0.55,0.494
0.552,0.494
0.554,0.494
0.556,0.494
0.558,0.494
0.56,0.494
0.562,0.494
0.564,0.494
0.566,0.494
0.568,0.494
0.57,0.494
0.572,0.494
0.574,0.494
0.728,0.494
0.73,0.494
0.732,0.494
0.734,0.494
0.736,0.494
0.738,0.494
0.74,0.494
0.742,0.494
0.744,0.494
0.746,0.494
0.748,0.494
0.75,0.494
0.752,0.494
0.754,0.494
0.036,0.496
0.038,0.496
0.04,0.496
0.042,0.496
0.044,0.496
0.046,0.496
0.048,0.496
0.05,0.496
0.052,0.496
0.054,0.496
0.056,0.496
0.058,0.496
0.06,0.496
0.062,0.496
0.064,0.496
0.066,0.496
0.068,0.496
0.07,0.496
0.072,0.496
0.074,0.496
0.076,0.496
0.078,0.496
0.08,0.496
0.082,0.496
0.084,0.496
0.086,0.496
0.088,0.496
0.09,0.496
0.092,0.496
0.094,0.496
0.096,0.496
0.098,0.496
0.1,0.496
0.102,0.496
0.104,0.496
0.106,0.496
0.108,0.496
0.11,0.496
0.112,0.496
0.114,0.496
0.116,0.496
0.118,0.496
0.12,0.496
0.122,0.496
0.124,0.496
0.126,0.496
0.128,0.496
0.13,0.496
0.132,0.496
0.134,0.496
0.136,0.496
0.138,0.496
0.14,0.496
0.142,0.496
0.144,0.496
0.146,0.496
0.148,0.496
0.15,0.496
0.152,0.496
0.154,0.496
0.156,0.496
0.158,0.496
0.16,0.496
0.162,0.496
0.164,0.496
0.166,0.496
0.168,0.496
0.17,0.496
0.172,0.496
0.174,0.496
0.176,0.496
0.178,0.496
0.18,0.496
0.182,0.496
0.184,0.496
0.186,0.496
0.188,0.496
0.194,0.496
0.196,0.496
0.198,0.496
0.2,0.496
0.202,0.496
0.204,0.496
0.206,0.496
0.208,0.496
0.21,0.496
0.212,0.496
0.214,0.496
0.216,0.496
0.218,0.496
0.22,0.496
0.222,0.496
0.224,0.496
0.226,0.496
0.228,0.496
0.548,0.496
0.55,0.496
0.552,0.496
0.554,0.496
0.556,0.496
0.558,0.496
0.56,0.496
0.562,0.496
0.564,0.496
0.566,0.496
0.568,0.496
0.57,0.496
0.572,0.496
0.574,0.496
0.73,0.496
0.732,0.496
0.734,0.496
0.736,0.496
0.738,0.496
0.74,0.496
0.742,0.496
0.744,0.496
0.746,0.496
0.748,0.496
0.75,0.496
0.752,0.496
0.754,0.496
0.756,0.496
0.04,0.498
0.042,0.498
0.044,0.498
0.046,0.498
0.048,0.498
0.05,0.498
0.052,0.498
0.054,0.498
0.056,0.498
0.058,0.498
0.06,0.498
0.062,0.498
0.064,0.498
0.066,0.498
0.068,0.498
0.07,0.498
0.072,0.498
0.074,0.498
0.076,0.498
0.078,0.498
0.08,0.498
0.082,0.498
0.084,0.498
0.086,0.498
0.088,0.498
0.09,0.498
0.092,0.498
0.094,0.498
0.096,0.498
0.098,0.498
0.1,0.498
0.102,0.498
0.104,0.498
0.106,0.498
0.108,0.498
0.11,0.498
0.112,0.498
0.114,0.498
0.116,0.498
0.118,0.498
0.12,0.498
0.122,0.498
0.124,0.498
0.126,0.498
0.128,0.498
0.13,0.498
0.132,0.498
0.134,0.498
0.136,0.498
0.138,0.498
0.14,0.498
0.142,0.498
0.144,0.498
0.146,0.498
0.148,0.498
0.15,0.498
0.152,0.498
0.154,0.498
0.156,0.498
0.158,0.498
0.16,0.498
0.162,0.498
0.164,0.498
0.166,0.498
0.168,0.498
0.17,0.498
0.172,0.498
0.174,0.498
0.176,0.498
0.178,0.498
0.18,0.498
0.182,0.498
0.184,0.498
0.186,0.498
0.188,0.498
0.192,0.498
0.194,0.498
0.196,0.498
0.198,0.498
0.2,0.498
0.202,0.498
0.204,0.498
0.206,0.498
0.208,0.498
0.21,0.498
0.212,0.498
0.214,0.498
0.216,0.498
0.218,0.498
0.22,0.498
0.222,0.498
0.232,0.498
0.234,0.498
0.394,0.498
0.396,0.498
0.398,0.498
0.548,0.498
0.55,0.498
0.552,0.498
0.554,0.498
0.556,0.498
0.558,0.498
0.56,0.498
0.562,0.498
0.564,0.498
0.566,0.498
0.568,0.498
0.57,0.498
0.572,0.498
0.73,0.498
0.732,0.498
0.734,0.498
0.736,0.498
0.738,0.498
0.74,0.498
0.742,0.498
0.744,0.498
0.746,0.498
0.748,0.498
0.75,0.498
0.752,0.498
0.754,0.498
0.756,0.498
0.758,0.498
0.044,0.5
0.046,0.5
0.048,0.5
0.05,0.5
0.052,0.5
0.054,0.5
0.056,0.5
0.058,0.5
0.06,0.5
0.062,0.5
0.064,0.5
0.066,0.5
0.068,0.5
0.07,0.5
0.072,0.5
0.074,0.5
0.076,0.5
0.078,0.5
0.08,0.5
0.082,0.5
0.084,0.5
0.086,0.5
0.088,0.5
0.09,0.5
0.092,0.5
0.094,0.5
0.096,0.5
0.098,0.5
0.1,0.5
0.102,0.5
0.104,0.5
0.106,0.5
0.108,0.5
0.11,0.5
0.112,0.5
0.114,0.5
0.116,0.5
0.118,0.5
0.12,0.5
0.122,0.5
0.124,0.5
0.126,0.5
0.128,0.5
0.13,0.5
0.132,0.5
0.134,0.5
0.136,0.5
0.138,0.5
0.14,0.5
0.142,0.5
0.144,0.5
0.146,0.5
0.148,0.5
0.15,0.5
0.152,0.5
0.154,0.5
0.156,0.5
0.158,0.5
0.16,0.5
0.162,0.5
0.164,0.5
0.166,0.5
0.168,0.5
0.17,0.5
0.172,0.5
0.174,0.5
0.176,0.5
0.178,0.5
0.18,0.5
0.182,0.5
0.184,0.5
0.186,0.5
0.188,0.5
0.19,0.5
0.192,0.5
0.194,0.5
0.196,0.5
0.198,0.5
0.2,0.5
0.202,0.5
0.204,0.5
0.206,0.5
0.208,0.5
0.21,0.5
0.212,0.5
0.214,0.5
0.216,0.5
0.218,0.5
0.22,0.5
0.39,0.5
0.392,0.5
0.394,0.5
0.396,0.5
0.398,0.5
0.4,0.5
0.402,0.5
0.546,0.5
0.548,0.5
0.55,0.5
0.552,0.5
0.554,0.5
0.556,0.5
0.558,0.5
0.56,0.5
0.562,0.5
0.564,0.5
0.566,0.5
0.568,0.5
0.57,0.5
0.732,0.5
0.734,0.5
0.736,0.5
0.738,0.5
0.74,0.5
0.742,0.5
0.744,0.5
0.746,0.5
0.748,0.5
0.75,0.5
0.752,0.5
0.754,0.5
0.756,0.5
0.758,0.5
0.05,0.502
0.052,0.502
0.054,0.502
0.056,0.502
0.058,0.502
0.06,0.502
0.062,0.502
0.064,0.502
0.066,0.502
0.068,0.502
0.07,0.502
0.072,0.502
0.074,0.502
0.076,0.502
0.078,0.502
0.08,0.502
0.082,0.502
0.084,0.502
0.086,0.502
0.088,0.502
0.09,0.502
0.092,0.502
0.094,0.502
0.096,0.502
0.098,0.502
0.1,0.502
0.102,0.502
0.104,0.502
0.106,0.502
0.108,0.502
0.11,0.502
0.112,0.502
0.114,0.502
0.116,0.502
0.118,0.502
0.12,0.502
0.122,0.502
0.124,0.502
0.126,0.502
0.128,0.502
0.13,0.502
0.132,0.502
0.134,0.502
0.136,0.502
0.138,0.502
0.14,0.502
0.142,0.502
0.144,0.502
0.146,0.502
0.148,0.502
0.15,0.502
0.152,0.502
0.154,0.502
0.156,0.502
0.158,0.502
0.16,0.502
0.162,0.502
0.164,0.502
0.166,0.502
0.168,0.502
0.17,0.502
0.172,0.502
0.174,0.502
0.176,0.502
0.178,0.502
0.18,0.502
0.182,0.502
0.184,0.502
0.186,0.502
0.188,0.502
0.19,0.502
0.192,0.502
0.194,0.502
0.196,0.502
0.198,0.502
0.2,0.502
0.202,0.502
0.204,0.502
0.206,0.502
0.208,0.502
0.21,0.502
0.212,0.502
0.214,0.502
0.216,0.502
0.218,0.502
0.388,0.502
0.39,0.502
0.392,0.502
0.394,0.502
0.396,0.502
0.398,0.502
0.4,0.502
0.402,0.502
0.404,0.502
0.544,0.502
0.546,0.502
0.548,0.502
0.55,0.502
0.552,0.502
0.554,0.502
0.556,0.502
0.558,0.502
0.56,0.502
0.562,0.502
0.564,0.502
0.566,0.502
0.568,0.502
0.57,0.502
0.734,0.502
0.736,0.502
0.738,0.502
0.74,0.502
0.742,0.502
0.744,0.502
0.746,0.502
0.748,0.502
0.75,0.502
0.752,0.502
0.754,0.502
0.756,0.502
0.758,0.502
0.76,0.502
0.056,0.504
0.058,0.504
0.06,0.504
0.062,0.504
0.064,0.504
0.066,0.504
0.068,0.504
0.07,0.504
0.072,0.504
0.074,0.504
0.076,0.504
0.078,0.504
0.08,0.504
0.082,0.504
0.084,0.504
0.086,0.504
0.088,0.504
0.09,0.504
0.092,0.504
0.094,0.504
0.096,0.504
0.098,0.504
0.1,0.504
0.102,0.504
0.104,0.504
0.106,0.504
0.108,0.504
0.11,0.504
0.112,0.504
0.114,0.504
0.116,0.504
0.118,0.504
0.12,0.504
0.122,0.504
0.124,0.504
0.126,0.504
0.128,0.504
0.13,0.504
0.132,0.504
0.134,0.504
0.136,0.504
0.138,0.504
0.14,0.504
0.142,0.504
0.144,0.504
0.146,0.504
0.148,0.504
0.15,0.504
0.152,0.504
0.154,0.504
0.156,0.504
0.158,0.504
0.16,0.504
0.162,0.504
0.164,0.504
0.166,0.504
0.168,0.504
0.17,0.504
0.172,0.504
0.174,0.504
0.176,0.504
0.178,0.504
0.18,0.504
0.182,0.504
0.184,0.504
0.186,0.504
0.188,0.504
0.19,0.504
0.192,0.504
0.194,0.504
0.196,0.504
0.198,0.504
0.2,0.504
0.202,0.504
0.204,0.504
0.206,0.504
0.208,0.504
0.21,0.504
0.212,0.504
0.214,0.504
0.216,0.504
0.386,0.504
0.388,0.504
0.39,0.504
0.392,0.504
0.394,0.504
0.396,0.504
0.398,0.504
0.4,0.504
0.402,0.504
0.404,0.504
0.406,0.504
0.544,0.504
0.546,0.504
0.548,0.504
0.55,0.504
0.552,0.504
0.554,0.504
0.556,0.504
0.558,0.504
0.56,0.504
0.562,0.504
0.564,0.504
0.566,0.504
0.568,0.504
0.736,0.504
0.738,0.504
0.74,0.504
0.742,0.504
0.744,0.504
0.746,0.504
0.748,0.504
0.75,0.504
0.752,0.504
0.754,0.504
0.756,0.504
0.758,0.504
0.76,0.504
0.762,0.504
0.064,0.506
0.066,0.506
0.068,0.506
0.07,0.506
0.072,0.506
0.074,0.506
0.076,0.506
0.078,0.506
0.08,0.506
0.082,0.506
0.084,0.506
0.086,0.506
0.088,0.506
0.09,0.506
0.092,0.506
0.094,0.506
0.096,0.506
0.098,0.506
0.1,0.506
0.102,0.506
0.104,0.506
0.106,0.506
0.108,0.506
0.11,0.506
0.112,0.506
0.114,0.506
0.116,0.506
0.118,0.506
0.12,0.506
0.122,0.506
0.124,0.506
0.126,0.506
0.128,0.506
0.13,0.506
0.132,0.506
0.134,0.506
0.136,0.506
0.138,0.506
0.14,0.506
0.142,0.506
0.144,0.506
0.146,0.506
0.18,0.506
0.182,0.506
0.184,0.506
0.186,0.506
0.188,0.506
0.19,0.506
0.192,0.506
0.194,0.506
0.196,0.506
0.198,0.506
0.2,0.506
0.202,0.506
0.204,0.506
0.206,0.506
0.208,0.506
0.21,0.506
0.212,0.506
0.214,0.506
0.382,0.506
0.384,0.506
0.386,0.506
0.388,0.506
0.39,0.506
0.392,0.506
0.394,0.506
0.396,0.506
0.398,0.506
0.4,0.506
0.402,0.506
0.404,0.506
0.406,0.506
0.542,0.506
0.544,0.506
0.546,0.506
0.548,0.506
0.55,0.506
0.552,0.506
0.554,0.506
0.556,0.506
0.558,0.506
0.56,0.506
0.562,0.506
0.564,0.506
0.566,0.506
0.738,0.506
0.74,0.506
0.742,0.506
0.744,0.506
0.746,0.506
0.748,0.506
0.75,0.506
0.752,0.506
0.754,0.506
0.756,0.506
0.758,0.506
0.76,0.506
0.762,0.506
0.178,0.508
0.18,0.508
0.182,0.508
0.184,0.508
0.186,0.508
0.188,0.508
0.19,0.508
0.192,0.508
0.194,0.508
0.196,0.508
0.198,0.508
0.2,0.508
0.202,0.508
0.204,0.508
0.206,0.508
0.208,0.508
0.21,0.508
0.212,0.508
0.38,0.508
0.382,0.508
0.384,0.508
0.386,0.508
0.388,0.508
0.39,0.508
0.392,0.508
0.394,0.508
0.396,0.508
0.398,0.508
0.4,0.508
0.402,0.508
0.404,0.508
0.406,0.508
0.538,0.508
0.54,0.508
0.542,0.508
0.544,0.508
0.546,0.508
0.548,0.508
0.55,0.508
0.552,0.508
0.554,0.508
0.556,0.508
0.558,0.508
0.56,0.508
0.562,0.508
0.564,0.508
0.566,0.508
0.74,0.508
0.742,0.508
0.744,0.508
0.746,0.508
0.748,0.508
0.75,0.508
0.752,0.508
0.754,0.508
0.756,0.508
0.758,0.508
0.76,0.508
0.762,0.508
0.764,0.508
0.176,0.51
0.178,0.51
0.18,0.51
0.182,0.51
0.184,0.51
0.186,0.51
0.188,0.51
0.19,0.51
0.192,0.51
0.194,0.51
0.196,0.51
0.198,0.51
0.2,0.51
0.202,0.51
0.204,0.51
0.206,0.51
0.208,0.51
0.21,0.51
0.378,0.51
0.38,0.51
0.382,0.51
0.384,0.51
0.386,0.51
0.388,0.51
0.39,0.51
0.392,0.51
0.394,0.51
0.396,0.51
0.398,0.51
0.4,0.51
0.402,0.51
0.404,0.51
0.406,0.51
0.534,0.51
0.536,0.51
0.538,0.51
0.54,0.51
0.542,0.51
0.544,0.51
0.546,0.51
0.548,0.51
0.55,0.51
0.552,0.51
0.554,0.51
0.556,0.51
0.558,0.51
0.56,0.51
0.562,0.51
0.564,0.51
0.74,0.51
0.742,0.51
0.744,0.51
0.746,0.51
0.748,0.51
0.75,0.51
0.752,0.51
0.754,0.51
0.756,0.51
0.758,0.51
0.76,0.51
0.762,0.51
0.764,0.51
0.766,0.51
0.174,0.512
0.176,0.512
0.178,0.512
0.18,0.512
0.182,0.512
0.184,0.512
0.186,0.512
0.188,0.512
0.19,0.512
0.192,0.512
0.194,0.512
0.196,0.512
0.198,0.512
0.2,0.512
0.202,0.512
0.204,0.512
0.206,0.512
0.208,0.512
0.376,0.512
0.378,0.512
0.38,0.512
0.382,0.512
0.384,0.512
0.386,0.512
0.388,0.512
0.39,0.512
0.392,0.512
0.394,0.512
0.396,0.512
0.398,0.512
0.4,0.512
0.402,0.512
0.404,0.512
0.406,0.512
0.526,0.512
0.528,0.512
0.53,0.512
0.532,0.512
0.534,0.512
0.536,0.512
0.538,0.512
0.54,0.512
0.542,0.512
0.544,0.512
0.546,0.512
0.548,0.512
0.55,0.512
0.552,0.512
0.554,0.512
0.556,0.512
0.558,0.512
0.56,0.512
0.562,0.512
0.742,0.512
0.744,0.512
0.746,0.512
0.748,0.512
0.75,0.512
0.752,0.512
0.754,0.512
0.756,0.512
0.758,0.512
0.76,0.512
0.762,0.512
0.764,0.512
0.766,0.512
0.768,0.512
0.174,0.514
0.176,0.514
0.178,0.514
0.18,0.514
0.182,0.514
0.184,0.514
0.186,0.514
0.188,0.514
0.19,0.514
0.192,0.514
0.194,0.514
0.196,0.514
0.198,0.514
0.2,0.514
0.202,0.514
0.204,0.514
0.206,0.514
0.374,0.514
0.376,0.514
0.378,0.514
0.38,0.514
0.382,0.514
0.384,0.514
0.386,0.514
0.388,0.514
0.39,0.514
0.392,0.514
0.394,0.514
0.396,0.514
0.398,0.514
0.4,0.514
0.402,0.514
0.404,0.514
0.406,0.514
0.516,0.514
0.518,0.514
0.52,0.514
0.522,0.514
0.524,0.514
0.526,0.514
0.528,0.514
0.53,0.514
0.532,0.514
0.534,0.514
0.536,0.514
0.538,0.514
0.54,0.514
0.542,0.514
0.544,0.514
0.546,0.514
0.548,0.514
0.55,0.514
0.552,0.514
0.554,0.514
0.556,0.514
0.558,0.514
0.56,0.514
0.562,0.514
0.742,0.514
0.744,0.514
0.746,0.514
0.748,0.514
0.75,0.514
0.752,0.514
0.754,0.514
0.756,0.514
0.758,0.514
0.76,0.514
0.762,0.514
0.764,0.514
0.766,0.514
0.768,0.514
0.77,0.514
0.172,0.516
0.174,0.516
0.176,0.516
0.178,0.516
0.18,0.516
0.182,0.516
0.184,0.516
0.186,0.516
0.188,0.516
0.19,0.516
0.192,0.516
0.194,0.516
0.196,0.516
0.198,0.516
0.2,0.516
0.202,0.516
0.204,0.516
0.372,0.516
0.374,0.516
0.376,0.516
0.378,0.516
0.38,0.516
0.382,0.516
0.384,0.516
0.386,0.516
0.388,0.516
0.39,0.516
0.392,0.516
0.394,0.516
0.396,0.516
0.398,0.516
0.4,0.516
0.402,0.516
0.404,0.516
0.51,0.516
0.512,0.516
0.514,0.516
0.516,0.516
0.518,0.516
0.52,0.516
0.522,0.516
0.524,0.516
0.526,0.516
0.528,0.516
0.53,0.516
0.532,0.516
0.534,0.516
0.536,0.516
0.538,0.516
0.54,0.516
0.542,0.516
0.544,0.516
0.546,0.516
0.548,0.516
0.55,0.516
0.552,0.516
0.554,0.516
0.556,0.516
0.558,0.516
0.56,0.516
0.744,0.516
0.746,0.516
0.748,0.516
0.75,0.516
0.752,0.516
0.754,0.516
0.756,0.516
0.758,0.516
0.76,0.516
0.762,0.516
0.764,0.516
0.766,0.516
0.768,0.516
0.77,0.516
0.772,0.516
0.17,0.518
0.172,0.518
0.174,0.518
0.176,0.518
0.178,0.518
0.18,0.518
0.182,0.518
0.184,0.518
0.186,0.518
0.188,0.518
0.19,0.518
0.192,0.518
0.194,0.518
0.196,0.518
0.198,0.518
0.2,0.518
0.37,0.518
0.372,0.518
0.374,0.518
0.376,0.518
0.378,0.518
0.38,0.518
0.382,0.518
0.384,0.518
0.386,0.518
0.388,0.518
0.39,0.518
0.392,0.518
0.394,0.518
0.396,0.518
0.398,0.518
0.4,0.518
0.402,0.518
0.502,0.518
0.504,0.518
0.506,0.518
0.508,0.518
0.51,0.518
0.512,0.518
0.514,0.518
0.516,0.518
0.518,0.518
0.52,0.518
0.522,0.518
0.524,0.518
0.526,0.518
0.528,0.518
0.53,0.518
0.532,0.518
0.534,0.518
0.536,0.518
0.538,0.518
0.54,0.518
0.542,0.518
0.544,0.518
0.546,0.518
0.548,0.518
0.55,0.518
0.552,0.518
0.554,0.518
0.556,0.518
0.558,0.518
0.746,0.518
0.748,0.518
0.75,0.518
0.752,0.518
0.754,0.518
0.756,0.518
0.758,0.518
0.76,0.518
0.762,0.518
0.764,0.518
0.766,0.518
0.768,0.518
0.77,0.518
0.772,0.518
0.774,0.518
0.17,0.52
0.172,0.52
0.174,0.52
0.176,0.52
0.178,0.52
0.18,0.52
0.182,0.52
0.184,0.52
0.186,0.52
0.188,0.52
0.19,0.52
0.192,0.52
0.194,0.52
0.196,0.52
0.198,0.52
0.368,0.52
0.37,0.52
0.372,0.52
0.374,0.52
0.376,0.52
0.378,0.52
0.38,0.52
0.382,0.52
0.384,0.52
0.386,0.52
0.388,0.52
0.39,0.52
0.392,0.52
0.394,0.52
0.396,0.52
0.398,0.52
0.4,0.52
0.488,0.52
0.49,0.52
0.492,0.52
0.494,0.52
0.496,0.52
0.498,0.52
0.5,0.52
0.502,0.52
0.504,0.52
0.506,0.52
0.508,0.52
0.51,0.52
0.512,0.52
0.514,0.52
0.516,0.52
0.518,0.52
0.52,0.52
0.522,0.52
0.524,0.52
0.526,0.52
0.528,0.52
0.53,0.52
0.532,0.52
0.534,0.52
0.536,0.52
0.538,0.52
0.54,0.52
0.542,0.52
0.544,0.52
0.546,0.52
0.548,0.52
0.55,0.52
0.552,0.52
0.554,0.52
0.556,0.52
0.748,0.52
0.75,0.52
0.752,0.52
0.754,0.52
0.756,0.52
0.758,0.52
0.76,0.52
0.762,0.52
0.764,0.52
0.766,0.52
0.768,0.52
0.77,0.52
0.772,0.52
0.774,0.52
0.776,0.52
0.168,0.522
0.17,0.522
0.172,0.522
0.174,0.522
0.176,0.522
0.178,0.522
0.18,0.522
0.182,0.522
0.184,0.522
0.186,0.522
0.188,0.522
0.19,0.522
0.192,0.522
0.194,0.522
0.366,0.522
0.368,0.522
0.37,0.522
0.372,0.522
0.374,0.522
0.376,0.522
0.378,0.522
0.38,0.522
0.382,0.522
0.384,0.522
0.386,0.522
0.388,0.522
0.39,0.522
0.392,0.522
0.394,0.522
0.396,0.522
0.398,0.522
0.482,0.522
0.484,0.522
0.486,0.522
0.488,0.522
0.49,0.522
0.492,0.522
0.494,0.522
0.496,0.522
0.498,0.522
0.5,0.522
0.502,0.522
0.504,0.522
0.506,0.522
0.508,0.522
0.51,0.522
0.512,0.522
0.514,0.522
0.516,0.522
0.518,0.522
0.52,0.522
0.522,0.522
0.524,0.522
0.526,0.522
0.528,0.522
0.53,0.522
0.532,0.522
0.534,0.522
0.536,0.522
0.538,0.522
0.54,0.522
0.542,0.522
0.544,0.522
0.546,0.522
0.548,0.522
0.55,0.522
0.552,0.522
0.554,0.522
0.556,0.522
0.75,0.522
0.752,0.522
0.754,0.522
0.756,0.522
0.758,0.522
0.76,0.522
0.762,0.522
0.764,0.522
0.766,0.522
0.768,0.522
0.77,0.522
0.772,0.522
0.774,0.522
0.776,0.522
0.778,0.522
0.168,0.524
0.17,0.524
0.172,0.524
0.174,0.524
0.176,0.524
0.178,0.524
0.18,0.524
0.182,0.524
0.184,0.524
0.186,0.524
0.188,0.524
0.19,0.524
0.192,0.524
0.364,0.524
0.366,0.524
0.368,0.524
0.37,0.524
0.372,0.524
0.374,0.524
0.376,0.524
0.378,0.524
0.38,0.524
0.382,0.524
0.384,0.524
0.386,0.524
0.388,0.524
0.39,0.524
0.392,0.524
0.394,0.524
0.474,0.524
0.476,0.524
0.478,0.524
0.48,0.524
0.482,0.524
0.484,0.524
0.486,0.524
0.488,0.524
0.49,0.524
0.492,0.524
0.494,0.524
0.496,0.524
0.498,0.524
0.5,0.524
0.502,0.524
0.504,0.524
0.506,0.524
0.508,0.524
0.51,0.524
0.512,0.524
0.514,0.524
0.516,0.524
0.518,0.524
0.52,0.524
0.522,0.524
0.524,0.524
0.526,0.524
0.528,0.524
0.53,0.524
0.532,0.524
0.534,0.524
0.536,0.524
0.538,0.524
0.54,0.524
0.542,0.524
0.544,0.524
0.546,0.524
0.548,0.524
0.55,0.524
0.552,0.524
0.554,0.524
0.752,0.524
0.754,0.524
0.756,0.524
0.758,0.524
0.76,0.524
0.762,0.524
0.764,0.524
0.766,0.524
0.768,0.524
0.77,0.524
0.772,0.524
0.774,0.524
0.776,0.524
0.778,0.524
0.78,0.524
0.166,0.526
0.168,0.526
0.17,0.526
0.172,0.526
0.174,0.526
0.176,0.526
0.178,0.526
0.18,0.526
0.182,0.526
0.184,0.526
0.186,0.526
0.188,0.526
0.19,0.526
0.364,0.526
0.366,0.526
0.368,0.526
0.37,0.526
0.372,0.526
0.374,0.526
0.376,0.526
0.378,0.526
0.38,0.526
0.382,0.526
0.384,0.526
0.386,0.526
0.388,0.526
0.39,0.526
0.392,0.526
0.47,0.526
0.472,0.526
0.474,0.526
0.476,0.526
0.478,0.526
0.48,0.526
0.482,0.526
0.484,0.526
0.486,0.526
0.488,0.526
0.49,0.526
0.492,0.526
0.494,0.526
0.496,0.526
0.498,0.526
0.5,0.526
0.502,0.526
0.504,0.526
0.506,0.526
0.508,0.526
0.51,0.526
0.512,0.526
0.514,0.526
0.516,0.526
0.518,0.526
0.52,0.526
0.522,0.526
0.524,0.526
0.526,0.526
0.528,0.526
0.53,0.526
0.532,0.526
0.534,0.526
0.536,0.526
0.538,0.526
0.54,0.526
0.542,0.526
0.544,0.526
0.546,0.526
0.548,0.526
0.55,0.526
0.552,0.526
0.554,0.526
0.752,0.526
0.754,0.526
0.756,0.526
0.758,0.526
0.76,0.526
0.762,0.526
0.764,0.526
0.766,0.526
0.768,0.526
0.77,0.526
0.772,0.526
0.774,0.526
0.776,0.526
0.778,0.526
0.78,0.526
0.782,0.526
0.164,0.528
0.166,0.528
0.168,0.528
0.17,0.528
0.172,0.528
0.174,0.528
0.176,0.528
0.178,0.528
0.18,0.528
0.182,0.528
0.184,0.528
0.186,0.528
0.188,0.528
0.19,0.528
0.362,0.528
0.364,0.528
0.366,0.528
0.368,0.528
0.37,0.528
0.372,0.528
0.374,0.528
0.376,0.528
0.378,0.528
0.38,0.528
0.382,0.528
0.384,0.528
0.386,0.528
0.388,0.528
0.464,0.528
0.466,0.528
0.468,0.528
0.47,0.528
0.472,0.528
0.474,0.528
0.476,0.528
0.478,0.528
0.48,0.528
0.482,0.528
0.484,0.528
0.486,0.528
0.488,0.528
0.49,0.528
0.492,0.528
0.494,0.528
0.496,0.528
0.498,0.528
0.5,0.528
0.502,0.528
0.504,0.528
0.506,0.528
0.508,0.528
0.51,0.528
0.512,0.528
0.514,0.528
0.516,0.528
0.518,0.528
0.52,0.528
0.522,0.528
0.524,0.528
0.526,0.528
0.528,0.528
0.53,0.528
0.532,0.528
0.534,0.528
0.536,0.528
0.538,0.528
0.54,0.528
0.542,0.528
0.544,0.528
0.546,0.528
0.548,0.528
0.754,0.528
0.756,0.528
0.758,0.528
0.76,0.528
0.762,0.528
0.764,0.528
0.766,0.528
0.768,0.528
0.77,0.528
0.772,0.528
0.774,0.528
0.776,0.528
0.778,0.528
0.78,0.528
0.782,0.528
0.162,0.53
0.164,0.53
0.166,0.53
0.168,0.53
0.17,0.53
0.172,0.53
0.174,0.53
0.176,0.53
0.178,0.53
0.18,0.53
0.182,0.53
0.184,0.53
0.186,0.53
0.188,0.53
0.19,0.53
0.36,0.53
0.362,0.53
0.364,0.53
0.366,0.53
0.368,0.53
0.37,0.53
0.372,0.53
0.374,0.53
0.376,0.53
0.378,0.53
0.38,0.53
0.382,0.53
0.384,0.53
0.386,0.53
0.46,0.53
0.462,0.53
0.464,0.53
0.466,0.53
0.468,0.53
0.47,0.53
0.472,0.53
0.474,0.53
0.476,0.53
0.478,0.53
0.48,0.53
0.482,0.53
0.484,0.53
0.486,0.53
0.488,0.53
0.49,0.53
0.492,0.53
0.494,0.53
0.496,0.53
0.498,0.53
0.5,0.53
0.502,0.53
0.504,0.53
0.506,0.53
0.508,0.53
0.51,0.53
0.512,0.53
0.514,0.53
0.516,0.53
0.518,0.53
0.52,0.53
0.522,0.53
0.524,0.53
0.526,0.53
0.528,0.53
0.53,0.53
0.532,0.53
0.534,0.53
0.536,0.53
0.538,0.53
0.54,0.53
0.542,0.53
0.756,0.53
0.758,0.53
0.76,0.53
0.762,0.53
0.764,0.53
0.766,0.53
0.768,0.53
0.77,0.53
0.772,0.53
0.774,0.53
0.776,0.53
0.778,0.53
0.78,0.53
0.782,0.53
0.784,0.53
0.162,0.532
0.164,0.532
0.166,0.532
0.168,0.532
0.17,0.532
0.172,0.532
0.174,0.532
0.176,0.532
0.178,0.532
0.18,0.532
0.182,0.532
0.184,0.532
0.186,0.532
0.358,0.532
0.36,0.532
0.362,0.532
0.364,0.532
0.366,0.532
0.368,0.532
0.37,0.532
0.372,0.532
0.374,0.532
0.376,0.532
0.378,0.532
0.38,0.532
0.382,0.532
0.384,0.532
0.456,0.532
0.458,0.532
0.46,0.532
0.462,0.532
0.464,0.532
0.466,0.532
0.468,0.532
0.47,0.532
0.472,0.532
0.474,0.532
0.476,0.532
0.478,0.532
0.48,0.532
0.482,0.532
0.484,0.532
0.486,0.532
0.488,0.532
0.49,0.532
0.492,0.532
0.494,0.532
0.496,0.532
0.498,0.532
0.5,0.532
0.502,0.532
0.504,0.532
0.506,0.532
0.508,0.532
0.51,0.532
0.512,0.532
0.514,0.532
0.516,0.532
0.518,0.532
0.52,0.532
0.522,0.532
0.524,0.532
0.526,0.532
0.528,0.532
0.53,0.532
0.532,0.532
0.534,0.532
0.758,0.532
0.76,0.532
0.762,0.532
0.764,0.532
0.766,0.532
0.768,0.532
0.77,0.532
0.772,0.532
0.774,0.532
0.776,0.532
0.778,0.532
0.78,0.532
0.782,0.532
0.784,0.532
0.786,0.532
0.16,0.534
0.162,0.534
0.164,0.534
0.166,0.534
0.168,0.534
0.17,0.534
0.172,0.534
0.174,0.534
0.176,0.534
0.178,0.534
0.18,0.534
0.182,0.534
0.184,0.534
0.186,0.534
0.358,0.534
0.36,0.534
0.362,0.534
0.364,0.534
0.366,0.534
0.368,0.534
0.37,0.534
0.372,0.534
0.374,0.534
0.376,0.534
0.378,0.534
0.38,0.534
0.382,0.534
0.384,0.534
0.45,0.534
0.452,0.534
0.454,0.534
0.456,0.534
0.458,0.534
0.46,0.534
0.462,0.534
0.464,0.534
0.466,0.534
0.468,0.534
0.47,0.534
0.472,0.534
0.474,0.534
0.476,0.534
0.478,0.534
0.48,0.534
0.482,0.534
0.484,0.534
0.486,0.534
0.488,0.534
0.49,0.534
0.492,0.534
0.494,0.534
0.496,0.534
0.498,0.534
0.5,0.534
0.502,0.534
0.504,0.534
0.506,0.534
0.508,0.534
0.51,0.534
0.512,0.534
0.514,0.534
0.516,0.534
0.518,0.534
0.52,0.534
0.522,0.534
0.524,0.534
0.526,0.534
0.76,0.534
0.762,0.534
0.764,0.534
0.766,0.534
0.768,0.534
0.77,0.534
0.772,0.534
0.774,0.534
0.776,0.534
0.778,0.534
0.78,0.534
0.782,0.534
0.784,0.534
0.786,0.534
0.788,0.534
0.156,0.536
0.158,0.536
0.16,0.536
0.162,0.536
0.164,0.536
0.166,0.536
0.168,0.536
0.17,0.536
0.172,0.536
0.174,0.536
0.176,0.536
0.178,0.536
0.18,0.536
0.182,0.536
0.184,0.536
0.356,0.536
0.358,0.536
0.36,0.536
0.362,0.536
0.364,0.536
0.366,0.536
0.368,0.536
0.37,0.536
0.372,0.536
0.374,0.536
0.376,0.536
0.378,0.536
0.38,0.536
0.382,0.536
0.448,0.536
0.45,0.536
0.452,0.536
0.454,0.536
0.456,0.536
0.458,0.536
0.46,0.536
0.462,0.536
0.464,0.536
0.466,0.536
0.468,0.536
0.47,0.536
0.472,0.536
0.474,0.536
0.476,0.536
0.478,0.536
0.48,0.536
0.482,0.536
0.484,0.536
0.486,0.536
0.488,0.536
0.49,0.536
0.492,0.536
0.494,0.536
0.496,0.536
0.498,0.536
0.5,0.536
0.502,0.536
0.504,0.536
0.506,0.536
0.508,0.536
0.51,0.536
0.512,0.536
0.514,0.536
0.516,0.536
0.518,0.536
0.52,0.536
0.762,0.536
0.764,0.536
0.766,0.536
0.768,0.536
0.77,0.536
0.772,0.536
0.774,0.536
0.776,0.536
0.778,0.536
0.78,0.536
0.782,0.536
0.784,0.536
0.786,0.536
0.788,0.536
0.154,0.538
0.156,0.538
0.158,0.538
0.16,0.538
0.162,0.538
0.164,0.538
0.166,0.538
0.168,0.538
0.17,0.538
0.172,0.538
0.174,0.538
0.176,0.538
0.178,0.538
0.18,0.538
0.182,0.538
0.354,0.538
0.356,0.538
0.358,0.538
0.36,0.538
0.362,0.538
0.364,0.538
0.366,0.538
0.368,0.538
0.37,0.538
0.372,0.538
0.374,0.538
0.376,0.538
0.378,0.538
0.38,0.538
0.444,0.538
0.446,0.538
0.448,0.538
0.45,0.538
0.452,0.538
0.454,0.538
0.456,0.538
0.458,0.538
0.46,0.538
0.462,0.538
0.464,0.538
0.466,0.538
0.468,0.538
0.47,0.538
0.472,0.538
0.474,0.538
0.476,0.538
0.478,0.538
0.48,0.538
0.482,0.538
0.484,0.538
0.486,0.538
0.488,0.538
0.49,0.538
0.492,0.538
0.494,0.538
0.496,0.538
0.498,0.538
0.5,0.538
0.502,0.538
0.504,0.538
0.506,0.538
0.508,0.538
0.51,0.538
0.512,0.538
0.514,0.538
0.764,0.538
0.766,0.538
0.768,0.538
0.77,0.538
0.772,0.538
0.774,0.538
0.776,0.538
0.778,0.538
0.78,0.538
0.782,0.538
0.784,0.538
0.786,0.538
0.788,0.538
0.79,0.538
0.15,0.54
0.152,0.54
0.154,0.54
0.156,0.54
0.158,0.54
0.16,0.54
0.162,0.54
0.164,0.54
0.166,0.54
0.168,0.54
0.17,0.54
0.172,0.54
0.174,0.54
0.176,0.54
0.178,0.54
0.18,0.54
0.182,0.54
0.352,0.54
0.354,0.54
0.356,0.54
0.358,0.54
0.36,0.54
0.362,0.54
0.364,0.54
0.366,0.54
0.368,0.54
0.37,0.54
0.372,0.54
0.374,0.54
0.376,0.54
0.378,0.54
0.44,0.54
0.442,0.54
0.444,0.54
0.446,0.54
0.448,0.54
0.45,0.54
0.452,0.54
0.454,0.54
0.456,0.54
0.458,0.54
0.46,0.54
0.462,0.54
0.464,0.54
0.466,0.54
0.468,0.54
0.47,0.54
0.472,0.54
0.474,0.54
0.476,0.54
0.478,0.54
0.48,0.54
0.482,0.54
0.484,0.54
0.486,0.54
0.488,0.54
0.49,0.54
0.492,0.54
0.494,0.54
0.496,0.54
0.764,0.54
0.766,0.54
0.768,0.54
0.77,0.54
0.772,0.54
0.774,0.54
0.776,0.54
0.778,0.54
0.78,0.54
0.782,0.54
0.784,0.54
0.786,0.54
0.788,0.54
0.79,0.54
0.792,0.54
0.148,0.542
0.15,0.542
0.152,0.542
0.154,0.542
0.156,0.542
0.158,0.542
0.16,0.542
0.162,0.542
0.164,0.542
0.166,0.542
0.168,0.542
0.17,0.542
0.172,0.542
0.174,0.542
0.176,0.542
0.178,0.542
0.18,0.542
0.348,0.542
0.35,0.542
0.352,0.542
0.354,0.542
0.356,0.542
0.358,0.542
0.36,0.542
0.362,0.542
0.364,0.542
0.366,0.542
0.368,0.542
0.37,0.542
0.372,0.542
0.374,0.542
0.376,0.542
0.378,0.542
0.436,0.542
0.438,0.542
0.44,0.542
0.442,0.542
0.444,0.542
0.446,0.542
0.448,0.542
0.45,0.542
0.452,0.542
0.454,0.542
0.456,0.542
0.458,0.542
0.46,0.542
0.462,0.542
0.464,0.542
0.466,0.542
0.468,0.542
0.47,0.542
0.472,0.542
0.474,0.542
0.476,0.542
0.478,0.542
0.48,0.542
0.482,0.542
0.484,0.542
0.486,0.542
0.488,0.542
0.49,0.542
0.492,0.542
0.766,0.542
0.768,0.542
0.77,0.542
0.772,0.542
0.774,0.542
0.776,0.542
0.778,0.542
0.78,0.542
0.782,0.542
0.784,0.542
0.786,0.542
0.788,0.542
0.79,0.542
0.792,0.542
0.794,0.542
0.146,0.544
0.148,0.544
0.15,0.544
0.152,0.544
0.154,0.544
0.156,0.544
0.158,0.544
0.16,0.544
0.162,0.544
0.164,0.544
0.166,0.544
0.168,0.544
0.17,0.544
0.172,0.544
0.174,0.544
0.176,0.544
0.178,0.544
0.346,0.544
0.348,0.544
0.35,0.544
0.352,0.544
0.354,0.544
0.356,0.544
0.358,0.544
0.36,0.544
0.362,0.544
0.364,0.544
0.366,0.544
0.368,0.544
0.37,0.544
0.372,0.544
0.374,0.544
0.376,0.544
0.428,0.544
0.43,0.544
0.432,0.544
0.434,0.544
0.436,0.544
0.438,0.544
0.44,0.544
0.442,0.544
0.444,0.544
0.446,0.544
0.448,0.544
0.45,0.544
0.452,0.544
0.454,0.544
0.456,0.544
0.458,0.544
0.46,0.544
0.462,0.544
0.464,0.544
0.466,0.544
0.468,0.544
0.47,0.544
0.472,0.544
0.474,0.544
0.476,0.544
0.478,0.544
0.48,0.544
0.482,0.544
0.484,0.544
0.486,0.544
0.768,0.544
0.77,0.544
0.772,0.544
0.774,0.544
0.776,0.544
0.778,0.544
0.78,0.544
0.782,0.544
0.784,0.544
0.786,0.544
0.788,0.544
0.79,0.544
0.792,0.544
0.794,0.544
0.796,0.544
0.144,0.546
0.146,0.546
0.148,0.546
0.15,0.546
0.152,0.546
0.154,0.546
0.156,0.546
0.158,0.546
0.16,0.546
0.162,0.546
0.164,0.546
0.166,0.546
0.168,0.546
0.17,0.546
0.172,0.546
0.174,0.546
0.176,0.546
0.344,0.546
0.346,0.546
0.348,0.546
0.35,0.546
0.352,0.546
0.354,0.546
0.356,0.546
0.358,0.546
0.36,0.546
0.362,0.546
0.364,0.546
0.366,0.546
0.368,0.546
0.37,0.546
0.372,0.546
0.374,0.546
0.422,0.546
0.424,0.546
0.426,0.546
0.428,0.546
0.43,0.546
0.432,0.546
0.434,0.546
0.436,0.546
0.438,0.546
0.44,0.546
0.442,0.546
0.444,0.546
0.446,0.546
0.448,0.546
0.45,0.546
0.452,0.546
0.454,0.546
0.456,0.546
0.458,0.546
0.46,0.546
0.462,0.546
0.464,0.546
0.466,0.546
0.468,0.546
0.47,0.546
0.472,0.546
0.474,0.546
0.476,0.546
0.478,0.546
0.77,0.546
0.772,0.546
0.774,0.546
0.776,0.546
0.778,0.546
0.78,0.546
0.782,0.546
0.784,0.546
0.786,0.546
0.788,0.546
0.79,0.546
0.792,0.546
0.794,0.546
0.796,0.546
0.798,0.546
0.142,0.548
0.144,0.548
0.146,0.548
0.148,0.548
0.15,0.548
0.152,0.548
0.154,0.548
0.156,0.548
0.158,0.548
0.16,0.548
0.162,0.548
0.164,0.548
0.166,0.548
0.168,0.548
0.17,0.548
0.172,0.548
0.174,0.548
0.176,0.548
0.342,0.548
0.344,0.548
0.346,0.548
0.348,0.548
0.35,0.548
0.352,0.548
0.354,0.548
0.356,0.548
0.358,0.548
0.36,0.548
0.362,0.548
0.364,0.548
0.366,0.548
0.368,0.548
0.37,0.548
0.372,0.548
0.374,0.548
0.418,0.548
0.42,0.548
0.422,0.548
0.424,0.548
0.426,0.548
0.428,0.548
0.43,0.548
0.432,0.548
0.434,0.548
0.436,0.548
0.438,0.548
0.44,0.548
0.442,0.548
0.444,0.548
0.446,0.548
0.448,0.548
0.45,0.548
0.452,0.548
0.454,0.548
0.456,0.548
0.458,0.548
0.46,0.548
0.462,0.548
0.464,0.548
0.466,0.548
0.468,0.548
0.47,0.548
0.472,0.548
0.772,0.548
0.774,0.548
0.776,0.548
0.778,0.548
0.78,0.548
0.782,0.548
0.784,0.548
0.786,0.548
0.788,0.548
0.79,0.548
0.792,0.548
0.794,0.548
0.796,0.548
0.798,0.548
0.8,0.548
0.14,0.55
0.142,0.55
0.144,0.55
0.146,0.55
0.148,0.55
0.15,0.55
0.152,0.55
0.154,0.55
0.156,0.55
0.158,0.55
0.16,0.55
0.162,0.55
0.164,0.55
0.166,0.55
0.168,0.55
0.17,0.55
0.172,0.55
0.174,0.55
0.34,0.55
0.342,0.55
0.344,0.55
0.346,0.55
0.348,0.55
0.35,0.55
0.352,0.55
0.354,0.55
0.356,0.55
0.358,0.55
0.36,0.55
0.362,0.55
0.364,0.55
0.366,0.55
0.368,0.55
0.37,0.55
0.372,0.55
0.414,0.55
0.416,0.55
0.418,0.55
0.42,0.55
0.422,0.55
0.424,0.55
0.426,0.55
0.428,0.55
0.43,0.55
0.432,0.55
0.434,0.55
0.436,0.55
0.438,0.55
0.44,0.55
0.442,0.55
0.444,0.55
0.446,0.55
0.448,0.55
0.45,0.55
0.452,0.55
0.454,0.55
0.456,0.55
0.458,0.55
0.46,0.55
0.462,0.55
0.464,0.55
0.466,0.55
0.468,0.55
0.47,0.55
0.774,0.55
0.776,0.55
0.778,0.55
0.78,0.55
0.782,0.55
0.784,0.55
0.786,0.55
0.788,0.55
0.79,0.55
0.792,0.55
0.794,0.55
0.796,0.55
0.798,0.55
0.8,0.55
0.802,0.55
0.138,0.552
0.14,0.552
0.142,0.552
0.144,0.552
0.146,0.552
0.148,0.552
0.15,0.552
0.152,0.552
0.154,0.552
0.156,0.552
0.158,0.552
0.16,0.552
0.162,0.552
0.164,0.552
0.166,0.552
0.168,0.552
0.17,0.552
0.172,0.552
0.338,0.552
0.34,0.552
0.342,0.552
0.344,0.552
0.346,0.552
0.348,0.552
0.35,0.552
0.352,0.552
0.354,0.552
0.356,0.552
0.358,0.552
0.36,0.552
0.362,0.552
0.364,0.552
0.366,0.552
0.368,0.552
0.37,0.552
0.412,0.552
0.414,0.552
0.416,0.552
0.418,0.552
0.42,0.552
0.422,0.552
0.424,0.552
0.426,0.552
0.428,0.552
0.43,0.552
0.432,0.552
0.434,0.552
0.436,0.552
0.438,0.552
0.44,0.552
0.442,0.552
0.444,0.552
0.446,0.552
0.448,0.552
0.45,0.552
0.452,0.552
0.454,0.552
0.456,0.552
0.458,0.552
0.46,0.552
0.462,0.552
0.464,0.552
0.774,0.552
0.776,0.552
0.778,0.552
0.78,0.552
0.782,0.552
0.784,0.552
0.786,0.552
0.788,0.552
0.79,0.552
0.792,0.552
0.794,0.552
0.796,0.552
0.798,0.552
0.8,0.552
0.802,0.552
0.804,0.552
0.806,0.552
0.138,0.554
0.14,0.554
0.142,0.554
0.144,0.554
0.146,0.554
0.148,0.554
0.15,0.554
0.152,0.554
0.154,0.554
0.156,0.554
0.158,0.554
0.16,0.554
0.162,0.554
0.164,0.554
0.166,0.554
0.168,0.554
0.338,0.554
0.34,0.554
0.342,0.554
0.344,0.554
0.346,0.554
0.348,0.554
0.35,0.554
0.352,0.554
0.354,0.554
0.356,0.554
0.358,0.554
0.36,0.554
0.362,0.554
0.364,0.554
0.366,0.554
0.368,0.554
0.41,0.554
0.412,0.554
0.414,0.554
0.416,0.554
0.418,0.554
0.42,0.554
0.422,0.554
0.424,0.554
0.426,0.554
0.428,0.554
0.43,0.554
0.432,0.554
0.434,0.554
0.436,0.554
0.438,0.554
0.44,0.554
0.442,0.554
0.444,0.554
0.446,0.554
0.448,0.554
0.45,0.554
0.452,0.554
0.454,0.554
0.456,0.554
0.458,0.554
0.46,0.554
0.776,0.554
0.778,0.554
0.78,0.554
0.782,0.554
0.784,0.554
0.786,0.554
0.788,0.554
0.79,0.554
0.792,0.554
0.794,0.554
0.796,0.554
0.798,0.554
0.8,0.554
0.802,0.554
0.804,0.554
0.806,0.554
0.808,0.554
0.138,0.556
0.14,0.556
0.142,0.556
0.144,0.556
0.146,0.556
0.148,0.556
0.15,0.556
0.152,0.556
0.154,0.556
0.156,0.556
0.158,0.556
0.16,0.556
0.162,0.556
0.164,0.556
0.166,0.556
0.336,0.556
0.338,0.556
0.34,0.556
0.342,0.556
0.344,0.556
0.346,0.556
0.348,0.556
0.35,0.556
0.352,0.556
0.354,0.556
0.356,0.556
0.358,0.556
0.36,0.556
0.362,0.556
0.364,0.556
0.366,0.556
0.408,0.556
0.41,0.556
0.412,0.556
0.414,0.556
0.416,0.556
0.418,0.556
0.42,0.556
0.422,0.556
0.424,0.556
0.426,0.556
0.428,0.556
0.43,0.556
0.432,0.556
0.434,0.556
0.436,0.556
0.438,0.556
0.44,0.556
0.442,0.556
0.444,0.556
0.446,0.556
0.448,0.556
0.45,0.556
0.452,0.556
0.454,0.556
0.456,0.556
0.778,0.556
0.78,0.556
0.782,0.556
0.784,0.556
0.786,0.556
0.788,0.556
0.79,0.556
0.792,0.556
0.794,0.556
0.796,0.556
0.798,0.556
0.8,0.556
0.802,0.556
0.804,0.556
0.806,0.556
0.808,0.556
0.81,0.556
0.136,0.558
0.138,0.558
0.14,0.558
0.142,0.558
0.144,0.558
0.146,0.558
0.148,0.558
0.15,0.558
0.152,0.558
0.154,0.558
0.156,0.558
0.158,0.558
0.16,0.558
0.162,0.558
0.164,0.558
0.334,0.558
0.336,0.558
0.338,0.558
0.34,0.558
0.342,0.558
0.344,0.558
0.346,0.558
0.348,0.558
0.35,0.558
0.352,0.558
0.354,0.558
0.356,0.558
0.358,0.558
0.36,0.558
0.362,0.558
0.364,0.558
0.406,0.558
0.408,0.558
0.41,0.558
0.412,0.558
0.414,0.558
0.416,0.558
0.418,0.558
0.42,0.558
0.422,0.558
0.424,0.558
0.426,0.558
0.428,0.558
0.43,0.558
0.432,0.558
0.434,0.558
0.436,0.558
0.438,0.558
0.44,0.558
0.442,0.558
0.444,0.558
0.446,0.558
0.448,0.558
0.45,0.558
0.452,0.558
0.78,0.558
0.782,0.558
0.784,0.558
0.786,0.558
0.788,0.558
0.79,0.558
0.792,0.558
0.794,0.558
0.796,0.558
0.798,0.558
0.8,0.558
0.802,0.558
0.804,0.558
0.806,0.558
0.808,0.558
0.81,0.558
0.812,0.558
0.136,0.56
0.138,0.56
0.14,0.56
0.142,0.56
0.144,0.56
0.146,0.56
0.148,0.56
0.15,0.56
0.152,0.56
0.154,0.56
0.156,0.56
0.158,0.56
0.16,0.56
0.332,0.56
0.334,0.56
0.336,0.56
0.338,0.56
0.34,0.56
0.342,0.56
0.344,0.56
0.346,0.56
0.348,0.56
0.35,0.56
0.352,0.56
0.354,0.56
0.356,0.56
0.358,0.56
0.36,0.56
0.406,0.56
0.408,0.56
0.41,0.56
0.412,0.56
0.414,0.56
0.416,0.56
0.418,0.56
0.42,0.56
0.422,0.56
0.424,0.56
0.426,0.56
0.428,0.56
0.43,0.56
0.432,0.56
0.434,0.56
0.436,0.56
0.438,0.56
0.44,0.56
0.442,0.56
0.444,0.56
0.446,0.56
0.448,0.56
0.45,0.56
0.782,0.56
0.784,0.56
0.786,0.56
0.788,0.56
0.79,0.56
0.792,0.56
0.794,0.56
0.796,0.56
0.798,0.56
0.8,0.56
0.802,0.56
0.804,0.56
0.806,0.56
0.808,0.56
0.81,0.56
0.812,0.56
0.814,0.56
0.134,0.562
0.136,0.562
0.138,0.562
0.14,0.562
0.142,0.562
0.144,0.562
0.146,0.562
0.148,0.562
0.15,0.562
0.152,0.562
0.154,0.562
0.156,0.562
0.158,0.562
0.33,0.562
0.332,0.562
0.334,0.562
0.336,0.562
0.338,0.562
0.34,0.562
0.342,0.562
0.344,0.562
0.346,0.562
0.348,0.562
0.35,0.562
0.352,0.562
0.354,0.562
0.356,0.562
0.358,0.562
0.404,0.562
0.406,0.562
0.408,0.562
0.41,0.562
0.412,0.562
0.414,0.562
0.416,0.562
0.418,0.562
0.42,0.562
0.422,0.562
0.424,0.562
0.426,0.562
0.428,0.562
0.43,0.562
0.432,0.562
0.434,0.562
0.436,0.562
0.438,0.562
0.44,0.562
0.442,0.562
0.444,0.562
0.784,0.562
0.786,0.562
0.788,0.562
0.79,0.562
0.792,0.562
0.794,0.562
0.796,0.562
0.798,0.562
0.8,0.562
0.802,0.562
0.804,0.562
0.806,0.562
0.808,0.562
0.81,0.562
0.812,0.562
0.814,0.562
0.816,0.562
0.134,0.564
0.136,0.564
0.138,0.564
0.14,0.564
0.142,0.564
0.144,0.564
0.146,0.564
0.148,0.564
0.15,0.564
0.152,0.564
0.154,0.564
0.156,0.564
0.158,0.564
0.328,0.564
0.33,0.564
0.332,0.564
0.334,0.564
0.336,0.564
0.338,0.564
0.34,0.564
0.342,0.564
0.344,0.564
0.346,0.564
0.348,0.564
0.35,0.564
0.352,0.564
0.354,0.564
0.356,0.564
0.404,0.564
0.406,0.564
0.408,0.564
0.41,0.564
0.412,0.564
0.414,0.564
0.416,0.564
0.418,0.564
0.42,0.564
0.422,0.564
0.424,0.564
0.426,0.564
0.428,0.564
0.43,0.564
0.432,0.564
0.434,0.564
0.436,0.564
0.786,0.564
0.788,0.564
0.79,0.564
0.792,0.564
0.794,0.564
0.796,0.564
0.798,0.564
0.8,0.564
0.802,0.564
0.804,0.564
0.806,0.564
0.808,0.564
0.81,0.564
0.812,0.564
0.814,0.564
0.816,0.564
0.818,0.564
0.82,0.564
0.132,0.566
0.134,0.566
0.136,0.566
0.138,0.566
0.14,0.566
0.142,0.566
0.144,0.566
0.146,0.566
0.148,0.566
0.15,0.566
0.152,0.566
0.154,0.566
0.156,0.566
0.326,0.566
0.328,0.566
0.33,0.566
0.332,0.566
0.334,0.566
0.336,0.566
0.338,0.566
0.34,0.566
0.342,0.566
0.344,0.566
0.346,0.566
0.348,0.566
0.35,0.566
0.352,0.566
0.354,0.566
0.402,0.566
0.404,0.566
0.406,0.566
0.408,0.566
0.41,0.566
0.412,0.566
0.414,0.566
0.416,0.566
0.418,0.566
0.42,0.566
0.422,0.566
0.424,0.566
0.426,0.566
0.428,0.566
0.43,0.566
0.788,0.566
0.79,0.566
0.792,0.566
0.794,0.566
0.796,0.566
0.798,0.566
0.8,0.566
0.802,0.566
0.804,0.566
0.806,0.566
0.808,0.566
0.81,0.566
0.812,0.566
0.814,0.566
0.816,0.566
0.818,0.566
0.82,0.566
0.822,0.566
0.132,0.568
0.134,0.568
0.136,0.568
0.138,0.568
0.14,0.568
0.142,0.568
0.144,0.568
0.146,0.568
0.148,0.568
0.15,0.568
0.152,0.568
0.154,0.568
0.324,0.568
0.326,0.568
0.328,0.568
0.33,0.568
0.332,0.568
0.334,0.568
0.336,0.568
0.338,0.568
0.34,0.568
0.342,0.568
0.344,0.568
0.346,0.568
0.348,0.568
0.35,0.568
0.352,0.568
0.4,0.568
0.402,0.568
0.404,0.568
0.406,0.568
0.408,0.568
0.41,0.568
0.412,0.568
0.414,0.568
0.416,0.568
0.418,0.568
0.42,0.568
0.422,0.568
0.424,0.568
0.426,0.568
0.428,0.568
0.79,0.568
0.792,0.568
0.794,0.568
0.796,0.568
0.798,0.568
0.8,0.568
0.802,0.568
0.804,0.568
0.806,0.568
0.808,0.568
0.81,0.568
0.812,0.568
0.814,0.568
0.816,0.568
0.818,0.568
0.82,0.568
0.822,0.568
0.13,0.57
0.132,0.57
0.134,0.57
0.136,0.57
0.138,0.57
0.14,0.57
0.142,0.57
0.144,0.57
0.146,0.57
0.148,0.57
0.15,0.57
0.152,0.57
0.154,0.57
0.322,0.57
0.324,0.57
0.326,0.57
0.328,0.57
0.33,0.57
0.332,0.57
0.334,0.57
0.336,0.57
0.338,0.57
0.34,0.57
0.342,0.57
0.344,0.57
0.346,0.57
0.348,0.57
0.35,0.57
0.352,0.57
0.398,0.57
0.4,0.57
0.402,0.57
0.404,0.57
0.406,0.57
0.408,0.57
0.41,0.57
0.412,0.57
0.414,0.57
0.416,0.57
0.418,0.57
0.42,0.57
0.422,0.57
0.424,0.57
0.426,0.57
0.428,0.57
0.792,0.57
0.794,0.57
0.796,0.57
0.798,0.57
0.8,0.57
0.802,0.57
0.804,0.57
0.806,0.57
0.808,0.57
0.81,0.57
0.812,0.57
0.814,0.57
0.816,0.57
0.818,0.57
0.82,0.57
0.822,0.57
0.824,0.57
0.128,0.572
0.13,0.572
0.132,0.572
0.134,0.572
0.136,0.572
0.138,0.572
0.14,0.572
0.142,0.572
0.144,0.572
0.146,0.572
0.148,0.572
0.15,0.572
0.152,0.572
0.32,0.572
0.322,0.572
0.324,0.572
0.326,0.572
0.328,0.572
0.33,0.572
0.332,0.572
0.334,0.572
0.336,0.572
0.338,0.572
0.34,0.572
0.342,0.572
0.344,0.572
0.346,0.572
0.348,0.572
0.35,0.572
0.396,0.572
0.398,0.572
0.4,0.572
0.402,0.572
0.404,0.572
0.406,0.572
0.408,0.572
0.41,0.572
0.412,0.572
0.414,0.572
0.416,0.572
0.418,0.572
0.42,0.572
0.422,0.572
0.424,0.572
0.426,0.572
0.428,0.572
0.794,0.572
0.796,0.572
0.798,0.572
0.8,0.572
0.802,0.572
0.804,0.572
0.806,0.572
0.808,0.572
0.81,0.572
0.812,0.572
0.814,0.572
0.816,0.572
0.818,0.572
0.82,0.572
0.822,0.572
0.824,0.572
0.826,0.572
0.124,0.574
0.126,0.574
0.128,0.574
0.13,0.574
0.132,0.574
0.134,0.574
0.136,0.574
0.138,0.574
0.14,0.574
0.142,0.574
0.144,0.574
0.146,0.574
0.148,0.574
0.15,0.574
0.152,0.574
0.318,0.574
0.32,0.574
0.322,0.574
0.324,0.574
0.326,0.574
0.328,0.574
0.33,0.574
0.332,0.574
0.334,0.574
0.336,0.574
0.338,0.574
0.34,0.574
0.342,0.574
0.344,0.574
0.346,0.574
0.348,0.574
0.394,0.574
0.396,0.574
0.398,0.574
0.4,0.574
0.402,0.574
0.404,0.574
0.406,0.574
0.408,0.574
0.41,0.574
0.412,0.574
0.414,0.574
0.416,0.574
0.418,0.574
0.42,0.574
0.422,0.574
0.424,0.574
0.426,0.574
0.428,0.574
0.43,0.574
0.798,0.574
0.8,0.574
0.802,0.574
0.804,0.574
0.806,0.574
0.808,0.574
0.81,0.574
0.812,0.574
0.814,0.574
0.816,0.574
0.818,0.574
0.82,0.574
0.822,0.574
0.824,0.574
0.826,0.574
0.828,0.574
0.122,0.576
0.124,0.576
0.126,0.576
0.128,0.576
0.13,0.576
0.132,0.576
0.134,0.576
0.136,0.576
0.138,0.576
0.14,0.576
0.142,0.576
0.144,0.576
0.146,0.576
0.148,0.576
0.15,0.576
0.316,0.576
0.318,0.576
0.32,0.576
0.322,0.576
0.324,0.576
0.326,0.576
0.328,0.576
0.33,0.576
0.332,0.576
0.334,0.576
0.336,0.576
0.338,0.576
0.34,0.576
0.342,0.576
0.344,0.576
0.39,0.576
0.392,0.576
0.394,0.576
0.396,0.576
0.398,0.576
0.4,0.576
0.402,0.576
0.404,0.576
0.406,0.576
0.408,0.576
0.41,0.576
0.412,0.576
0.414,0.576
0.416,0.576
0.418,0.576
0.42,0.576
0.422,0.576
0.424,0.576
0.426,0.576
0.428,0.576
0.43,0.576
0.432,0.576
0.8,0.576
0.802,0.576
0.804,0.576
0.806,0.576
0.808,0.576
0.81,0.576
0.812,0.576
0.814,0.576
0.816,0.576
0.818,0.576
0.82,0.576
0.822,0.576
0.824,0.576
0.826,0.576
0.828,0.576
0.83,0.576
0.832,0.576
0.118,0.578
0.12,0.578
0.122,0.578
0.124,0.578
0.126,0.578
0.128,0.578
0.13,0.578
0.132,0.578
0.134,0.578
0.136,0.578
0.138,0.578
0.14,0.578
0.142,0.578
0.144,0.578
0.146,0.578
0.148,0.578
0.15,0.578
0.314,0.578
0.316,0.578
0.318,0.578
0.32,0.578
0.322,0.578
0.324,0.578
0.326,0.578
0.328,0.578
0.33,0.578
0.332,0.578
0.334,0.578
0.336,0.578
0.338,0.578
0.34,0.578
0.342,0.578
0.386,0.578
0.388,0.578
0.39,0.578
0.392,0.578
0.394,0.578
0.396,0.578
0.398,0.578
0.4,0.578
0.402,0.578
0.404,0.578
0.406,0.578
0.408,0.578
0.41,0.578
0.412,0.578
0.414,0.578
0.416,0.578
0.418,0.578
0.42,0.578
0.422,0.578
0.424,0.578
0.426,0.578
0.428,0.578
0.43,0.578
0.432,0.578
0.434,0.578
0.802,0.578
0.804,0.578
0.806,0.578
0.808,0.578
0.81,0.578
0.812,0.578
0.814,0.578
0.816,0.578
0.818,0.578
0.82,0.578
0.822,0.578
0.824,0.578
0.826,0.578
0.828,0.578
0.83,0.578
0.832,0.578
0.834,0.578
0.116,0.58
0.118,0.58
0.12,0.58
0.122,0.58
0.124,0.58
0.126,0.58
0.128,0.58
0.13,0.58
0.132,0.58
0.134,0.58
0.136,0.58
0.138,0.58
0.14,0.58
0.142,0.58
0.144,0.58
0.146,0.58
0.148,0.58
0.312,0.58
0.314,0.58
0.316,0.58
0.318,0.58
0.32,0.58
0.322,0.58
0.324,0.58
0.326,0.58
0.328,0.58
0.33,0.58
0.332,0.58
0.334,0.58
0.336,0.58
0.338,0.58
0.34,0.58
0.384,0.58
0.386,0.58
0.388,0.58
0.39,0.58
0.392,0.58
0.394,0.58
0.396,0.58
0.398,0.58
0.4,0.58
0.402,0.58
0.404,0.58
0.406,0.58
0.408,0.58
0.41,0.58
0.412,0.58
0.414,0.58
0.416,0.58
0.418,0.58
0.42,0.58
0.422,0.58
0.424,0.58
0.426,0.58
0.428,0.58
0.43,0.58
0.432,0.58
0.434,0.58
0.436,0.58
0.804,0.58
0.806,0.58
0.808,0.58
0.81,0.58
0.812,0.58
0.814,0.58
0.816,0.58
0.818,0.58
0.82,0.58
0.822,0.58
0.824,0.58
0.826,0.58
0.828,0.58
0.83,0.58
0.832,0.58
0.834,0.58
0.836,0.58
0.838,0.58
0.114,0.582
0.116,0.582
0.118,0.582
0.12,0.582
0.122,0.582
0.124,0.582
0.126,0.582
0.128,0.582
0.13,0.582
0.132,0.582
0.134,0.582
0.136,0.582
0.138,0.582
0.14,0.582
0.142,0.582
0.144,0.582
0.146,0.582
0.148,0.582
0.31,0.582
0.312,0.582
0.314,0.582
0.316,0.582
0.318,0.582
0.32,0.582
0.322,0.582
0.324,0.582
0.326,0.582
0.328,0.582
0.33,0.582
0.332,0.582
0.334,0.582
0.336,0.582
0.338,0.582
0.34,0.582
0.382,0.582
0.384,0.582
0.386,0.582
0.388,0.582
0.39,0.582
0.392,0.582
0.394,0.582
0.396,0.582
0.398,0.582
0.4,0.582
0.402,0.582
0.404,0.582
0.406,0.582
0.408,0.582
0.41,0.582
0.412,0.582
0.414,0.582
0.416,0.582
0.418,0.582
0.42,0.582
0.422,0.582
0.424,0.582
0.426,0.582
0.428,0.582
0.43,0.582
0.432,0.582
0.434,0.582
0.436,0.582
0.438,0.582
0.806,0.582
0.808,0.582
0.81,0.582
0.812,0.582
0.814,0.582
0.816,0.582
0.818,0.582
0.82,0.582
0.822,0.582
0.824,0.582
0.826,0.582
0.828,0.582
0.83,0.582
0.832,0.582
0.834,0.582
0.836,0.582
0.838,0.582
0.84,0.582
0.112,0.584
0.114,0.584
0.116,0.584
0.118,0.584
0.12,0.584
0.122,0.584
0.124,0.584
0.126,0.584
0.128,0.584
0.13,0.584
0.132,0.584
0.134,0.584
0.136,0.584
0.138,0.584
0.14,0.584
0.142,0.584
0.144,0.584
0.146,0.584
0.308,0.584
0.31,0.584
0.312,0.584
0.314,0.584
0.316,0.584
0.318,0.584
0.32,0.584
0.322,0.584
0.324,0.584
0.326,0.584
0.328,0.584
0.33,0.584
0.332,0.584
0.334,0.584
0.336,0.584
0.338,0.584
0.38,0.584
0.382,0.584
0.384,0.584
0.386,0.584
0.388,0.584
0.39,0.584
0.392,0.584
0.394,0.584
0.396,0.584
0.398,0.584
0.4,0.584
0.402,0.584
0.404,0.584
0.406,0.584
0.408,0.584
0.41,0.584
0.412,0.584
0.414,0.584
0.416,0.584
0.418,0.584
0.42,0.584
0.422,0.584
0.424,0.584
0.426,0.584
0.428,0.584
0.43,0.584
0.432,0.584
0.434,0.584
0.436,0.584
0.438,0.584
0.44,0.584
0.808,0.584
0.81,0.584
0.812,0.584
0.814,0.584
0.816,0.584
0.818,0.584
0.82,0.584
0.822,0.584
0.824,0.584
0.826,0.584
0.828,0.584
0.83,0.584
0.832,0.584
0.834,0.584
0.836,0.584
0.838,0.584
0.84,0.584
0.842,0.584
0.11,0.586
0.112,0.586
0.114,0.586
0.116,0.586
0.118,0.586
0.12,0.586
0.122,0.586
0.124,0.586
0.126,0.586
0.128,0.586
0.13,0.586
0.132,0.586
0.134,0.586
0.136,0.586
0.138,0.586
0.14,0.586
0.142,0.586
0.144,0.586
0.306,0.586
0.308,0.586
0.31,0.586
0.312,0.586
0.314,0.586
0.316,0.586
0.318,0.586
0.32,0.586
0.322,0.586
0.324,0.586
0.326,0.586
0.328,0.586
0.33,0.586
0.332,0.586
0.334,0.586
0.336,0.586
0.378,0.586
0.38,0.586
0.382,0.586
0.384,0.586
0.386,0.586
0.388,0.586
0.39,0.586
0.392,0.586
0.394,0.586
0.396,0.586
0.398,0.586
0.4,0.586
0.402,0.586
0.404,0.586
0.406,0.586
0.408,0.586
0.41,0.586
0.412,0.586
0.414,0.586
0.416,0.586
0.418,0.586
0.42,0.586
0.422,0.586
0.424,0.586
0.426,0.586
0.428,0.586
0.43,0.586
0.432,0.586
0.434,0.586
0.436,0.586
0.438,0.586
0.44,0.586
0.442,0.586
0.81,0.586
0.812,0.586
0.814,0.586
0.816,0.586
0.818,0.586
0.82,0.586
0.822,0.586
0.824,0.586
0.826,0.586
0.828,0.586
0.83,0.586
0.832,0.586
0.834,0.586
0.836,0.586
0.838,0.586
0.84,0.586
0.842,0.586
0.844,0.586
0.11,0.588
0.112,0.588
0.114,0.588
0.116,0.588
0.118,0.588
0.12,0.588
0.122,0.588
0.124,0.588
0.126,0.588
0.128,0.588
0.13,0.588
0.132,0.588
0.134,0.588
0.136,0.588
0.138,0.588
0.14,0.588
0.142,0.588
0.306,0.588
0.308,0.588
0.31,0.588
0.312,0.588
0.314,0.588
0.316,0.588
0.318,0.588
0.32,0.588
0.322,0.588
0.324,0.588
0.326,0.588
0.328,0.588
0.33,0.588
0.332,0.588
0.334,0.588
0.376,0.588
0.378,0.588
0.38,0.588
0.382,0.588
0.384,0.588
0.386,0.588
0.388,0.588
0.39,0.588
0.392,0.588
0.394,0.588
0.396,0.588
0.398,0.588
0.4,0.588
0.402,0.588
0.404,0.588
0.406,0.588
0.408,0.588
0.41,0.588
0.414,0.588
0.416,0.588
0.418,0.588
0.42,0.588
0.422,0.588
0.424,0.588
0.426,0.588
0.428,0.588
0.43,0.588
0.432,0.588
0.434,0.588
0.436,0.588
0.438,0.588
0.44,0.588
0.442,0.588
0.444,0.588
0.812,0.588
0.814,0.588
0.816,0.588
0.818,0.588
0.82,0.588
0.822,0.588
0.824,0.588
0.826,0.588
0.828,0.588
0.83,0.588
0.832,0.588
0.834,0.588
0.836,0.588
0.838,0.588
0.84,0.588
0.842,0.588
0.844,0.588
0.846,0.588
0.848,0.588
0.108,0.59
0.11,0.59
0.112,0.59
0.114,0.59
0.116,0.59
0.118,0.59
0.12,0.59
0.122,0.59
0.124,0.59
0.126,0.59
0.128,0.59
0.13,0.59
0.132,0.59
0.134,0.59
0.136,0.59
0.138,0.59
0.14,0.59
0.304,0.59
0.306,0.59
0.308,0.59
0.31,0.59
0.312,0.59
0.314,0.59
0.316,0.59
0.318,0.59
0.32,0.59
0.322,0.59
0.324,0.59
0.326,0.59
0.328,0.59
0.33,0.59
0.332,0.59
0.374,0.59
0.376,0.59
0.378,0.59
0.38,0.59
0.382,0.59
0.384,0.59
0.386,0.59
0.388,0.59
0.39,0.59
0.392,0.59
0.394,0.59
0.396,0.59
0.398,0.59
0.4,0.59
0.402,0.59
0.404,0.59
0.406,0.59
0.408,0.59
0.416,0.59
0.418,0.59
0.42,0.59
0.422,0.59
0.424,0.59
0.426,0.59
0.428,0.59
0.43,0.59
0.432,0.59
0.434,0.59
0.436,0.59
0.438,0.59
0.44,0.59
0.442,0.59
0.444,0.59
0.446,0.59
0.448,0.59
0.814,0.59
0.816,0.59
0.818,0.59
0.82,0.59
0.822,0.59
0.824,0.59
0.826,0.59
0.828,0.59
0.83,0.59
0.832,0.59
0.834,0.59
0.836,0.59
0.838,0.59
0.84,0.59
0.842,0.59
0.844,0.59
0.846,0.59
0.848,0.59
0.85,0.59
0.106,0.592
0.108,0.592
0.11,0.592
0.112,0.592
0.114,0.592
0.116,0.592
0.118,0.592
0.12,0.592
0.122,0.592
0.124,0.592
0.126,0.592
0.128,0.592
0.13,0.592
0.132,0.592
0.134,0.592
0.136,0.592
0.302,0.592
0.304,0.592
0.306,0.592
0.308,0.592
0.31,0.592
0.312,0.592
0.314,0.592
0.316,0.592
0.318,0.592
0.32,0.592
0.322,0.592
0.324,0.592
0.326,0.592
0.328,0.592
0.33,0.592
0.372,0.592
0.374,0.592
0.376,0.592
0.378,0.592
0.38,0.592
0.382,0.592
0.384,0.592
0.386,0.592
0.388,0.592
0.39,0.592
0.392,0.592
0.394,0.592
0.396,0.592
0.398,0.592
0.4,0.592
0.402,0.592
0.404,0.592
0.406,0.592
0.418,0.592
0.42,0.592
0.422,0.592
0.424,0.592
0.426,0.592
0.428,0.592
0.43,0.592
0.432,0.592
0.434,0.592
0.436,0.592
0.438,0.592
0.44,0.592
0.442,0.592
0.444,0.592
0.446,0.592
0.448,0.592
0.45,0.592
0.818,0.592
0.82,0.592
0.822,0.592
0.824,0.592
0.826,0.592
0.828,0.592
0.83,0.592
0.832,0.592
0.834,0.592
0.836,0.592
0.838,0.592
0.84,0.592
0.842,0.592
0.844,0.592
0.846,0.592
0.848,0.592
0.85,0.592
0.852,0.592
0.106,0.594
0.108,0.594
0.11,0.594
0.112,0.594
0.114,0.594
0.116,0.594
0.118,0.594
0.12,0.594
0.122,0.594
0.124,0.594
0.126,0.594
0.128,0.594
0.13,0.594
0.132,0.594
0.302,0.594
0.304,0.594
0.306,0.594
0.308,0.594
0.31,0.594
0.312,0.594
0.314,0.594
0.316,0.594
0.318,0.594
0.32,0.594
0.322,0.594
0.324,0.594
0.326,0.594
0.328,0.594
0.372,0.594
0.374,0.594
0.376,0.594
0.378,0.594
0.38,0.594
0.382,0.594
0.384,0.594
0.386,0.594
0.388,0.594
0.39,0.594
0.392,0.594
0.394,0.594
0.396,0.594
0.398,0.594
0.4,0.594
0.402,0.594
0.422,0.594
0.424,0.594
0.426,0.594
0.428,0.594
0.43,0.594
0.432,0.594
0.434,0.594
0.436,0.594
0.438,0.594
0.44,0.594
0.442,0.594
0.444,0.594
0.446,0.594
0.448,0.594
0.45,0.594
0.82,0.594
0.822,0.594
0.824,0.594
0.826,0.594
0.828,0.594
0.83,0.594
0.832,0.594
0.834,0.594
0.836,0.594
0.838,0.594
0.84,0.594
0.842,0.594
0.844,0.594
0.846,0.594
0.848,0.594
0.85,0.594
0.852,0.594
0.854,0.594
0.106,0.596
0.108,0.596
0.11,0.596
0.112,0.596
0.114,0.596
0.116,0.596
0.118,0.596
0.12,0.596
0.122,0.596
0.124,0.596
0.126,0.596
0.128,0.596
0.13,0.596
0.3,0.596
0.302,0.596
0.304,0.596
0.306,0.596
0.308,0.596
0.31,0.596
0.312,0.596
0.314,0.596
0.316,0.596
0.318,0.596
0.32,0.596
0.322,0.596
0.324,0.596
0.326,0.596
0.37,0.596
0.372,0.596
0.374,0.596
0.376,0.596
0.378,0.596
0.38,0.596
0.382,0.596
0.384,0.596
0.386,0.596
0.388,0.596
0.39,0.596
0.392,0.596
0.394,0.596
0.396,0.596
0.398,0.596
0.424,0.596
0.426,0.596
0.428,0.596
0.43,0.596
0.432,0.596
0.434,0.596
0.436,0.596
0.438,0.596
0.44,0.596
0.442,0.596
0.444,0.596
0.446,0.596
0.448,0.596
0.45,0.596
0.452,0.596
0.822,0.596
0.824,0.596
0.826,0.596
0.828,0.596
0.83,0.596
0.832,0.596
0.834,0.596
0.836,0.596
0.838,0.596
0.84,0.596
0.842,0.596
0.844,0.596
0.846,0.596
0.848,0.596
0.85,0.596
0.852,0.596
0.854,0.596
0.856,0.596
0.106,0.598
0.108,0.598
0.11,0.598
0.112,0.598
0.114,0.598
0.116,0.598
0.118,0.598
0.12,0.598
0.122,0.598
0.124,0.598
0.126,0.598
0.128,0.598
0.298,0.598
0.3,0.598
0.302,0.598
0.304,0.598
0.306,0.598
0.308,0.598
0.31,0.598
0.312,0.598
0.314,0.598
0.316,0.598
0.318,0.598
0.32,0.598
0.322,0.598
0.324,0.598
0.37,0.598
0.372,0.598
0.374,0.598
0.376,0.598
0.378,0.598
0.38,0.598
0.382,0.598
0.384,0.598
0.386,0.598
0.388,0.598
0.39,0.598
0.392,0.598
0.394,0.598
0.396,0.598
0.426,0.598
0.428,0.598
0.43,0.598
0.432,0.598
0.434,0.598
0.436,0.598
0.438,0.598
0.44,0.598
0.442,0.598
0.444,0.598
0.446,0.598
0.448,0.598
0.45,0.598
0.452,0.598
0.454,0.598
0.826,0.598
0.828,0.598
0.83,0.598
0.832,0.598
0.834,0.598
0.836,0.598
0.838,0.598
0.84,0.598
0.842,0.598
0.844,0.598
0.846,0.598
0.848,0.598
0.85,0.598
0.852,0.598
0.854,0.598
0.856,0.598
0.858,0.598
0.106,0.6
0.108,0.6
0.11,0.6
0.112,0.6
0.114,0.6
0.116,0.6
0.118,0.6
0.12,0.6
0.122,0.6
0.124,0.6
0.126,0.6
0.298,0.6
0.3,0.6
0.302,0.6
0.304,0.6
0.306,0.6
0.308,0.6
0.31,0.6
0.312,0.6
0.314,0.6
0.316,0.6
0.318,0.6
0.32,0.6
0.322,0.6
0.368,0.6
0.37,0.6
0.372,0.6
0.374,0.6
0.376,0.6
0.378,0.6
0.38,0.6
0.382,0.6
0.384,0.6
0.386,0.6
0.388,0.6
0.39,0.6
0.392,0.6
0.428,0.6
0.43,0.6
0.432,0.6
0.434,0.6
0.436,0.6
0.438,0.6
0.44,0.6
0.442,0.6
0.444,0.6
0.446,0.6
0.448,0.6
0.45,0.6
0.452,0.6
0.454,0.6
0.456,0.6
0.828,0.6
0.83,0.6
0.832,0.6
0.834,0.6
0.836,0.6
0.838,0.6
0.84,0.6
0.842,0.6
0.844,0.6
0.846,0.6
0.848,0.6
0.85,0.6
0.852,0.6
0.854,0.6
0.856,0.6
0.858,0.6
0.86,0.6
0.104,0.602
0.106,0.602
0.108,0.602
0.11,0.602
0.112,0.602
0.114,0.602
0.116,0.602
0.118,0.602
0.12,0.602
0.122,0.602
0.124,0.602
0.126,0.602
0.296,0.602
0.298,0.602
0.3,0.602
0.302,0.602
0.304,0.602
0.306,0.602
0.308,0.602
0.31,0.602
0.312,0.602
0.314,0.602
0.316,0.602
0.318,0.602
0.32,0.602
0.322,0.602
0.366,0.602
0.368,0.602
0.37,0.602
0.372,0.602
0.374,0.602
0.376,0.602
0.378,0.602
0.38,0.602
0.382,0.602
0.384,0.602
0.386,0.602
0.388,0.602
0.39,0.602
0.392,0.602
0.43,0.602
0.432,0.602
0.434,0.602
0.436,0.602
0.438,0.602
0.44,0.602
0.442,0.602
0.444,0.602
0.446,0.602
0.448,0.602
0.45,0.602
0.452,0.602
0.454,0.602
0.456,0.602
0.458,0.602
0.832,0.602
0.834,0.602
0.836,0.602
0.838,0.602
0.84,0.602
0.842,0.602
0.844,0.602
0.846,0.602
0.848,0.602
0.85,0.602
0.852,0.602
0.854,0.602
0.856,0.602
0.858,0.602
0.86,0.602
0.862,0.602
0.864,0.602
0.104,0.604
0.106,0.604
0.108,0.604
0.11,0.604
0.112,0.604
0.114,0.604
0.116,0.604
0.118,0.604
0.12,0.604
0.122,0.604
0.124,0.604
0.296,0.604
0.298,0.604
0.3,0.604
0.302,0.604
0.304,0.604
0.306,0.604
0.308,0.604
0.31,0.604
0.312,0.604
0.314,0.604
0.316,0.604
0.318,0.604
0.32,0.604
0.364,0.604
0.366,0.604
0.368,0.604
0.37,0.604
0.372,0.604
0.374,0.604
0.376,0.604
0.378,0.604
0.38,0.604
0.382,0.604
0.384,0.604
0.386,0.604
0.388,0.604
0.39,0.604
0.432,0.604
0.434,0.604
0.436,0.604
0.438,0.604
0.44,0.604
0.442,0.604
0.444,0.604
0.446,0.604
0.448,0.604
0.45,0.604
0.452,0.604
0.454,0.604
0.456,0.604
0.458,0.604
0.46,0.604
0.834,0.604
0.836,0.604
0.838,0.604
0.84,0.604
0.842,0.604
0.844,0.604
0.846,0.604
0.848,0.604
0.85,0.604
0.852,0.604
0.854,0.604
0.856,0.604
0.858,0.604
0.86,0.604
0.862,0.604
0.864,0.604
0.866,0.604
0.868,0.604
0.104,0.606
0.106,0.606
0.108,0.606
0.11,0.606
0.112,0.606
0.114,0.606
0.116,0.606
0.118,0.606
0.12,0.606
0.122,0.606
0.124,0.606
0.294,0.606
0.296,0.606
0.298,0.606
0.3,0.606
0.302,0.606
0.304,0.606
0.306,0.606
0.308,0.606
0.31,0.606
0.312,0.606
0.314,0.606
0.316,0.606
0.318,0.606
0.32,0.606
0.362,0.606
0.364,0.606
0.366,0.606
0.368,0.606
0.37,0.606
0.372,0.606
0.374,0.606
0.376,0.606
0.378,0.606
0.38,0.606
0.382,0.606
0.384,0.606
0.386,0.606
0.388,0.606
0.39,0.606
0.434,0.606
0.436,0.606
0.438,0.606
0.44,0.606
0.442,0.606
0.444,0.606
0.446,0.606
0.448,0.606
0.45,0.606
0.452,0.606
0.454,0.606
0.456,0.606
0.458,0.606
0.46,0.606
0.462,0.606
0.836,0.606
0.838,0.606
0.84,0.606
0.842,0.606
0.844,0.606
0.846,0.606
0.848,0.606
0.85,0.606
0.852,0.606
0.854,0.606
0.856,0.606
0.858,0.606
0.86,0.606
0.862,0.606
0.864,0.606
0.866,0.606
0.868,0.606
0.87,0.606
0.102,0.608
0.104,0.608
0.106,0.608
0.108,0.608
0.11,0.608
0.112,0.608
0.114,0.608
0.116,0.608
0.118,0.608
0.12,0.608
0.122,0.608
0.124,0.608
0.294,0.608
0.296,0.608
0.298,0.608
0.3,0.608
0.302,0.608
0.304,0.608
0.306,0.608
0.308,0.608
0.31,0.608
0.312,0.608
0.314,0.608
0.316,0.608
0.318,0.608
0.36,0.608
0.362,0.608
0.364,0.608
0.366,0.608
0.368,0.608
0.37,0.608
0.372,0.608
0.374,0.608
0.376,0.608
0.378,0.608
0.38,0.608
0.382,0.608
0.384,0.608
0.386,0.608
0.388,0.608
0.436,0.608
0.438,0.608
0.44,0.608
0.442,0.608
0.444,0.608
0.446,0.608
0.448,0.608
0.45,0.608
0.452,0.608
0.454,0.608
0.456,0.608
0.458,0.608
0.46,0.608
0.462,0.608
0.838,0.608
0.84,0.608
0.842,0.608
0.844,0.608
0.846,0.608
0.848,0.608
0.85,0.608
0.852,0.608
0.854,0.608
0.856,0.608
0.858,0.608
0.86,0.608
0.862,0.608
0.864,0.608
0.866,0.608
0.868,0.608
0.87,0.608
0.872,0.608
0.102,0.61
0.104,0.61
0.106,0.61
0.108,0.61
0.11,0.61
0.112,0.61
0.114,0.61
0.116,0.61
0.118,0.61
0.12,0.61
0.122,0.61
0.124,0.61
0.282,0.61
0.284,0.61
0.286,0.61
0.288,0.61
0.29,0.61
0.292,0.61
0.294,0.61
0.296,0.61
0.298,0.61
0.3,0.61
0.302,0.61
0.304,0.61
0.306,0.61
0.308,0.61
0.31,0.61
0.312,0.61
0.314,0.61
0.316,0.61
0.356,0.61
0.358,0.61
0.36,0.61
0.362,0.61
0.364,0.61
0.366,0.61
0.368,0.61
0.37,0.61
0.372,0.61
0.374,0.61
0.376,0.61
0.378,0.61
0.38,0.61
0.382,0.61
0.384,0.61
0.386,0.61
0.388,0.61
0.438,0.61
0.44,0.61
0.442,0.61
0.444,0.61
0.446,0.61
0.448,0.61
0.45,0.61
0.452,0.61
0.454,0.61
0.456,0.61
0.458,0.61
0.46,0.61
0.462,0.61
0.464,0.61
0.84,0.61
0.842,0.61
0.844,0.61
0.846,0.61
0.848,0.61
0.85,0.61
0.852,0.61
0.854,0.61
0.856,0.61
0.858,0.61
0.86,0.61
0.862,0.61
0.864,0.61
0.866,0.61
0.868,0.61
0.87,0.61
0.872,0.61
0.874,0.61
0.876,0.61
0.1,0.612
0.102,0.612
0.104,0.612
0.106,0.612
0.108,0.612
0.11,0.612
0.112,0.612
0.114,0.612
0.116,0.612
0.118,0.612
0.12,0.612
0.122,0.612
0.124,0.612
0.274,0.612
0.276,0.612
0.278,0.612
0.28,0.612
0.282,0.612
0.284,0.612
0.286,0.612
0.288,0.612
0.29,0.612
0.292,0.612
0.294,0.612
0.296,0.612
0.298,0.612
0.3,0.612
0.302,0.612
0.304,0.612
0.306,0.612
0.308,0.612
0.31,0.612
0.312,0.612
0.314,0.612
0.316,0.612
0.354,0.612
0.356,0.612
0.358,0.612
0.36,0.612
0.362,0.612
0.364,0.612
0.366,0.612
0.368,0.612
0.37,0.612
0.372,0.612
0.374,0.612
0.376,0.612
0.378,0.612
0.38,0.612
0.382,0.612
0.384,0.612
0.386,0.612
0.388,0.612
0.44,0.612
0.442,0.612
0.444,0.612
0.446,0.612
0.448,0.612
0.45,0.612
0.452,0.612
0.454,0.612
0.456,0.612
0.458,0.612
0.46,0.612
0.462,0.612
0.464,0.612
0.466,0.612
0.468,0.612
0.842,0.612
0.844,0.612
0.846,0.612
0.848,0.612
0.85,0.612
0.852,0.612
0.854,0.612
0.856,0.612
0.858,0.612
0.86,0.612
0.862,0.612
0.864,0.612
0.866,0.612
0.868,0.612
0.87,0.612
0.872,0.612
0.874,0.612
0.876,0.612
0.878,0.612
0.098,0.614
0.1,0.614
0.102,0.614
0.104,0.614
0.106,0.614
0.108,0.614
0.11,0.614
0.112,0.614
0.114,0.614
0.116,0.614
0.118,0.614
0.12,0.614
0.122,0.614
0.124,0.614
0.268,0.614
0.27,0.614
0.272,0.614
0.274,0.614
0.276,0.614
0.278,0.614
0.28,0.614
0.282,0.614
0.284,0.614
0.286,0.614
0.288,0.614
0.29,0.614
0.292,0.614
0.294,0.614
0.296,0.614
0.298,0.614
0.3,0.614
0.302,0.614
0.304,0.614
0.306,0.614
0.308,0.614
0.31,0.614
0.312,0.614
0.314,0.614
0.352,0.614
0.354,0.614
0.356,0.614
0.358,0.614
0.36,0.614
0.362,0.614
0.364,0.614
0.366,0.614
0.368,0.614
0.37,0.614
0.372,0.614
0.374,0.614
0.376,0.614
0.378,0.614
0.38,0.614
0.382,0.614
0.384,0.614
0.44,0.614
0.442,0.614
0.444,0.614
0.446,0.614
0.448,0.614
0.45,0.614
0.452,0.614
0.454,0.614
0.456,0.614
0.458,0.614
0.46,0.614
0.462,0.614
0.464,0.614
0.466,0.614
0.468,0.614
0.47,0.614
0.844,0.614
0.846,0.614
0.848,0.614
0.85,0.614
0.852,0.614
0.854,0.614
0.856,0.614
0.858,0.614
0.86,0.614
0.862,0.614
0.864,0.614
0.866,0.614
0.868,0.614
0.87,0.614
0.872,0.614
0.874,0.614
0.876,0.614
0.878,0.614
0.88,0.614
0.882,0.614
0.098,0.616
0.1,0.616
0.102,0.616
0.104,0.616
0.106,0.616
0.108,0.616
0.11,0.616
0.112,0.616
0.114,0.616
0.116,0.616
0.118,0.616
0.12,0.616
0.122,0.616
0.264,0.616
0.266,0.616
0.268,0.616
0.27,0.616
0.272,0.616
0.274,0.616
0.276,0.616
0.278,0.616
0.28,0.616
0.282,0.616
0.284,0.616
0.286,0.616
0.288,0.616
0.29,0.616
0.292,0.616
0.294,0.616
0.296,0.616
0.298,0.616
0.3,0.616
0.302,0.616
0.304,0.616
0.306,0.616
0.308,0.616
0.31,0.616
0.312,0.616
0.314,0.616
0.35,0.616
0.352,0.616
0.354,0.616
0.356,0.616
0.358,0.616
0.36,0.616
0.362,0.616
0.364,0.616
0.366,0.616
0.368,0.616
0.37,0.616
0.372,0.616
0.374,0.616
0.376,0.616
0.378,0.616
0.38,0.616
0.382,0.616
0.442,0.616
0.444,0.616
0.446,0.616
0.448,0.616
0.45,0.616
0.452,0.616
0.454,0.616
0.456,0.616
0.458,0.616
0.46,0.616
0.462,0.616
0.464,0.616
0.466,0.616
0.468,0.616
0.47,0.616
0.472,0.616
0.846,0.616
0.848,0.616
0.85,0.616
0.852,0.616
0.854,0.616
0.856,0.616
0.858,0.616
0.86,0.616
0.862,0.616
0.864,0.616
0.866,0.616
0.868,0.616
0.87,0.616
0.872,0.616
0.874,0.616
0.876,0.616
0.878,0.616
0.88,0.616
0.882,0.616
0.884,0.616
0.098,0.618
0.1,0.618
0.102,0.618
0.104,0.618
0.106,0.618
0.108,0.618
0.11,0.618
0.112,0.618
0.114,0.618
0.116,0.618
0.118,0.618
0.12,0.618
0.122,0.618
0.26,0.618
0.262,0.618
0.264,0.618
0.266,0.618
0.268,0.618
0.27,0.618
0.272,0.618
0.274,0.618
0.276,0.618
0.278,0.618
0.28,0.618
0.282,0.618
0.284,0.618
0.286,0.618
0.288,0.618
0.29,0.618
0.292,0.618
0.294,0.618
0.296,0.618
0.298,0.618
0.3,0.618
0.302,0.618
0.304,0.618
0.306,0.618
0.308,0.618
0.31,0.618
0.312,0.618
0.348,0.618
0.35,0.618
0.352,0.618
0.354,0.618
0.356,0.618
0.358,0.618
0.36,0.618
0.362,0.618
0.364,0.618
0.366,0.618
0.368,0.618
0.37,0.618
0.372,0.618
0.374,0.618
0.376,0.618
0.378,0.618
0.38,0.618
0.444,0.618
0.446,0.618
0.448,0.618
0.45,0.618
0.452,0.618
0.454,0.618
0.456,0.618
0.458,0.618
0.46,0.618
0.462,0.618
0.464,0.618
0.466,0.618
0.468,0.618
0.47,0.618
0.472,0.618
0.474,0.618
0.848,0.618
0.85,0.618
0.852,0.618
0.854,0.618
0.856,0.618
0.858,0.618
0.86,0.618
0.862,0.618
0.864,0.618
0.866,0.618
0.868,0.618
0.87,0.618
0.872,0.618
0.874,0.618
0.876,0.618
0.878,0.618
0.88,0.618
0.882,0.618
0.884,0.618
0.886,0.618
0.096,0.62
0.098,0.62
0.1,0.62
0.102,0.62
0.104,0.62
0.106,0.62
0.108,0.62
0.11,0.62
0.112,0.62
0.114,0.62
0.116,0.62
0.118,0.62
0.12,0.62
0.122,0.62
0.258,0.62
0.26,0.62
0.262,0.62
0.264,0.62
0.266,0.62
0.268,0.62
0.27,0.62
0.272,0.62
0.274,0.62
0.276,0.62
0.278,0.62
0.28,0.62
0.282,0.62
0.284,0.62
0.286,0.62
0.288,0.62
0.29,0.62
0.292,0.62
0.294,0.62
0.296,0.62
0.298,0.62
0.3,0.62
0.302,0.62
0.304,0.62
0.306,0.62
0.308,0.62
0.31,0.62
0.348,0.62
0.35,0.62
0.352,0.62
0.354,0.62
0.356,0.62
0.358,0.62
0.36,0.62
0.362,0.62
0.364,0.62
0.366,0.62
0.368,0.62
0.37,0.62
0.372,0.62
0.374,0.62
0.376,0.62
0.446,0.62
0.448,0.62
0.45,0.62
0.452,0.62
0.454,0.62
0.456,0.62
0.458,0.62
0.46,0.62
0.462,0.62
0.464,0.62
0.466,0.62
0.468,0.62
0.47,0.62
0.472,0.62
0.474,0.62
0.476,0.62
0.852,0.62
0.854,0.62
0.856,0.62
0.858,0.62
0.86,0.62
0.862,0.62
0.864,0.62
0.866,0.62
0.868,0.62
0.87,0.62
0.872,0.62
0.874,0.62
0.876,0.62
0.878,0.62
0.88,0.62
0.882,0.62
0.884,0.62
0.886,0.62
0.888,0.62
0.096,0.622
0.098,0.622
0.1,0.622
0.102,0.622
0.104,0.622
0.106,0.622
0.108,0.622
0.11,0.622
0.112,0.622
0.114,0.622
0.116,0.622
0.118,0.622
0.12,0.622
0.254,0.622
0.256,0.622
0.258,0.622
0.26,0.622
0.262,0.622
0.264,0.622
0.266,0.622
0.268,0.622
0.27,0.622
0.272,0.622
0.274,0.622
0.276,0.622
0.278,0.622
0.28,0.622
0.282,0.622
0.284,0.622
0.286,0.622
0.288,0.622
0.29,0.622
0.292,0.622
0.294,0.622
0.296,0.622
0.298,0.622
0.3,0.622
0.302,0.622
0.304,0.622
0.306,0.622
0.308,0.622
0.31,0.622
0.346,0.622
0.348,0.622
0.35,0.622
0.352,0.622
0.354,0.622
0.356,0.622
0.358,0.622
0.36,0.622
0.362,0.622
0.364,0.622
0.366,0.622
0.368,0.622
0.37,0.622
0.372,0.622
0.374,0.622
0.448,0.622
0.45,0.622
0.452,0.622
0.454,0.622
0.456,0.622
0.458,0.622
0.46,0.622
0.462,0.622
0.464,0.622
0.466,0.622
0.468,0.622
0.47,0.622
0.472,0.622
0.474,0.622
0.476,0.622
0.478,0.622
0.854,0.622
0.856,0.622
0.858,0.622
0.86,0.622
0.862,0.622
0.864,0.622
0.866,0.622
0.868,0.622
0.87,0.622
0.872,0.622
0.874,0.622
0.876,0.622
0.878,0.622
0.88,0.622
0.882,0.622
0.884,0.622
0.886,0.622
0.888,0.622
0.89,0.622
0.094,0.624
0.096,0.624
0.098,0.624
0.1,0.624
0.102,0.624
0.104,0.624
0.106,0.624
0.108,0.624
0.11,0.624
0.112,0.624
0.114,0.624
0.116,0.624
0.118,0.624
0.252,0.624
0.254,0.624
0.256,0.624
0.258,0.624
0.26,0.624
0.262,0.624
0.264,0.624
0.266,0.624
0.268,0.624
0.27,0.624
0.272,0.624
0.274,0.624
0.276,0.624
0.278,0.624
0.28,0.624
0.282,0.624
0.284,0.624
0.286,0.624
0.288,0.624
0.29,0.624
0.292,0.624
0.294,0.624
0.296,0.624
0.298,0.624
0.3,0.624
0.302,0.624
0.304,0.624
0.306,0.624
0.308,0.624
0.346,0.624
0.348,0.624
0.35,0.624
0.352,0.624
0.354,0.624
0.356,0.624
0.358,0.624
0.36,0.624
0.362,0.624
0.364,0.624
0.366,0.624
0.368,0.624
0.37,0.624
0.372,0.624
0.45,0.624
0.452,0.624
0.454,0.624
0.456,0.624
0.458,0.624
0.46,0.624
0.462,0.624
0.464,0.624
0.466,0.624
0.468,0.624
0.47,0.624
0.472,0.624
0.474,0.624
0.476,0.624
0.478,0.624
0.858,0.624
0.86,0.624
0.862,0.624
0.864,0.624
0.866,0.624
0.868,0.624
0.87,0.624
0.872,0.624
0.874,0.624
0.876,0.624
0.878,0.624
0.88,0.624
0.882,0.624
0.884,0.624
0.886,0.624
0.888,0.624
0.89,0.624
0.094,0.626
0.096,0.626
0.098,0.626
0.1,0.626
0.102,0.626
0.104,0.626
0.106,0.626
0.108,0.626
0.11,0.626
0.112,0.626
0.114,0.626
0.116,0.626
0.248,0.626
0.25,0.626
0.252,0.626
0.254,0.626
0.256,0.626
0.258,0.626
0.26,0.626
0.262,0.626
0.264,0.626
0.266,0.626
0.268,0.626
0.27,0.626
0.272,0.626
0.274,0.626
0.276,0.626
0.278,0.626
0.28,0.626
0.282,0.626
0.284,0.626
0.286,0.626
0.288,0.626
0.29,0.626
0.292,0.626
0.294,0.626
0.296,0.626
0.298,0.626
0.3,0.626
0.302,0.626
0.304,0.626
0.306,0.626
0.344,0.626
0.346,0.626
0.348,0.626
0.35,0.626
0.352,0.626
0.354,0.626
0.356,0.626
0.358,0.626
0.36,0.626
0.362,0.626
0.364,0.626
0.366,0.626
0.368,0.626
0.37,0.626
0.452,0.626
0.454,0.626
0.456,0.626
0.458,0.626
0.46,0.626
0.462,0.626
0.464,0.626
0.466,0.626
0.468,0.626
0.47,0.626
0.472,0.626
0.474,0.626
0.476,0.626
0.478,0.626
0.48,0.626
0.862,0.626
0.864,0.626
0.866,0.626
0.868,0.626
0.87,0.626
0.872,0.626
0.874,0.626
0.876,0.626
0.878,0.626
0.88,0.626
0.882,0.626
0.884,0.626
0.886,0.626
0.888,0.626
0.89,0.626
0.892,0.626
0.094,0.628
0.096,0.628
0.098,0.628
0.1,0.628
0.102,0.628
0.104,0.628
0.106,0.628
0.108,0.628
0.11,0.628
0.112,0.628
0.114,0.628
0.116,0.628
0.246,0.628
0.248,0.628
0.25,0.628
0.252,0.628
0.254,0.628
0.256,0.628
0.258,0.628
0.26,0.628
0.262,0.628
0.264,0.628
0.266,0.628
0.268,0.628
0.27,0.628
0.272,0.628
0.274,0.628
0.276,0.628
0.278,0.628
0.28,0.628
0.282,0.628
0.284,0.628
0.286,0.628
0.288,0.628
0.29,0.628
0.292,0.628
0.294,0.628
0.296,0.628
0.298,0.628
0.3,0.628
0.302,0.628
0.304,0.628
0.344,0.628
0.346,0.628
0.348,0.628
0.35,0.628
0.352,0.628
0.354,0.628
0.356,0.628
0.358,0.628
0.36,0.628
0.362,0.628
0.364,0.628
0.366,0.628
0.368,0.628
0.454,0.628
0.456,0.628
0.458,0.628
0.46,0.628
0.462,0.628
0.464,0.628
0.466,0.628
0.468,0.628
0.47,0.628
0.472,0.628
0.474,0.628
0.476,0.628
0.478,0.628
0.48,0.628
0.864,0.628
0.866,0.628
0.868,0.628
0.87,0.628
0.872,0.628
0.874,0.628
0.876,0.628
0.878,0.628
0.88,0.628
0.882,0.628
0.884,0.628
0.886,0.628
0.888,0.628
0.89,0.628
0.892,0.628
0.894,0.628
0.094,0.63
0.096,0.63
0.098,0.63
0.1,0.63
0.102,0.63
0.104,0.63
0.106,0.63
0.108,0.63
0.11,0.63
0.112,0.63
0.114,0.63
0.244,0.63
0.246,0.63
0.248,0.63
0.25,0.63
0.252,0.63
0.254,0.63
0.256,0.63
0.258,0.63
0.26,0.63
0.262,0.63
0.264,0.63
0.266,0.63
0.268,0.63
0.27,0.63
0.272,0.63
0.274,0.63
0.276,0.63
0.278,0.63
0.28,0.63
0.282,0.63
0.284,0.63
0.286,0.63
0.288,0.63
0.29,0.63
0.292,0.63
0.294,0.63
0.296,0.63
0.298,0.63
0.3,0.63
0.342,0.63
0.344,0.63
0.346,0.63
0.348,0.63
0.35,0.63
0.352,0.63
0.354,0.63
0.356,0.63
0.358,0.63
0.36,0.63
0.362,0.63
0.364,0.63
0.366,0.63
0.456,0.63
0.458,0.63
0.46,0.63
0.462,0.63
0.464,0.63
0.466,0.63
0.468,0.63
0.47,0.63
0.472,0.63
0.474,0.63
0.476,0.63
0.478,0.63
0.48,0.63
0.482,0.63
0.868,0.63
0.87,0.63
0.872,0.63
0.874,0.63
0.876,0.63
0.878,0.63
0.88,0.63
0.882,0.63
0.884,0.63
0.886,0.63
0.888,0.63
0.89,0.63
0.892,0.63
0.894,0.63
0.094,0.632
0.096,0.632
0.098,0.632
0.1,0.632
0.102,0.632
0.104,0.632
0.106,0.632
0.108,0.632
0.11,0.632
0.112,0.632
0.114,0.632
0.242,0.632
0.244,0.632
0.246,0.632
0.248,0.632
0.25,0.632
0.252,0.632
0.254,0.632
0.256,0.632
0.258,0.632
0.26,0.632
0.262,0.632
0.264,0.632
0.266,0.632
0.268,0.632
0.27,0.632
0.272,0.632
0.274,0.632
0.276,0.632
0.278,0.632
0.28,0.632
0.282,0.632
0.284,0.632
0.342,0.632
0.344,0.632
0.346,0.632
0.348,0.632
0.35,0.632
0.352,0.632
0.354,0.632
0.356,0.632
0.358,0.632
0.36,0.632
0.362,0.632
0.364,0.632
0.366,0.632
0.458,0.632
0.46,0.632
0.462,0.632
0.464,0.632
0.466,0.632
0.468,0.632
0.47,0.632
0.472,0.632
0.474,0.632
0.476,0.632
0.478,0.632
0.48,0.632
0.482,0.632
0.484,0.632
0.87,0.632
0.872,0.632
0.874,0.632
0.876,0.632
0.878,0.632
0.88,0.632
0.882,0.632
0.884,0.632
0.886,0.632
0.888,0.632
0.89,0.632
0.892,0.632
0.894,0.632
0.896,0.632
0.094,0.634
0.096,0.634
0.098,0.634
0.1,0.634
0.102,0.634
0.104,0.634
0.106,0.634
0.108,0.634
0.11,0.634
0.112,0.634
0.114,0.634
0.242,0.634
0.244,0.634
0.246,0.634
0.248,0.634
0.25,0.634
0.252,0.634
0.254,0.634
0.256,0.634
0.258,0.634
0.26,0.634
0.262,0.634
0.264,0.634
0.266,0.634
0.268,0.634
0.27,0.634
0.272,0.634
0.274,0.634
0.276,0.634
0.278,0.634
0.342,0.634
0.344,0.634
0.346,0.634
0.348,0.634
0.35,0.634
0.352,0.634
0.354,0.634
0.356,0.634
0.358,0.634
0.36,0.634
0.362,0.634
0.364,0.634
0.46,0.634
0.462,0.634
0.464,0.634
0.466,0.634
0.468,0.634
0.47,0.634
0.472,0.634
0.474,0.634
0.476,0.634
0.478,0.634
0.48,0.634
0.482,0.634
0.484,0.634
0.872,0.634
0.874,0.634
0.876,0.634
0.878,0.634
0.88,0.634
0.882,0.634
0.884,0.634
0.886,0.634
0.888,0.634
0.89,0.634
0.892,0.634
0.894,0.634
0.896,0.634
0.898,0.634
0.094,0.636
0.096,0.636
0.098,0.636
0.1,0.636
0.102,0.636
0.104,0.636
0.106,0.636
0.108,0.636
0.11,0.636
0.112,0.636
0.24,0.636
0.242,0.636
0.244,0.636
0.246,0.636
0.248,0.636
0.25,0.636
0.252,0.636
0.254,0.636
0.256,0.636
0.258,0.636
0.26,0.636
0.262,0.636
0.264,0.636
0.266,0.636
0.268,0.636
0.27,0.636
0.272,0.636
0.274,0.636
0.34,0.636
0.342,0.636
0.344,0.636
0.346,0.636
0.348,0.636
0.35,0.636
0.352,0.636
0.354,0.636
0.356,0.636
0.358,0.636
0.36,0.636
0.362,0.636
0.462,0.636
0.464,0.636
0.466,0.636
0.468,0.636
0.47,0.636
0.472,0.636
0.474,0.636
0.476,0.636
0.478,0.636
0.48,0.636
0.482,0.636
0.484,0.636
0.874,0.636
0.876,0.636
0.878,0.636
0.88,0.636
0.882,0.636
0.884,0.636
0.886,0.636
0.888,0.636
0.89,0.636
0.892,0.636
0.894,0.636
0.896,0.636
0.898,0.636
0.9,0.636
0.902,0.636
0.094,0.638
0.096,0.638
0.098,0.638
0.1,0.638
0.102,0.638
0.104,0.638
0.106,0.638
0.108,0.638
0.11,0.638
0.112,0.638
0.236,0.638
0.238,0.638
0.24,0.638
0.242,0.638
0.244,0.638
0.246,0.638
0.248,0.638
0.25,0.638
0.252,0.638
0.254,0.638
0.256,0.638
0.258,0.638
0.26,0.638
0.262,0.638
0.264,0.638
0.266,0.638
0.268,0.638
0.27,0.638
0.34,0.638
0.342,0.638
0.344,0.638
0.346,0.638
0.348,0.638
0.35,0.638
0.352,0.638
0.354,0.638
0.356,0.638
0.358,0.638
0.36,0.638
0.362,0.638
0.462,0.638
0.464,0.638
0.466,0.638
0.468,0.638
0.47,0.638
0.472,0.638
0.474,0.638
0.476,0.638
0.478,0.638
0.48,0.638
0.482,0.638
0.484,0.638
0.876,0.638
0.878,0.638
0.88,0.638
0.882,0.638
0.884,0.638
0.886,0.638
0.888,0.638
0.89,0.638
0.892,0.638
0.894,0.638
0.896,0.638
0.898,0.638
0.9,0.638
0.902,0.638
0.904,0.638
0.094,0.64
0.096,0.64
0.098,0.64
0.1,0.64
0.102,0.64
0.104,0.64
0.106,0.64
0.108,0.64
0.11,0.64
0.112,0.64
0.114,0.64
0.23,0.64
0.232,0.64
0.234,0.64
0.236,0.64
0.238,0.64
0.24,0.64
0.242,0.64
0.244,0.64
0.246,0.64
0.248,0.64
0.25,0.64
0.252,0.64
0.254,0.64
0.256,0.64
0.258,0.64
0.26,0.64
0.262,0.64
0.264,0.64
0.266,0.64
0.34,0.64
0.342,0.64
0.344,0.64
0.346,0.64
0.348,0.64
0.35,0.64
0.352,0.64
0.354,0.64
0.356,0.64
0.358,0.64
0.36,0.64
0.464,0.64
0.466,0.64
0.468,0.64
0.47,0.64
0.472,0.64
0.474,0.64
0.476,0.64
0.478,0.64
0.48,0.64
0.482,0.64
0.484,0.64
0.486,0.64
0.876,0.64
0.878,0.64
0.88,0.64
0.882,0.64
0.884,0.64
0.886,0.64
0.888,0.64
0.89,0.64
0.892,0.64
0.894,0.64
0.896,0.64
0.898,0.64
0.9,0.64
0.902,0.64
0.904,0.64
0.906,0.64
0.908,0.64
0.092,0.642
0.094,0.642
0.096,0.642
0.098,0.642
0.1,0.642
0.102,0.642
0.104,0.642
0.106,0.642
0.108,0.642
0.11,0.642
0.112,0.642
0.114,0.642
0.116,0.642
0.222,0.642
0.224,0.642
0.226,0.642
0.228,0.642
0.23,0.642
0.232,0.642
0.234,0.642
0.236,0.642
0.238,0.642
0.24,0.642
0.242,0.642
0.244,0.642
0.246,0.642
0.248,0.642
0.25,0.642
0.252,0.642
0.254,0.642
0.256,0.642
0.258,0.642
0.26,0.642
0.262,0.642
0.338,0.642
0.34,0.642
0.342,0.642
0.344,0.642
0.346,0.642
0.348,0.642
0.35,0.642
0.352,0.642
0.354,0.642
0.356,0.642
0.358,0.642
0.36,0.642
0.464,0.642
0.466,0.642
0.468,0.642
0.47,0.642
0.472,0.642
0.474,0.642
0.476,0.642
0.478,0.642
0.48,0.642
0.482,0.642
0.484,0.642
0.486,0.642
0.878,0.642
0.88,0.642
0.882,0.642
0.884,0.642
0.886,0.642
0.888,0.642
0.89,0.642
0.892,0.642
0.894,0.642
0.896,0.642
0.898,0.642
0.9,0.642
0.902,0.642
0.904,0.642
0.906,0.642
0.908,0.642
0.91,0.642
0.092,0.644
0.094,0.644
0.096,0.644
0.098,0.644
0.1,0.644
0.102,0.644
0.104,0.644
0.106,0.644
0.108,0.644
0.11,0.644
0.112,0.644
0.114,0.644
0.116,0.644
0.118,0.644
0.206,0.644
0.208,0.644
0.21,0.644
0.212,0.644
0.214,0.644
0.216,0.644
0.218,0.644
0.22,0.644
0.222,0.644
0.224,0.644
0.226,0.644
0.228,0.644
0.23,0.644
0.232,0.644
0.234,0.644
0.236,0.644
0.238,0.644
0.24,0.644
0.242,0.644
0.244,0.644
0.246,0.644
0.248,0.644
0.25,0.644
0.252,0.644
0.254,0.644
0.256,0.644
0.258,0.644
0.26,0.644
0.336,0.644
0.338,0.644
0.34,0.644
0.342,0.644
0.344,0.644
0.346,0.644
0.348,0.644
0.35,0.644
0.352,0.644
0.354,0.644
0.356,0.644
0.358,0.644
0.36,0.644
0.464,0.644
0.466,0.644
0.468,0.644
0.47,0.644
0.472,0.644
0.474,0.644
0.476,0.644
0.478,0.644
0.48,0.644
0.482,0.644
0.484,0.644
0.486,0.644
0.488,0.644
0.878,0.644
0.88,0.644
0.882,0.644
0.884,0.644
0.886,0.644
0.888,0.644
0.89,0.644
0.892,0.644
0.894,0.644
0.896,0.644
0.898,0.644
0.9,0.644
0.902,0.644
0.904,0.644
0.906,0.644
0.908,0.644
0.91,0.644
0.912,0.644
0.092,0.646
0.094,0.646
0.096,0.646
0.098,0.646
0.1,0.646
0.102,0.646
0.104,0.646
0.106,0.646
0.108,0.646
0.11,0.646
0.112,0.646
0.114,0.646
0.116,0.646
0.118,0.646
0.12,0.646
0.184,0.646
0.186,0.646
0.188,0.646
0.19,0.646
0.192,0.646
0.194,0.646
0.196,0.646
0.198,0.646
0.2,0.646
0.202,0.646
0.204,0.646
0.206,0.646
0.208,0.646
0.21,0.646
0.212,0.646
0.214,0.646
0.216,0.646
0.218,0.646
0.22,0.646
0.222,0.646
0.224,0.646
0.226,0.646
0.228,0.646
0.23,0.646
0.232,0.646
0.234,0.646
0.236,0.646
0.238,0.646
0.24,0.646
0.242,0.646
0.244,0.646
0.246,0.646
0.248,0.646
0.25,0.646
0.252,0.646
0.254,0.646
0.256,0.646
0.258,0.646
0.334,0.646
0.336,0.646
0.338,0.646
0.34,0.646
0.342,0.646
0.344,0.646
0.346,0.646
0.348,0.646
0.35,0.646
0.352,0.646
0.354,0.646
0.356,0.646
0.358,0.646
0.466,0.646
0.468,0.646
0.47,0.646
0.472,0.646
0.474,0.646
0.476,0.646
0.478,0.646
0.48,0.646
0.482,0.646
0.484,0.646
0.486,0.646
0.488,0.646
0.88,0.646
0.882,0.646
0.884,0.646
0.886,0.646
0.888,0.646
0.89,0.646
0.892,0.646
0.894,0.646
0.896,0.646
0.898,0.646
0.9,0.646
0.902,0.646
0.904,0.646
0.906,0.646
0.908,0.646
0.91,0.646
0.912,0.646
0.092,0.648
0.094,0.648
0.096,0.648
0.098,0.648
0.1,0.648
0.102,0.648
0.104,0.648
0.106,0.648
0.108,0.648
0.11,0.648
0.112,0.648
0.114,0.648
0.116,0.648
0.118,0.648
0.12,0.648
0.122,0.648
0.124,0.648
0.178,0.648
0.18,0.648
0.182,0.648
0.184,0.648
0.186,0.648
0.188,0.648
0.19,0.648
0.192,0.648
0.194,0.648
0.196,0.648
0.198,0.648
0.2,0.648
0.202,0.648
0.204,0.648
0.206,0.648
0.208,0.648
0.21,0.648
0.212,0.648
0.214,0.648
0.216,0.648
0.218,0.648
0.22,0.648
0.222,0.648
0.224,0.648
0.226,0.648
0.228,0.648
0.23,0.648
0.232,0.648
0.234,0.648
0.236,0.648
0.238,0.648
0.24,0.648
0.242,0.648
0.244,0.648
0.246,0.648
0.248,0.648
0.25,0.648
0.252,0.648
0.254,0.648
0.256,0.648
0.258,0.648
0.332,0.648
0.334,0.648
0.336,0.648
0.338,0.648
0.34,0.648
0.342,0.648
0.344,0.648
0.346,0.648
0.348,0.648
0.35,0.648
0.352,0.648
0.354,0.648
0.356,0.648
0.358,0.648
0.466,0.648
0.468,0.648
0.47,0.648
0.472,0.648
0.474,0.648
0.476,0.648
0.478,0.648
0.48,0.648
0.482,0.648
0.484,0.648
0.486,0.648
0.488,0.648
0.882,0.648
0.884,0.648
0.886,0.648
0.888,0.648
0.89,0.648
0.892,0.648
0.894,0.648
0.896,0.648
0.898,0.648
0.9,0.648
0.902,0.648
0.904,0.648
0.906,0.648
0.908,0.648
0.91,0.648
0.912,0.648
0.092,0.65
0.094,0.65
0.096,0.65
0.098,0.65
0.1,0.65
0.102,0.65
0.104,0.65
0.106,0.65
0.108,0.65
0.11,0.65
0.112,0.65
0.114,0.65
0.116,0.65
0.118,0.65
0.12,0.65
0.122,0.65
0.124,0.65
0.126,0.65
0.128,0.65
0.13,0.65
0.134,0.65
0.136,0.65
0.138,0.65
0.14,0.65
0.142,0.65
0.144,0.65
0.146,0.65
0.148,0.65
0.15,0.65
0.152,0.65
0.154,0.65
0.172,0.65
0.174,0.65
0.176,0.65
0.178,0.65
0.18,0.65
0.182,0.65
0.184,0.65
0.186,0.65
0.188,0.65
0.19,0.65
0.192,0.65
0.194,0.65
0.196,0.65
0.198,0.65
0.2,0.65
0.202,0.65
0.204,0.65
0.206,0.65
0.208,0.65
0.21,0.65
0.212,0.65
0.214,0.65
0.216,0.65
0.218,0.65
0.22,0.65
0.222,0.65
0.224,0.65
0.226,0.65
0.228,0.65
0.23,0.65
0.232,0.65
0.234,0.65
0.236,0.65
0.238,0.65
0.24,0.65
0.242,0.65
0.244,0.65
0.246,0.65
0.248,0.65
0.25,0.65
0.252,0.65
0.254,0.65
0.256,0.65
0.328,0.65
0.33,0.65
0.332,0.65
0.334,0.65
0.336,0.65
0.338,0.65
0.34,0.65
0.342,0.65
0.344,0.65
0.346,0.65
0.348,0.65
0.35,0.65
0.352,0.65
0.354,0.65
0.356,0.65
0.358,0.65
0.468,0.65
0.47,0.65
0.472,0.65
0.474,0.65
0.476,0.65
0.478,0.65
0.48,0.65
0.482,0.65
0.484,0.65
0.486,0.65
0.488,0.65
0.884,0.65
0.886,0.65
0.888,0.65
0.89,0.65
0.892,0.65
0.894,0.65
0.896,0.65
0.898,0.65
0.9,0.65
0.902,0.65
0.904,0.65
0.906,0.65
0.908,0.65
0.91,0.65
0.912,0.65
0.092,0.652
0.094,0.652
0.096,0.652
0.098,0.652
0.1,0.652
0.102,0.652
0.104,0.652
0.106,0.652
0.108,0.652
0.11,0.652
0.112,0.652
0.114,0.652
0.116,0.652
0.118,0.652
0.12,0.652
0.122,0.652
0.124,0.652
0.126,0.652
0.128,0.652
0.13,0.652
0.132,0.652
0.134,0.652
0.136,0.652
0.138,0.652
0.14,0.652
0.142,0.652
0.144,0.652
0.146,0.652
0.148,0.652
0.15,0.652
0.152,0.652
0.154,0.652
0.156,0.652
0.158,0.652
0.16,0.652
0.162,0.652
0.164,0.652
0.166,0.652
0.168,0.652
0.17,0.652
0.172,0.652
0.174,0.652
0.176,0.652
0.178,0.652
0.18,0.652
0.182,0.652
0.184,0.652
0.186,0.652
0.188,0.652
0.19,0.652
0.192,0.652
0.194,0.652
0.196,0.652
0.198,0.652
0.2,0.652
0.202,0.652
0.204,0.652
0.206,0.652
0.208,0.652
0.21,0.652
0.212,0.652
0.214,0.652
0.216,0.652
0.218,0.652
0.22,0.652
0.222,0.652
0.224,0.652
0.226,0.652
0.228,0.652
0.23,0.652
0.232,0.652
0.234,0.652
0.236,0.652
0.238,0.652
0.24,0.652
0.242,0.652
0.244,0.652
0.246,0.652
0.248,0.652
0.25,0.652
0.252,0.652
0.254,0.652
0.256,0.652
0.324,0.652
0.326,0.652
0.328,0.652
0.33,0.652
0.332,0.652
0.334,0.652
0.336,0.652
0.338,0.652
0.34,0.652
0.342,0.652
0.344,0.652
0.346,0.652
0.348,0.652
0.35,0.652
0.352,0.652
0.354,0.652
0.356,0.652
0.468,0.652
0.47,0.652
0.472,0.652
0.474,0.652
0.476,0.652
0.478,0.652
0.48,0.652
0.482,0.652
0.484,0.652
0.486,0.652
0.488,0.652
0.49,0.652
0.888,0.652
0.89,0.652
0.892,0.652
0.894,0.652
0.896,0.652
0.898,0.652
0.9,0.652
0.902,0.652
0.904,0.652
0.906,0.652
0.908,0.652
0.91,0.652
0.912,0.652
0.092,0.654
0.094,0.654
0.096,0.654
0.098,0.654
0.1,0.654
0.102,0.654
0.104,0.654
0.106,0.654
0.108,0.654
0.11,0.654
0.112,0.654
0.114,0.654
0.116,0.654
0.118,0.654
0.12,0.654
0.122,0.654
0.124,0.654
0.126,0.654
0.128,0.654
0.13,0.654
0.132,0.654
0.134,0.654
0.136,0.654
0.138,0.654
0.14,0.654
0.142,0.654
0.144,0.654
0.146,0.654
0.148,0.654
0.15,0.654
0.152,0.654
0.154,0.654
0.156,0.654
0.158,0.654
0.16,0.654
0.162,0.654
0.164,0.654
0.166,0.654
0.168,0.654
0.17,0.654
0.172,0.654
0.174,0.654
0.176,0.654
0.178,0.654
0.18,0.654
0.182,0.654
0.184,0.654
0.186,0.654
0.188,0.654
0.19,0.654
0.192,0.654
0.194,0.654
0.196,0.654
0.198,0.654
0.2,0.654
0.202,0.654
0.204,0.654
0.206,0.654
0.208,0.654
0.21,0.654
0.212,0.654
0.214,0.654
0.216,0.654
0.218,0.654
0.22,0.654
0.222,0.654
0.224,0.654
0.226,0.654
0.228,0.654
0.23,0.654
0.232,0.654
0.234,0.654
0.236,0.654
0.238,0.654
0.24,0.654
0.242,0.654
0.244,0.654
0.246,0.654
0.248,0.654
0.25,0.654
0.322,0.654
0.324,0.654
0.326,0.654
0.328,0.654
0.33,0.654
0.332,0.654
0.334,0.654
0.336,0.654
0.338,0.654
0.34,0.654
0.342,0.654
0.344,0.654
0.346,0.654
0.348,0.654
0.35,0.654
0.352,0.654
0.354,0.654
0.356,0.654
0.47,0.654
0.472,0.654
0.474,0.654
0.476,0.654
0.478,0.654
0.48,0.654
0.482,0.654
0.484,0.654
0.486,0.654
0.488,0.654
0.49,0.654
0.89,0.654
0.892,0.654
0.894,0.654
0.896,0.654
0.898,0.654
0.9,0.654
0.902,0.654
0.904,0.654
0.906,0.654
0.908,0.654
0.91,0.654
0.912,0.654
0.092,0.656
0.094,0.656
0.096,0.656
0.098,0.656
0.1,0.656
0.102,0.656
0.104,0.656
0.106,0.656
0.108,0.656
0.11,0.656
0.112,0.656
0.114,0.656
0.116,0.656
0.118,0.656
0.12,0.656
0.122,0.656
0.124,0.656
0.126,0.656
0.128,0.656
0.13,0.656
0.132,0.656
0.134,0.656
0.136,0.656
0.138,0.656
0.14,0.656
0.142,0.656
0.144,0.656
0.146,0.656
0.148,0.656
0.15,0.656
0.152,0.656
0.154,0.656
0.156,0.656
0.158,0.656
0.16,0.656
0.162,0.656
0.164,0.656
0.166,0.656
0.168,0.656
0.17,0.656
0.172,0.656
0.174,0.656
0.176,0.656
0.178,0.656
0.18,0.656
0.182,0.656
0.184,0.656
0.186,0.656
0.188,0.656
0.19,0.656
0.192,0.656
0.194,0.656
0.196,0.656
0.198,0.656
0.2,0.656
0.202,0.656
0.204,0.656
0.206,0.656
0.208,0.656
0.21,0.656
0.212,0.656
0.214,0.656
0.216,0.656
0.218,0.656
0.22,0.656
0.222,0.656
0.224,0.656
0.226,0.656
0.228,0.656
0.23,0.656
0.232,0.656
0.234,0.656
0.236,0.656
0.238,0.656
0.24,0.656
0.242,0.656
0.244,0.656
0.246,0.656
0.248,0.656
0.318,0.656
0.32,0.656
0.322,0.656
0.324,0.656
0.326,0.656
0.328,0.656
0.33,0.656
0.332,0.656
0.334,0.656
0.336,0.656
0.338,0.656
0.34,0.656
0.342,0.656
0.344,0.656
0.346,0.656
0.348,0.656
0.35,0.656
0.352,0.656
0.354,0.656
0.47,0.656
0.472,0.656
0.474,0.656
0.476,0.656
0.478,0.656
0.48,0.656
0.482,0.656
0.484,0.656
0.486,0.656
0.488,0.656
0.49,0.656
0.892,0.656
0.894,0.656
0.896,0.656
0.898,0.656
0.9,0.656
0.902,0.656
0.904,0.656
0.906,0.656
0.908,0.656
0.91,0.656
0.912,0.656
0.092,0.658
0.094,0.658
0.096,0.658
0.098,0.658
0.1,0.658
0.102,0.658
0.104,0.658
0.106,0.658
0.108,0.658
0.11,0.658
0.112,0.658
0.114,0.658
0.116,0.658
0.118,0.658
0.12,0.658
0.122,0.658
0.124,0.658
0.126,0.658
0.128,0.658
0.13,0.658
0.132,0.658
0.134,0.658
0.136,0.658
0.138,0.658
0.14,0.658
0.142,0.658
0.144,0.658
0.146,0.658
0.148,0.658
0.15,0.658
0.152,0.658
0.154,0.658
0.156,0.658
0.158,0.658
0.16,0.658
0.162,0.658
0.164,0.658
0.166,0.658
0.168,0.658
0.17,0.658
0.172,0.658
0.174,0.658
0.176,0.658
0.178,0.658
0.18,0.658
0.182,0.658
0.184,0.658
0.186,0.658
0.188,0.658
0.19,0.658
0.192,0.658
0.194,0.658
0.196,0.658
0.198,0.658
0.2,0.658
0.202,0.658
0.204,0.658
0.206,0.658
0.208,0.658
0.21,0.658
0.212,0.658
0.214,0.658
0.216,0.658
0.218,0.658
0.22,0.658
0.222,0.658
0.224,0.658
0.226,0.658
0.228,0.658
0.23,0.658
0.232,0.658
0.234,0.658
0.236,0.658
0.238,0.658
0.24,0.658
0.242,0.658
0.244,0.658
0.316,0.658
0.318,0.658
0.32,0.658
0.322,0.658
0.324,0.658
0.326,0.658
0.328,0.658
0.33,0.658
0.332,0.658
0.334,0.658
0.336,0.658
0.338,0.658
0.34,0.658
0.342,0.658
0.344,0.658
0.346,0.658
0.348,0.658
0.35,0.658
0.352,0.658
0.47,0.658
0.472,0.658
0.474,0.658
0.476,0.658
0.478,0.658
0.48,0.658
0.482,0.658
0.484,0.658
0.486,0.658
0.488,0.658
0.49,0.658
0.896,0.658
0.898,0.658
0.9,0.658
0.902,0.658
0.904,0.658
0.906,0.658
0.908,0.658
0.91,0.658
0.094,0.66
0.096,0.66
0.098,0.66
0.1,0.66
0.102,0.66
0.104,0.66
0.106,0.66
0.108,0.66
0.11,0.66
0.112,0.66
0.114,0.66
0.116,0.66
0.118,0.66
0.12,0.66
0.122,0.66
0.124,0.66
0.126,0.66
0.128,0.66
0.13,0.66
0.132,0.66
0.134,0.66
0.136,0.66
0.138,0.66
0.14,0.66
0.142,0.66
0.144,0.66
0.146,0.66
0.148,0.66
0.15,0.66
0.152,0.66
0.154,0.66
0.156,0.66
0.158,0.66
0.16,0.66
0.162,0.66
0.164,0.66
0.166,0.66
0.168,0.66
0.17,0.66
0.172,0.66
0.174,0.66
0.176,0.66
0.178,0.66
0.18,0.66
0.182,0.66
0.184,0.66
0.186,0.66
0.188,0.66
0.19,0.66
0.192,0.66
0.194,0.66
0.196,0.66
0.198,0.66
0.2,0.66
0.202,0.66
0.204,0.66
0.206,0.66
0.208,0.66
0.21,0.66
0.212,0.66
0.214,0.66
0.216,0.66
0.218,0.66
0.22,0.66
0.222,0.66
0.224,0.66
0.226,0.66
0.228,0.66
0.23,0.66
0.232,0.66
0.234,0.66
0.236,0.66
0.238,0.66
0.24,0.66
0.314,0.66
0.316,0.66
0.318,0.66
0.32,0.66
0.322,0.66
0.324,0.66
0.326,0.66
0.328,0.66
0.33,0.66
0.332,0.66
0.334,0.66
0.336,0.66
0.338,0.66
0.34,0.66
0.342,0.66
0.344,0.66
0.346,0.66
0.348,0.66
0.35,0.66
0.47,0.66
0.472,0.66
0.474,0.66
0.476,0.66
0.478,0.66
0.48,0.66
0.482,0.66
0.484,0.66
0.486,0.66
0.488,0.66
0.49,0.66
0.898,0.66
0.9,0.66
0.902,0.66
0.904,0.66
0.906,0.66
0.908,0.66
0.094,0.662
0.096,0.662
0.098,0.662
0.1,0.662
0.102,0.662
0.104,0.662
0.106,0.662
0.108,0.662
0.11,0.662
0.112,0.662
0.114,0.662
0.116,0.662
0.118,0.662
0.12,0.662
0.122,0.662
0.124,0.662
0.126,0.662
0.128,0.662
0.13,0.662
0.132,0.662
0.134,0.662
0.136,0.662
0.138,0.662
0.14,0.662
0.142,0.662
0.144,0.662
0.146,0.662
0.148,0.662
0.15,0.662
0.152,0.662
0.154,0.662
0.156,0.662
0.158,0.662
0.16,0.662
0.162,0.662
0.164,0.662
0.166,0.662
0.168,0.662
0.17,0.662
0.172,0.662
0.174,0.662
0.176,0.662
0.178,0.662
0.18,0.662
0.182,0.662
0.184,0.662
0.186,0.662
0.188,0.662
0.19,0.662
0.192,0.662
0.194,0.662
0.196,0.662
0.198,0.662
0.2,0.662
0.202,0.662
0.204,0.662
0.206,0.662
0.208,0.662
0.21,0.662
0.212,0.662
0.214,0.662
0.216,0.662
0.218,0.662
0.22,0.662
0.222,0.662
0.224,0.662
0.226,0.662
0.228,0.662
0.23,0.662
0.232,0.662
0.312,0.662
0.314,0.662
0.316,0.662
0.318,0.662
0.32,0.662
0.322,0.662
0.324,0.662
0.326,0.662
0.328,0.662
0.33,0.662
0.332,0.662
0.334,0.662
0.336,0.662
0.338,0.662
0.34,0.662
0.342,0.662
0.344,0.662
0.346,0.662
0.348,0.662
0.472,0.662
0.474,0.662
0.476,0.662
0.478,0.662
0.48,0.662
0.482,0.662
0.484,0.662
0.486,0.662
0.488,0.662
0.49,0.662
0.094,0.664
0.096,0.664
0.098,0.664
0.1,0.664
0.102,0.664
0.104,0.664
0.106,0.664
0.108,0.664
0.11,0.664
0.112,0.664
0.114,0.664
0.116,0.664
0.118,0.664
0.12,0.664
0.122,0.664
0.124,0.664
0.126,0.664
0.128,0.664
0.13,0.664
0.132,0.664
0.134,0.664
0.136,0.664
0.138,0.664
0.14,0.664
0.142,0.664
0.144,0.664
0.146,0.664
0.148,0.664
0.15,0.664
0.152,0.664
0.154,0.664
0.156,0.664
0.158,0.664
0.16,0.664
0.162,0.664
0.164,0.664
0.166,0.664
0.168,0.664
0.17,0.664
0.172,0.664
0.174,0.664
0.176,0.664
0.178,0.664
0.18,0.664
0.182,0.664
0.184,0.664
0.186,0.664
0.188,0.664
0.19,0.664
0.192,0.664
0.194,0.664
0.196,0.664
0.198,0.664
0.2,0.664
0.202,0.664
0.204,0.664
0.206,0.664
0.208,0.664
0.21,0.664
0.212,0.664
0.214,0.664
0.216,0.664
0.218,0.664
0.22,0.664
0.31,0.664
0.312,0.664
0.314,0.664
0.316,0.664
0.318,0.664
0.32,0.664
0.322,0.664
0.324,0.664
0.326,0.664
0.328,0.664
0.33,0.664
0.332,0.664
0.334,0.664
0.336,0.664
0.338,0.664
0.34,0.664
0.342,0.664
0.344,0.664
0.346,0.664
0.472,0.664
0.474,0.664
0.476,0.664
0.478,0.664
0.48,0.664
0.482,0.664
0.484,0.664
0.486,0.664
0.488,0.664
0.49,0.664
0.492,0.664
0.094,0.666
0.096,0.666
0.098,0.666
0.1,0.666
0.102,0.666
0.104,0.666
0.106,0.666
0.108,0.666
0.11,0.666
0.112,0.666
0.114,0.666
0.116,0.666
0.118,0.666
0.12,0.666
0.122,0.666
0.124,0.666
0.126,0.666
0.128,0.666
0.13,0.666
0.132,0.666
0.134,0.666
0.136,0.666
0.138,0.666
0.14,0.666
0.142,0.666
0.144,0.666
0.146,0.666
0.148,0.666
0.15,0.666
0.152,0.666
0.154,0.666
0.156,0.666
0.158,0.666
0.16,0.666
0.162,0.666
0.164,0.666
0.166,0.666
0.168,0.666
0.17,0.666
0.172,0.666
0.174,0.666
0.176,0.666
0.178,0.666
0.18,0.666
0.182,0.666
0.184,0.666
0.186,0.666
0.188,0.666
0.19,0.666
0.192,0.666
0.194,0.666
0.308,0.666
0.31,0.666
0.312,0.666
0.314,0.666
0.316,0.666
0.318,0.666
0.32,0.666
0.322,0.666
0.324,0.666
0.326,0.666
0.328,0.666
0.33,0.666
0.332,0.666
0.334,0.666
0.336,0.666
0.338,0.666
0.34,0.666
0.342,0.666
0.344,0.666
0.472,0.666
0.474,0.666
0.476,0.666
0.478,0.666
0.48,0.666
0.482,0.666
0.484,0.666
0.486,0.666
0.488,0.666
0.49,0.666
0.492,0.666
0.094,0.668
0.096,0.668
0.098,0.668
0.1,0.668
0.102,0.668
0.104,0.668
0.106,0.668
0.108,0.668
0.11,0.668
0.112,0.668
0.114,0.668
0.116,0.668
0.118,0.668
0.12,0.668
0.122,0.668
0.124,0.668
0.126,0.668
0.128,0.668
0.13,0.668
0.132,0.668
0.134,0.668
0.136,0.668
0.138,0.668
0.14,0.668
0.142,0.668
0.144,0.668
0.146,0.668
0.148,0.668
0.15,0.668
0.152,0.668
0.154,0.668
0.156,0.668
0.158,0.668
0.16,0.668
0.162,0.668
0.164,0.668
0.166,0.668
0.168,0.668
0.17,0.668
0.172,0.668
0.174,0.668
0.176,0.668
0.178,0.668
0.18,0.668
0.182,0.668
0.184,0.668
0.186,0.668
0.188,0.668
0.306,0.668
0.308,0.668
0.31,0.668
0.312,0.668
0.314,0.668
0.316,0.668
0.318,0.668
0.32,0.668
0.322,0.668
0.324,0.668
0.326,0.668
0.328,0.668
0.33,0.668
0.332,0.668
0.334,0.668
0.336,0.668
0.338,0.668
0.34,0.668
0.472,0.668
0.474,0.668
0.476,0.668
0.478,0.668
0.48,0.668
0.482,0.668
0.484,0.668
0.486,0.668
0.488,0.668
0.49,0.668
0.492,0.668
0.094,0.67
0.096,0.67
0.098,0.67
0.1,0.67
0.102,0.67
0.104,0.67
0.106,0.67
0.108,0.67
0.11,0.67
0.112,0.67
0.114,0.67
0.12,0.67
0.122,0.67
0.124,0.67
0.126,0.67
0.128,0.67
0.13,0.67
0.132,0.67
0.134,0.67
0.136,0.67
0.138,0.67
0.14,0.67
0.142,0.67
0.144,0.67
0.146,0.67
0.148,0.67
0.15,0.67
0.152,0.67
0.154,0.67
0.156,0.67
0.158,0.67
0.16,0.67
0.162,0.67
0.164,0.67
0.166,0.67
0.168,0.67
0.17,0.67
0.172,0.67
0.174,0.67
0.176,0.67
0.178,0.67
0.18,0.67
0.182,0.67
0.306,0.67
0.308,0.67
0.31,0.67
0.312,0.67
0.314,0.67
0.316,0.67
0.318,0.67
0.32,0.67
0.322,0.67
0.324,0.67
0.326,0.67
0.328,0.67
0.33,0.67
0.332,0.67
0.334,0.67
0.336,0.67
0.472,0.67
0.474,0.67
0.476,0.67
0.478,0.67
0.48,0.67
0.482,0.67
0.484,0.67
0.486,0.67
0.488,0.67
0.49,0.67
0.492,0.67
0.094,0.672
0.096,0.672
0.098,0.672
0.1,0.672
0.102,0.672
0.104,0.672
0.106,0.672
0.108,0.672
0.11,0.672
0.112,0.672
0.114,0.672
0.166,0.672
0.168,0.672
0.17,0.672
0.172,0.672
0.174,0.672
0.176,0.672
0.178,0.672
0.304,0.672
0.306,0.672
0.308,0.672
0.31,0.672
0.312,0.672
0.314,0.672
0.316,0.672
0.318,0.672
0.32,0.672
0.322,0.672
0.324,0.672
0.326,0.672
0.328,0.672
0.33,0.672
0.332,0.672
0.472,0.672
0.474,0.672
0.476,0.672
0.478,0.672
0.48,0.672
0.482,0.672
0.484,0.672
0.486,0.672
0.488,0.672
0.49,0.672
0.492,0.672
0.494,0.672
0.094,0.674
0.096,0.674
0.098,0.674
0.1,0.674
0.102,0.674
0.104,0.674
0.106,0.674
0.108,0.674
0.11,0.674
0.112,0.674
0.114,0.674
0.3,0.674
0.302,0.674
0.304,0.674
0.306,0.674
0.308,0.674
0.31,0.674
0.312,0.674
0.314,0.674
0.316,0.674
0.318,0.674
0.32,0.674
0.322,0.674
0.324,0.674
0.326,0.674
0.328,0.674
0.33,0.674
0.472,0.674
0.474,0.674
0.476,0.674
0.478,0.674
0.48,0.674
0.482,0.674
0.484,0.674
0.486,0.674
0.488,0.674
0.49,0.674
0.492,0.674
0.494,0.674
0.094,0.676
0.096,0.676
0.098,0.676
0.1,0.676
0.102,0.676
0.104,0.676
0.106,0.676
0.108,0.676
0.11,0.676
0.112,0.676
0.114,0.676
0.116,0.676
0.294,0.676
0.296,0.676
0.298,0.676
0.3,0.676
0.302,0.676
0.304,0.676
0.306,0.676
0.308,0.676
0.31,0.676
0.312,0.676
0.314,0.676
0.316,0.676
0.318,0.676
0.32,0.676
0.322,0.676
0.324,0.676
0.326,0.676
0.328,0.676
0.472,0.676
0.474,0.676
0.476,0.676
0.478,0.676
0.48,0.676
0.482,0.676
0.484,0.676
0.486,0.676
0.488,0.676
0.49,0.676
0.492,0.676
0.494,0.676
0.094,0.678
0.096,0.678
0.098,0.678
0.1,0.678
0.102,0.678
0.104,0.678
0.106,0.678
0.108,0.678
0.11,0.678
0.112,0.678
0.114,0.678
0.116,0.678
0.118,0.678
0.29,0.678
0.292,0.678
0.294,0.678
0.296,0.678
0.298,0.678
0.3,0.678
0.302,0.678
0.304,0.678
0.306,0.678
0.308,0.678
0.31,0.678
0.312,0.678
0.314,0.678
0.316,0.678
0.318,0.678
0.32,0.678
0.322,0.678
0.324,0.678
0.326,0.678
0.474,0.678
0.476,0.678
0.478,0.678
0.48,0.678
0.482,0.678
0.484,0.678
0.486,0.678
0.488,0.678
0.49,0.678
0.492,0.678
0.494,0.678
0.094,0.68
0.096,0.68
0.098,0.68
0.1,0.68
0.102,0.68
0.104,0.68
0.106,0.68
0.108,0.68
0.11,0.68
0.112,0.68
0.114,0.68
0.116,0.68
0.118,0.68
0.12,0.68
0.288,0.68
0.29,0.68
0.292,0.68
0.294,0.68
0.296,0.68
0.298,0.68
0.3,0.68
0.302,0.68
0.304,0.68
0.306,0.68
0.308,0.68
0.31,0.68
0.312,0.68
0.314,0.68
0.316,0.68
0.318,0.68
0.32,0.68
0.322,0.68
0.324,0.68
0.474,0.68
0.476,0.68
0.478,0.68
0.48,0.68
0.482,0.68
0.484,0.68
0.486,0.68
0.488,0.68
0.49,0.68
0.492,0.68
0.494,0.68
0.496,0.68
0.094,0.682
0.096,0.682
0.098,0.682
0.1,0.682
0.102,0.682
0.104,0.682
0.106,0.682
0.108,0.682
0.11,0.682
0.112,0.682
0.114,0.682
0.116,0.682
0.118,0.682
0.12,0.682
0.284,0.682
0.286,0.682
0.288,0.682
0.29,0.682
0.292,0.682
0.294,0.682
0.296,0.682
0.298,0.682
0.3,0.682
0.302,0.682
0.304,0.682
0.306,0.682
0.308,0.682
0.31,0.682
0.312,0.682
0.314,0.682
0.316,0.682
0.318,0.682
0.32,0.682
0.322,0.682
0.324,0.682
0.474,0.682
0.476,0.682
0.478,0.682
0.48,0.682
0.482,0.682
0.484,0.682
0.486,0.682
0.488,0.682
0.49,0.682
0.492,0.682
0.494,0.682
0.496,0.682
0.096,0.684
0.098,0.684
0.1,0.684
0.102,0.684
0.104,0.684
0.106,0.684
0.108,0.684
0.11,0.684
0.112,0.684
0.114,0.684
0.116,0.684
0.118,0.684
0.12,0.684
0.122,0.684
0.282,0.684
0.284,0.684
0.286,0.684
0.288,0.684
0.29,0.684
0.292,0.684
0.294,0.684
0.296,0.684
0.298,0.684
0.3,0.684
0.302,0.684
0.304,0.684
0.306,0.684
0.308,0.684
0.31,0.684
0.312,0.684
0.314,0.684
0.316,0.684
0.318,0.684
0.32,0.684
0.322,0.684
0.474,0.684
0.476,0.684
0.478,0.684
0.48,0.684
0.482,0.684
0.484,0.684
0.486,0.684
0.488,0.684
0.49,0.684
0.492,0.684
0.494,0.684
0.496,0.684
0.098,0.686
0.1,0.686
0.102,0.686
0.104,0.686
0.106,0.686
0.108,0.686
0.11,0.686
0.112,0.686
0.114,0.686
0.116,0.686
0.118,0.686
0.12,0.686
0.122,0.686
0.28,0.686
0.282,0.686
0.284,0.686
0.286,0.686
0.288,0.686
0.29,0.686
0.292,0.686
0.294,0.686
0.296,0.686
0.298,0.686
0.3,0.686
0.302,0.686
0.304,0.686
0.306,0.686
0.308,0.686
0.31,0.686
0.312,0.686
0.314,0.686
0.316,0.686
0.318,0.686
0.32,0.686
0.476,0.686
0.478,0.686
0.48,0.686
0.482,0.686
0.484,0.686
0.486,0.686
0.488,0.686
0.49,0.686
0.492,0.686
0.494,0.686
0.496,0.686
0.498,0.686
0.098,0.688
0.1,0.688
0.102,0.688
0.104,0.688
0.106,0.688
0.108,0.688
0.11,0.688
0.112,0.688
0.114,0.688
0.116,0.688
0.118,0.688
0.12,0.688
0.122,0.688
0.124,0.688
0.278,0.688
0.28,0.688
0.282,0.688
0.284,0.688
0.286,0.688
0.288,0.688
0.29,0.688
0.292,0.688
0.294,0.688
0.296,0.688
0.298,0.688
0.3,0.688
0.302,0.688
0.304,0.688
0.306,0.688
0.308,0.688
0.31,0.688
0.312,0.688
0.314,0.688
0.316,0.688
0.318,0.688
0.476,0.688
0.478,0.688
0.48,0.688
0.482,0.688
0.484,0.688
0.486,0.688
0.488,0.688
0.49,0.688
0.492,0.688
0.494,0.688
0.496,0.688
0.498,0.688
0.1,0.69
0.102,0.69
0.104,0.69
0.106,0.69
0.108,0.69
0.11,0.69
0.112,0.69
0.114,0.69
0.116,0.69
0.118,0.69
0.12,0.69
0.122,0.69
0.124,0.69
0.126,0.69
0.278,0.69
0.28,0.69
0.282,0.69
0.284,0.69
0.286,0.69
0.288,0.69
0.29,0.69
0.292,0.69
0.294,0.69
0.296,0.69
0.298,0.69
0.3,0.69
0.302,0.69
0.304,0.69
0.306,0.69
0.308,0.69
0.31,0.69
0.312,0.69
0.314,0.69
0.316,0.69
0.476,0.69
0.478,0.69
0.48,0.69
0.482,0.69
0.484,0.69
0.486,0.69
0.488,0.69
0.49,0.69
0.492,0.69
0.494,0.69
0.496,0.69
0.498,0.69
0.102,0.692
0.104,0.692
0.106,0.692
0.108,0.692
0.11,0.692
0.112,0.692
0.114,0.692
0.116,0.692
0.118,0.692
0.12,0.692
0.122,0.692
0.124,0.692
0.126,0.692
0.128,0.692
0.13,0.692
0.276,0.692
0.278,0.692
0.28,0.692
0.282,0.692
0.284,0.692
0.286,0.692
0.288,0.692
0.29,0.692
0.292,0.692
0.294,0.692
0.296,0.692
0.298,0.692
0.3,0.692
0.302,0.692
0.304,0.692
0.306,0.692
0.308,0.692
0.31,0.692
0.312,0.692
0.478,0.692
0.48,0.692
0.482,0.692
0.484,0.692
0.486,0.692
0.488,0.692
0.49,0.692
0.492,0.692
0.494,0.692
0.496,0.692
0.498,0.692
0.5,0.692
0.102,0.694
0.104,0.694
0.106,0.694
0.108,0.694
0.11,0.694
0.112,0.694
0.114,0.694
0.116,0.694
0.118,0.694
0.12,0.694
0.122,0.694
0.124,0.694
0.126,0.694
0.128,0.694
0.13,0.694
0.132,0.694
0.134,0.694
0.274,0.694
0.276,0.694
0.278,0.694
0.28,0.694
0.282,0.694
0.284,0.694
0.286,0.694
0.288,0.694
0.29,0.694
0.292,0.694
0.294,0.694
0.296,0.694
0.298,0.694
0.3,0.694
0.302,0.694
0.304,0.694
0.306,0.694
0.308,0.694
0.478,0.694
0.48,0.694
0.482,0.694
0.484,0.694
0.486,0.694
0.488,0.694
0.49,0.694
0.492,0.694
0.494,0.694
0.496,0.694
0.498,0.694
0.5,0.694
0.104,0.696
0.106,0.696
0.108,0.696
0.11,0.696
0.112,0.696
0.114,0.696
0.116,0.696
0.118,0.696
0.12,0.696
0.122,0.696
0.124,0.696
0.126,0.696
0.128,0.696
0.13,0.696
0.132,0.696
0.134,0.696
0.136,0.696
0.138,0.696
0.272,0.696
0.274,0.696
0.276,0.696
0.278,0.696
0.28,0.696
0.282,0.696
0.284,0.696
0.286,0.696
0.288,0.696
0.29,0.696
0.292,0.696
0.294,0.696
0.296,0.696
0.298,0.696
0.3,0.696
0.302,0.696
0.304,0.696
0.478,0.696
0.48,0.696
0.482,0.696
0.484,0.696
0.486,0.696
0.488,0.696
0.49,0.696
0.492,0.696
0.494,0.696
0.496,0.696
0.498,0.696
0.5,0.696
0.106,0.698
0.108,0.698
0.11,0.698
0.112,0.698
0.114,0.698
0.116,0.698
0.118,0.698
0.12,0.698
0.122,0.698
0.124,0.698
0.126,0.698
0.128,0.698
0.13,0.698
0.132,0.698
0.134,0.698
0.136,0.698
0.138,0.698
0.14,0.698
0.142,0.698
0.23,0.698
0.232,0.698
0.234,0.698
0.272,0.698
0.274,0.698
0.276,0.698
0.278,0.698
0.28,0.698
0.282,0.698
0.284,0.698
0.286,0.698
0.288,0.698
0.29,0.698
0.292,0.698
0.294,0.698
0.296,0.698
0.298,0.698
0.48,0.698
0.482,0.698
0.484,0.698
0.486,0.698
0.488,0.698
0.49,0.698
0.492,0.698
0.494,0.698
0.496,0.698
0.498,0.698
0.5,0.698
0.502,0.698
0.108,0.7
0.11,0.7
0.112,0.7
0.114,0.7
0.116,0.7
0.118,0.7
0.12,0.7
0.122,0.7
0.124,0.7
0.126,0.7
0.128,0.7
0.13,0.7
0.132,0.7
0.134,0.7
0.136,0.7
0.138,0.7
0.14,0.7
0.142,0.7
0.144,0.7
0.214,0.7
0.23,0.7
0.232,0.7
0.234,0.7
0.27,0.7
0.272,0.7
0.274,0.7
0.276,0.7
0.278,0.7
0.28,0.7
0.282,0.7
0.284,0.7
0.286,0.7
0.288,0.7
0.29,0.7
0.292,0.7
0.294,0.7
0.296,0.7
0.48,0.7
0.482,0.7
0.484,0.7
0.486,0.7
0.488,0.7
0.49,0.7
0.492,0.7
0.494,0.7
0.496,0.7
0.498,0.7
0.5,0.7
0.502,0.7
0.108,0.702
0.11,0.702
0.112,0.702
0.114,0.702
0.116,0.702
0.118,0.702
0.12,0.702
0.122,0.702
0.124,0.702
0.126,0.702
0.128,0.702
0.13,0.702
0.132,0.702
0.134,0.702
0.136,0.702
0.138,0.702
0.14,0.702
0.142,0.702
0.144,0.702
0.146,0.702
0.148,0.702
0.19,0.702
0.192,0.702
0.194,0.702
0.212,0.702
0.214,0.702
0.23,0.702
0.232,0.702
0.234,0.702
0.268,0.702
0.27,0.702
0.272,0.702
0.274,0.702
0.276,0.702
0.278,0.702
0.28,0.702
0.282,0.702
0.284,0.702
0.286,0.702
0.288,0.702
0.29,0.702
0.292,0.702
0.294,0.702
0.482,0.702
0.484,0.702
0.486,0.702
0.488,0.702
0.49,0.702
0.492,0.702
0.494,0.702
0.496,0.702
0.498,0.702
0.5,0.702
0.502,0.702
0.504,0.702
0.512,0.702
0.11,0.704
0.112,0.704
0.114,0.704
0.116,0.704
0.118,0.704
0.12,0.704
0.122,0.704
0.124,0.704
0.126,0.704
0.128,0.704
0.13,0.704
0.132,0.704
0.134,0.704
0.136,0.704
0.138,0.704
0.14,0.704
0.142,0.704
0.144,0.704
0.146,0.704
0.148,0.704
0.15,0.704
0.152,0.704
0.192,0.704
0.194,0.704
0.212,0.704
0.214,0.704
0.23,0.704
0.232,0.704
0.234,0.704
0.268,0.704
0.27,0.704
0.272,0.704
0.274,0.704
0.276,0.704
0.278,0.704
0.28,0.704
0.282,0.704
0.284,0.704
0.286,0.704
0.288,0.704
0.29,0.704
0.292,0.704
0.482,0.704
0.484,0.704
0.486,0.704
0.488,0.704
0.49,0.704
0.492,0.704
0.494,0.704
0.496,0.704
0.498,0.704
0.5,0.704
0.502,0.704
0.504,0.704
0.506,0.704
0.508,0.704
0.51,0.704
0.512,0.704
0.112,0.706
0.114,0.706
0.116,0.706
0.118,0.706
0.12,0.706
0.122,0.706
0.124,0.706
0.126,0.706
0.128,0.706
0.13,0.706
0.132,0.706
0.134,0.706
0.136,0.706
0.138,0.706
0.14,0.706
0.142,0.706
0.144,0.706
0.146,0.706
0.148,0.706
0.15,0.706
0.152,0.706
0.154,0.706
0.156,0.706
0.158,0.706
0.16,0.706
0.162,0.706
0.174,0.706
0.176,0.706
0.178,0.706
0.192,0.706
0.194,0.706
0.212,0.706
0.214,0.706
0.23,0.706
0.232,0.706
0.234,0.706
0.264,0.706
0.266,0.706
0.268,0.706
0.27,0.706
0.272,0.706
0.274,0.706
0.276,0.706
0.278,0.706
0.28,0.706
0.282,0.706
0.284,0.706
0.286,0.706
0.288,0.706
0.29,0.706
0.292,0.706
0.482,0.706
0.484,0.706
0.486,0.706
0.488,0.706
0.49,0.706
0.492,0.706
0.494,0.706
0.496,0.706
0.498,0.706
0.5,0.706
0.502,0.706
0.504,0.706
0.506,0.706
0.508,0.706
0.51,0.706
0.512,0.706
0.514,0.706
0.116,0.708
0.118,0.708
0.12,0.708
0.122,0.708
0.124,0.708
0.126,0.708
0.128,0.708
0.13,0.708
0.132,0.708
0.134,0.708
0.136,0.708
0.138,0.708
0.14,0.708
0.142,0.708
0.144,0.708
0.146,0.708
0.148,0.708
0.15,0.708
0.152,0.708
0.154,0.708
0.156,0.708
0.158,0.708
0.16,0.708
0.162,0.708
0.164,0.708
0.166,0.708
0.168,0.708
0.17,0.708
0.172,0.708
0.174,0.708
0.176,0.708
0.178,0.708
0.18,0.708
0.182,0.708
0.184,0.708
0.186,0.708
0.188,0.708
0.19,0.708
0.192,0.708
0.194,0.708
0.196,0.708
0.198,0.708
0.2,0.708
0.202,0.708
0.204,0.708
0.206,0.708
0.208,0.708
0.21,0.708
0.212,0.708
0.214,0.708
0.216,0.708
0.218,0.708
0.22,0.708
0.222,0.708
0.224,0.708
0.226,0.708
0.228,0.708
0.23,0.708
0.232,0.708
0.234,0.708
0.236,0.708
0.238,0.708
0.24,0.708
0.242,0.708
0.244,0.708
0.246,0.708
0.248,0.708
0.25,0.708
0.252,0.708
0.254,0.708
0.256,0.708
0.258,0.708
0.26,0.708
0.262,0.708
0.264,0.708
0.266,0.708
0.268,0.708
0.27,0.708
0.272,0.708
0.274,0.708
0.276,0.708
0.278,0.708
0.28,0.708
0.282,0.708
0.284,0.708
0.286,0.708
0.288,0.708
0.29,0.708
0.484,0.708
0.486,0.708
0.488,0.708
0.49,0.708
0.492,0.708
0.494,0.708
0.496,0.708
0.498,0.708
0.5,0.708
0.502,0.708
0.504,0.708
0.506,0.708
0.508,0.708
0.51,0.708
0.512,0.708
0.514,0.708
0.55,0.708
0.552,0.708
0.554,0.708
0.556,0.708
0.558,0.708
0.56,0.708
0.562,0.708
0.564,0.708
0.566,0.708
0.568,0.708
0.57,0.708
0.572,0.708
0.574,0.708
0.576,0.708
0.578,0.708
0.58,0.708
0.582,0.708
0.584,0.708
0.586,0.708
0.588,0.708
0.59,0.708
0.592,0.708
0.594,0.708
0.596,0.708
0.598,0.708
0.6,0.708
0.602,0.708
0.604,0.708
0.606,0.708
0.608,0.708
0.61,0.708
0.612,0.708
0.118,0.71
0.12,0.71
0.122,0.71
0.124,0.71
0.126,0.71
0.128,0.71
0.13,0.71
0.132,0.71
0.134,0.71
0.136,0.71
0.138,0.71
0.14,0.71
0.142,0.71
0.144,0.71
0.146,0.71
0.148,0.71
0.15,0.71
0.152,0.71
0.154,0.71
0.156,0.71
0.158,0.71
0.16,0.71
0.162,0.71
0.164,0.71
0.166,0.71
0.168,0.71
0.17,0.71
0.172,0.71
0.174,0.71
0.176,0.71
0.178,0.71
0.18,0.71
0.182,0.71
0.184,0.71
0.186,0.71
0.188,0.71
0.19,0.71
0.192,0.71
0.194,0.71
0.196,0.71
0.198,0.71
0.2,0.71
0.202,0.71
0.204,0.71
0.206,0.71
0.208,0.71
0.21,0.71
0.212,0.71
0.214,0.71
0.216,0.71
0.218,0.71
0.22,0.71
0.222,0.71
0.224,0.71
0.226,0.71
0.228,0.71
0.23,0.71
0.232,0.71
0.234,0.71
0.236,0.71
0.238,0.71
0.24,0.71
0.242,0.71
0.244,0.71
0.246,0.71
0.248,0.71
0.25,0.71
0.252,0.71
0.254,0.71
0.256,0.71
0.258,0.71
0.26,0.71
0.262,0.71
0.264,0.71
0.266,0.71
0.268,0.71
0.27,0.71
0.272,0.71
0.274,0.71
0.276,0.71
0.278,0.71
0.28,0.71
0.282,0.71
0.284,0.71
0.286,0.71
0.288,0.71
0.29,0.71
0.484,0.71
0.486,0.71
0.488,0.71
0.49,0.71
0.492,0.71
0.494,0.71
0.496,0.71
0.498,0.71
0.5,0.71
0.502,0.71
0.504,0.71
0.506,0.71
0.508,0.71
0.51,0.71
0.512,0.71
0.514,0.71
0.516,0.71
0.544,0.71
0.546,0.71
0.548,0.71
0.55,0.71
0.552,0.71
0.554,0.71
0.556,0.71
0.558,0.71
0.56,0.71
0.562,0.71
0.564,0.71
0.566,0.71
0.568,0.71
0.57,0.71
0.572,0.71
0.574,0.71
0.576,0.71
0.578,0.71
0.58,0.71
0.582,0.71
0.584,0.71
0.586,0.71
0.588,0.71
0.59,0.71
0.592,0.71
0.594,0.71
0.596,0.71
0.598,0.71
0.6,0.71
0.602,0.71
0.604,0.71
0.606,0.71
0.608,0.71
0.61,0.71
0.612,0.71
0.614,0.71
0.616,0.71
0.618,0.71
0.62,0.71
0.622,0.71
0.122,0.712
0.124,0.712
0.126,0.712
0.128,0.712
0.13,0.712
0.132,0.712
0.134,0.712
0.136,0.712
0.138,0.712
0.14,0.712
0.142,0.712
0.144,0.712
0.146,0.712
0.148,0.712
0.15,0.712
0.152,0.712
0.154,0.712
0.156,0.712
0.158,0.712
0.16,0.712
0.162,0.712
0.164,0.712
0.166,0.712
0.168,0.712
0.17,0.712
0.172,0.712
0.174,0.712
0.176,0.712
0.178,0.712
0.18,0.712
0.182,0.712
0.184,0.712
0.186,0.712
0.188,0.712
0.19,0.712
0.192,0.712
0.194,0.712
0.196,0.712
0.198,0.712
0.2,0.712
0.202,0.712
0.204,0.712
0.206,0.712
0.208,0.712
0.21,0.712
0.212,0.712
0.214,0.712
0.216,0.712
0.218,0.712
0.22,0.712
0.222,0.712
0.224,0.712
0.226,0.712
0.228,0.712
0.23,0.712
0.232,0.712
0.234,0.712
0.236,0.712
0.238,0.712
0.24,0.712
0.242,0.712
0.244,0.712
0.246,0.712
0.248,0.712
0.25,0.712
0.252,0.712
0.254,0.712
0.256,0.712
0.258,0.712
0.26,0.712
0.262,0.712
0.264,0.712
0.266,0.712
0.268,0.712
0.27,0.712
0.272,0.712
0.274,0.712
0.276,0.712
0.278,0.712
0.28,0.712
0.282,0.712
0.284,0.712
0.286,0.712
0.288,0.712
0.484,0.712
0.486,0.712
0.488,0.712
0.49,0.712
0.492,0.712
0.494,0.712
0.496,0.712
0.498,0.712
0.5,0.712
0.502,0.712
0.504,0.712
0.506,0.712
0.508,0.712
0.51,0.712
0.512,0.712
0.514,0.712
0.516,0.712
0.542,0.712
0.544,0.712
0.546,0.712
0.548,0.712
0.55,0.712
0.552,0.712
0.554,0.712
0.556,0.712
0.558,0.712
0.56,0.712
0.562,0.712
0.564,0.712
0.566,0.712
0.568,0.712
0.57,0.712
0.572,0.712
0.574,0.712
0.576,0.712
0.578,0.712
0.58,0.712
0.582,0.712
0.584,0.712
0.586,0.712
0.588,0.712
0.59,0.712
0.592,0.712
0.594,0.712
0.596,0.712
0.598,0.712
0.6,0.712
0.602,0.712
0.604,0.712
0.606,0.712
0.608,0.712
0.61,0.712
0.612,0.712
0.614,0.712
0.616,0.712
0.618,0.712
0.62,0.712
0.622,0.712
0.624,0.712
0.626,0.712
0.628,0.712
0.63,0.712
0.126,0.714
0.128,0.714
0.13,0.714
0.132,0.714
0.134,0.714
0.136,0.714
0.138,0.714
0.14,0.714
0.142,0.714
0.144,0.714
0.146,0.714
0.148,0.714
0.15,0.714
0.152,0.714
0.154,0.714
0.156,0.714
0.158,0.714
0.16,0.714
0.162,0.714
0.164,0.714
0.166,0.714
0.168,0.714
0.17,0.714
0.172,0.714
0.174,0.714
0.176,0.714
0.178,0.714
0.18,0.714
0.182,0.714
0.184,0.714
0.186,0.714
0.188,0.714
0.19,0.714
0.192,0.714
0.194,0.714
0.196,0.714
0.198,0.714
0.2,0.714
0.202,0.714
0.204,0.714
0.206,0.714
0.208,0.714
0.21,0.714
0.212,0.714
0.214,0.714
0.216,0.714
0.218,0.714
0.22,0.714
0.222,0.714
0.224,0.714
0.226,0.714
0.228,0.714
0.23,0.714
0.232,0.714
0.234,0.714
0.236,0.714
0.238,0.714
0.24,0.714
0.242,0.714
0.244,0.714
0.246,0.714
0.248,0.714
0.25,0.714
0.252,0.714
0.254,0.714
0.256,0.714
0.258,0.714
0.26,0.714
0.262,0.714
0.264,0.714
0.266,0.714
0.268,0.714
0.27,0.714
0.272,0.714
0.274,0.714
0.276,0.714
0.278,0.714
0.28,0.714
0.282,0.714
0.284,0.714
0.286,0.714
0.288,0.714
0.484,0.714
0.486,0.714
0.488,0.714
0.49,0.714
0.492,0.714
0.494,0.714
0.496,0.714
0.498,0.714
0.5,0.714
0.502,0.714
0.504,0.714
0.506,0.714
0.508,0.714
0.51,0.714
0.512,0.714
0.514,0.714
0.534,0.714
0.536,0.714
0.538,0.714
0.54,0.714
0.542,0.714
0.544,0.714
0.546,0.714
0.548,0.714
0.55,0.714
0.552,0.714
0.554,0.714
0.556,0.714
0.558,0.714
0.56,0.714
0.562,0.714
0.564,0.714
0.566,0.714
0.568,0.714
0.57,0.714
0.572,0.714
0.574,0.714
0.576,0.714
0.578,0.714
0.58,0.714
0.582,0.714
0.584,0.714
0.586,0.714
0.588,0.714
0.59,0.714
0.592,0.714
0.594,0.714
0.596,0.714
0.598,0.714
0.6,0.714
0.602,0.714
0.604,0.714
0.606,0.714
0.608,0.714
0.61,0.714
0.612,0.714
0.614,0.714
0.616,0.714
0.618,0.714
0.62,0.714
0.622,0.714
0.624,0.714
0.626,0.714
0.628,0.714
0.63,0.714
0.632,0.714
0.634,0.714
0.636,0.714
0.128,0.716
0.13,0.716
0.132,0.716
0.134,0.716
0.136,0.716
0.138,0.716
0.14,0.716
0.142,0.716
0.144,0.716
0.146,0.716
0.148,0.716
0.15,0.716
0.152,0.716
0.154,0.716
0.156,0.716
0.158,0.716
0.16,0.716
0.162,0.716
0.164,0.716
0.166,0.716
0.168,0.716
0.17,0.716
0.172,0.716
0.174,0.716
0.176,0.716
0.178,0.716
0.18,0.716
0.182,0.716
0.184,0.716
0.186,0.716
0.188,0.716
0.19,0.716
0.192,0.716
0.194,0.716
0.196,0.716
0.198,0.716
0.2,0.716
0.202,0.716
0.204,0.716
0.206,0.716
0.208,0.716
0.21,0.716
0.212,0.716
0.214,0.716
0.216,0.716
0.218,0.716
0.22,0.716
0.222,0.716
0.224,0.716
0.226,0.716
0.228,0.716
0.23,0.716
0.232,0.716
0.234,0.716
0.236,0.716
0.238,0.716
0.24,0.716
0.242,0.716
0.244,0.716
0.246,0.716
0.248,0.716
0.25,0.716
0.252,0.716
0.254,0.716
0.256,0.716
0.258,0.716
0.26,0.716
0.262,0.716
0.264,0.716
0.266,0.716
0.268,0.716
0.27,0.716
0.272,0.716
0.274,0.716
0.276,0.716
0.278,0.716
0.28,0.716
0.282,0.716
0.284,0.716
0.286,0.716
0.486,0.716
0.488,0.716
0.49,0.716
0.492,0.716
0.494,0.716
0.496,0.716
0.498,0.716
0.5,0.716
0.502,0.716
0.504,0.716
0.506,0.716
0.508,0.716
0.51,0.716
0.528,0.716
0.53,0.716
0.532,0.716
0.534,0.716
0.536,0.716
0.538,0.716
0.54,0.716
0.542,0.716
0.544,0.716
0.546,0.716
0.548,0.716
0.55,0.716
0.552,0.716
0.554,0.716
0.556,0.716
0.558,0.716
0.56,0.716
0.562,0.716
0.564,0.716
0.566,0.716
0.568,0.716
0.57,0.716
0.572,0.716
0.574,0.716
0.576,0.716
0.578,0.716
0.58,0.716
0.582,0.716
0.584,0.716
0.586,0.716
0.588,0.716
0.59,0.716
0.592,0.716
0.594,0.716
0.596,0.716
0.598,0.716
0.6,0.716
0.602,0.716
0.604,0.716
0.606,0.716
0.608,0.716
0.61,0.716
0.612,0.716
0.614,0.716
0.616,0.716
0.618,0.716
0.62,0.716
0.622,0.716
0.624,0.716
0.626,0.716
0.628,0.716
0.63,0.716
0.632,0.716
0.634,0.716
0.636,0.716
0.638,0.716
0.132,0.718
0.134,0.718
0.136,0.718
0.138,0.718
0.14,0.718
0.142,0.718
0.144,0.718
0.146,0.718
0.148,0.718
0.15,0.718
0.152,0.718
0.154,0.718
0.156,0.718
0.158,0.718
0.16,0.718
0.162,0.718
0.164,0.718
0.166,0.718
0.168,0.718
0.17,0.718
0.172,0.718
0.174,0.718
0.176,0.718
0.178,0.718
0.18,0.718
0.182,0.718
0.184,0.718
0.186,0.718
0.188,0.718
0.19,0.718
0.192,0.718
0.194,0.718
0.196,0.718
0.198,0.718
0.2,0.718
0.202,0.718
0.204,0.718
0.206,0.718
0.208,0.718
0.21,0.718
0.212,0.718
0.214,0.718
0.216,0.718
0.218,0.718
0.22,0.718
0.222,0.718
0.224,0.718
0.226,0.718
0.228,0.718
0.23,0.718
0.232,0.718
0.234,0.718
0.236,0.718
0.238,0.718
0.24,0.718
0.242,0.718
0.244,0.718
0.246,0.718
0.248,0.718
0.25,0.718
0.252,0.718
0.254,0.718
0.256,0.718
0.258,0.718
0.26,0.718
0.262,0.718
0.264,0.718
0.266,0.718
0.268,0.718
0.27,0.718
0.272,0.718
0.274,0.718
0.276,0.718
0.278,0.718
0.28,0.718
0.282,0.718
0.284,0.718
0.486,0.718
0.488,0.718
0.49,0.718
0.492,0.718
0.494,0.718
0.496,0.718
0.498,0.718
0.5,0.718
0.502,0.718
0.504,0.718
0.506,0.718
0.508,0.718
0.51,0.718
0.524,0.718
0.526,0.718
0.528,0.718
0.53,0.718
0.532,0.718
0.534,0.718
0.536,0.718
0.538,0.718
0.54,0.718
0.542,0.718
0.544,0.718
0.546,0.718
0.548,0.718
0.55,0.718
0.552,0.718
0.554,0.718
0.556,0.718
0.558,0.718
0.56,0.718
0.562,0.718
0.564,0.718
0.566,0.718
0.568,0.718
0.57,0.718
0.572,0.718
0.574,0.718
0.576,0.718
0.578,0.718
0.58,0.718
0.582,0.718
0.584,0.718
0.586,0.718
0.588,0.718
0.59,0.718
0.592,0.718
0.594,0.718
0.596,0.718
0.598,0.718
0.6,0.718
0.602,0.718
0.604,0.718
0.606,0.718
0.608,0.718
0.61,0.718
0.612,0.718
0.614,0.718
0.616,0.718
0.618,0.718
0.62,0.718
0.622,0.718
0.624,0.718
0.626,0.718
0.628,0.718
0.63,0.718
0.632,0.718
0.634,0.718
0.636,0.718
0.638,0.718
0.64,0.718
0.134,0.72
0.136,0.72
0.138,0.72
0.14,0.72
0.142,0.72
0.144,0.72
0.146,0.72
0.148,0.72
0.15,0.72
0.152,0.72
0.154,0.72
0.156,0.72
0.158,0.72
0.16,0.72
0.162,0.72
0.164,0.72
0.166,0.72
0.168,0.72
0.17,0.72
0.172,0.72
0.174,0.72
0.176,0.72
0.178,0.72
0.18,0.72
0.182,0.72
0.184,0.72
0.186,0.72
0.188,0.72
0.19,0.72
0.192,0.72
0.194,0.72
0.196,0.72
0.198,0.72
0.2,0.72
0.202,0.72
0.204,0.72
0.206,0.72
0.208,0.72
0.21,0.72
0.212,0.72
0.214,0.72
0.216,0.72
0.218,0.72
0.22,0.72
0.222,0.72
0.224,0.72
0.226,0.72
0.228,0.72
0.23,0.72
0.232,0.72
0.234,0.72
0.236,0.72
0.238,0.72
0.24,0.72
0.242,0.72
0.244,0.72
0.246,0.72
0.248,0.72
0.25,0.72
0.252,0.72
0.254,0.72
0.256,0.72
0.258,0.72
0.26,0.72
0.262,0.72
0.264,0.72
0.266,0.72
0.268,0.72
0.27,0.72
0.272,0.72
0.274,0.72
0.276,0.72
0.278,0.72
0.28,0.72
0.282,0.72
0.488,0.72
0.49,0.72
0.492,0.72
0.494,0.72
0.496,0.72
0.498,0.72
0.5,0.72
0.502,0.72
0.504,0.72
0.506,0.72
0.508,0.72
0.51,0.72
0.522,0.72
0.524,0.72
0.526,0.72
0.528,0.72
0.53,0.72
0.532,0.72
0.534,0.72
0.536,0.72
0.538,0.72
0.54,0.72
0.542,0.72
0.544,0.72
0.546,0.72
0.548,0.72
0.55,0.72
0.552,0.72
0.554,0.72
0.556,0.72
0.558,0.72
0.56,0.72
0.562,0.72
0.564,0.72
0.566,0.72
0.568,0.72
0.57,0.72
0.572,0.72
0.574,0.72
0.576,0.72
0.578,0.72
0.58,0.72
0.582,0.72
0.584,0.72
0.586,0.72
0.588,0.72
0.59,0.72
0.592,0.72
0.594,0.72
0.596,0.72
0.598,0.72
0.6,0.72
0.602,0.72
0.604,0.72
0.606,0.72
0.608,0.72
0.61,0.72
0.612,0.72
0.614,0.72
0.616,0.72
0.618,0.72
0.62,0.72
0.622,0.72
0.624,0.72
0.626,0.72
0.628,0.72
0.63,0.72
0.632,0.72
0.634,0.72
0.636,0.72
0.638,0.72
0.64,0.72
0.138,0.722
0.14,0.722
0.142,0.722
0.144,0.722
0.146,0.722
0.148,0.722
0.15,0.722
0.152,0.722
0.154,0.722
0.156,0.722
0.158,0.722
0.16,0.722
0.162,0.722
0.164,0.722
0.166,0.722
0.168,0.722
0.17,0.722
0.172,0.722
0.174,0.722
0.176,0.722
0.178,0.722
0.18,0.722
0.182,0.722
0.184,0.722
0.186,0.722
0.188,0.722
0.19,0.722
0.192,0.722
0.194,0.722
0.196,0.722
0.198,0.722
0.2,0.722
0.202,0.722
0.204,0.722
0.206,0.722
0.208,0.722
0.21,0.722
0.212,0.722
0.214,0.722
0.216,0.722
0.218,0.722
0.22,0.722
0.222,0.722
0.224,0.722
0.226,0.722
0.228,0.722
0.23,0.722
0.232,0.722
0.234,0.722
0.236,0.722
0.238,0.722
0.24,0.722
0.242,0.722
0.244,0.722
0.246,0.722
0.248,0.722
0.25,0.722
0.252,0.722
0.254,0.722
0.256,0.722
0.258,0.722
0.26,0.722
0.262,0.722
0.264,0.722
0.266,0.722
0.268,0.722
0.27,0.722
0.272,0.722
0.274,0.722
0.276,0.722
0.278,0.722
0.28,0.722
0.488,0.722
0.49,0.722
0.492,0.722
0.494,0.722
0.496,0.722
0.498,0.722
0.5,0.722
0.502,0.722
0.504,0.722
0.506,0.722
0.508,0.722
0.51,0.722
0.52,0.722
0.522,0.722
0.524,0.722
0.526,0.722
0.528,0.722
0.53,0.722
0.532,0.722
0.534,0.722
0.536,0.722
0.538,0.722
0.54,0.722
0.542,0.722
0.544,0.722
0.546,0.722
0.548,0.722
0.55,0.722
0.552,0.722
0.554,0.722
0.556,0.722
0.558,0.722
0.56,0.722
0.562,0.722
0.564,0.722
0.566,0.722
0.568,0.722
0.57,0.722
0.572,0.722
0.574,0.722
0.576,0.722
0.578,0.722
0.58,0.722
0.582,0.722
0.584,0.722
0.586,0.722
0.588,0.722
0.59,0.722
0.592,0.722
0.594,0.722
0.596,0.722
0.598,0.722
0.6,0.722
0.602,0.722
0.604,0.722
0.606,0.722
0.608,0.722
0.61,0.722
0.612,0.722
0.614,0.722
0.616,0.722
0.618,0.722
0.62,0.722
0.622,0.722
0.624,0.722
0.626,0.722
0.628,0.722
0.63,0.722
0.632,0.722
0.634,0.722
0.636,0.722
0.638,0.722
0.64,0.722
0.144,0.724
0.146,0.724
0.148,0.724
0.15,0.724
0.152,0.724
0.154,0.724
0.156,0.724
0.158,0.724
0.16,0.724
0.162,0.724
0.164,0.724
0.166,0.724
0.168,0.724
0.17,0.724
0.172,0.724
0.174,0.724
0.176,0.724
0.178,0.724
0.18,0.724
0.182,0.724
0.184,0.724
0.186,0.724
0.188,0.724
0.19,0.724
0.192,0.724
0.194,0.724
0.196,0.724
0.198,0.724
0.2,0.724
0.202,0.724
0.204,0.724
0.206,0.724
0.208,0.724
0.21,0.724
0.212,0.724
0.214,0.724
0.216,0.724
0.218,0.724
0.22,0.724
0.222,0.724
0.224,0.724
0.226,0.724
0.228,0.724
0.23,0.724
0.232,0.724
0.234,0.724
0.236,0.724
0.238,0.724
0.24,0.724
0.242,0.724
0.244,0.724
0.246,0.724
0.248,0.724
0.25,0.724
0.252,0.724
0.254,0.724
0.256,0.724
0.258,0.724
0.26,0.724
0.262,0.724
0.264,0.724
0.266,0.724
0.268,0.724
0.27,0.724
0.272,0.724
0.274,0.724
0.276,0.724
0.278,0.724
0.49,0.724
0.492,0.724
0.494,0.724
0.496,0.724
0.498,0.724
0.5,0.724
0.502,0.724
0.504,0.724
0.506,0.724
0.508,0.724
0.51,0.724
0.518,0.724
0.52,0.724
0.522,0.724
0.524,0.724
0.526,0.724
0.528,0.724
0.53,0.724
0.532,0.724
0.534,0.724
0.536,0.724
0.538,0.724
0.54,0.724
0.542,0.724
0.544,0.724
0.546,0.724
0.548,0.724
0.55,0.724
0.552,0.724
0.554,0.724
0.556,0.724
0.558,0.724
0.56,0.724
0.562,0.724
0.564,0.724
0.566,0.724
0.568,0.724
0.57,0.724
0.572,0.724
0.574,0.724
0.576,0.724
0.578,0.724
0.58,0.724
0.582,0.724
0.584,0.724
0.586,0.724
0.588,0.724
0.59,0.724
0.592,0.724
0.594,0.724
0.596,0.724
0.598,0.724
0.6,0.724
0.602,0.724
0.604,0.724
0.606,0.724
0.608,0.724
0.61,0.724
0.612,0.724
0.614,0.724
0.616,0.724
0.618,0.724
0.62,0.724
0.622,0.724
0.624,0.724
0.626,0.724
0.628,0.724
0.63,0.724
0.632,0.724
0.634,0.724
0.636,0.724
0.638,0.724
0.64,0.724
0.154,0.726
0.156,0.726
0.158,0.726
0.16,0.726
0.162,0.726
0.164,0.726
0.166,0.726
0.168,0.726
0.17,0.726
0.172,0.726
0.174,0.726
0.176,0.726
0.178,0.726
0.18,0.726
0.182,0.726
0.184,0.726
0.186,0.726
0.188,0.726
0.19,0.726
0.192,0.726
0.194,0.726
0.196,0.726
0.198,0.726
0.2,0.726
0.202,0.726
0.204,0.726
0.206,0.726
0.208,0.726
0.21,0.726
0.212,0.726
0.214,0.726
0.216,0.726
0.218,0.726
0.22,0.726
0.222,0.726
0.224,0.726
0.226,0.726
0.228,0.726
0.23,0.726
0.232,0.726
0.234,0.726
0.236,0.726
0.238,0.726
0.24,0.726
0.242,0.726
0.244,0.726
0.246,0.726
0.248,0.726
0.25,0.726
0.252,0.726
0.254,0.726
0.256,0.726
0.258,0.726
0.26,0.726
0.262,0.726
0.264,0.726
0.266,0.726
0.268,0.726
0.27,0.726
0.272,0.726
0.274,0.726
0.49,0.726
0.492,0.726
0.494,0.726
0.496,0.726
0.498,0.726
0.5,0.726
0.502,0.726
0.504,0.726
0.506,0.726
0.508,0.726
0.51,0.726
0.516,0.726
0.518,0.726
0.52,0.726
0.522,0.726
0.524,0.726
0.526,0.726
0.528,0.726
0.53,0.726
0.532,0.726
0.534,0.726
0.536,0.726
0.538,0.726
0.54,0.726
0.542,0.726
0.544,0.726
0.546,0.726
0.548,0.726
0.55,0.726
0.552,0.726
0.554,0.726
0.556,0.726
0.558,0.726
0.56,0.726
0.562,0.726
0.564,0.726
0.566,0.726
0.568,0.726
0.57,0.726
0.572,0.726
0.574,0.726
0.576,0.726
0.578,0.726
0.58,0.726
0.582,0.726
0.584,0.726
0.586,0.726
0.588,0.726
0.59,0.726
0.592,0.726
0.594,0.726
0.596,0.726
0.598,0.726
0.6,0.726
0.602,0.726
0.604,0.726
0.606,0.726
0.608,0.726
0.61,0.726
0.612,0.726
0.614,0.726
0.616,0.726
0.618,0.726
0.62,0.726
0.622,0.726
0.624,0.726
0.626,0.726
0.628,0.726
0.63,0.726
0.632,0.726
0.634,0.726
0.636,0.726
0.638,0.726
0.64,0.726
0.174,0.728
0.176,0.728
0.178,0.728
0.18,0.728
0.182,0.728
0.184,0.728
0.186,0.728
0.188,0.728
0.19,0.728
0.192,0.728
0.194,0.728
0.196,0.728
0.198,0.728
0.2,0.728
0.202,0.728
0.204,0.728
0.206,0.728
0.208,0.728
0.21,0.728
0.212,0.728
0.214,0.728
0.216,0.728
0.218,0.728
0.22,0.728
0.222,0.728
0.224,0.728
0.226,0.728
0.228,0.728
0.23,0.728
0.232,0.728
0.234,0.728
0.236,0.728
0.238,0.728
0.24,0.728
0.242,0.728
0.244,0.728
0.246,0.728
0.248,0.728
0.25,0.728
0.252,0.728
0.254,0.728
0.256,0.728
0.49,0.728
0.492,0.728
0.494,0.728
0.496,0.728
0.498,0.728
0.5,0.728
0.502,0.728
0.504,0.728
0.506,0.728
0.508,0.728
0.514,0.728
0.516,0.728
0.518,0.728
0.52,0.728
0.522,0.728
0.524,0.728
0.526,0.728
0.528,0.728
0.53,0.728
0.532,0.728
0.534,0.728
0.536,0.728
0.538,0.728
0.54,0.728
0.542,0.728
0.544,0.728
0.546,0.728
0.548,0.728
0.55,0.728
0.552,0.728
0.554,0.728
0.556,0.728
0.558,0.728
0.56,0.728
0.578,0.728
0.58,0.728
0.582,0.728
0.584,0.728
0.586,0.728
0.588,0.728
0.59,0.728
0.592,0.728
0.594,0.728
0.596,0.728
0.604,0.728
0.606,0.728
0.608,0.728
0.61,0.728
0.612,0.728
0.614,0.728
0.616,0.728
0.618,0.728
0.62,0.728
0.622,0.728
0.624,0.728
0.626,0.728
0.628,0.728
0.63,0.728
0.632,0.728
0.634,0.728
0.636,0.728
0.638,0.728
0.64,0.728
0.49,0.73
0.492,0.73
0.494,0.73
0.496,0.73
0.498,0.73
0.5,0.73
0.502,0.73
0.504,0.73
0.506,0.73
0.508,0.73
0.512,0.73
0.514,0.73
0.516,0.73
0.518,0.73
0.52,0.73
0.522,0.73
0.524,0.73
0.526,0.73
0.528,0.73
0.53,0.73
0.532,0.73
0.534,0.73
0.536,0.73
0.538,0.73
0.54,0.73
0.542,0.73
0.544,0.73
0.546,0.73
0.548,0.73
0.55,0.73
0.552,0.73
0.554,0.73
0.556,0.73
0.614,0.73
0.616,0.73
0.618,0.73
0.62,0.73
0.622,0.73
0.624,0.73
0.626,0.73
0.628,0.73
0.63,0.73
0.632,0.73
0.634,0.73
0.636,0.73
0.638,0.73
0.49,0.732
0.492,0.732
0.494,0.732
0.496,0.732
0.498,0.732
0.5,0.732
0.502,0.732
0.504,0.732
0.506,0.732
0.508,0.732
0.51,0.732
0.512,0.732
0.514,0.732
0.516,0.732
0.518,0.732
0.52,0.732
0.522,0.732
0.524,0.732
0.526,0.732
0.528,0.732
0.53,0.732
0.532,0.732
0.534,0.732
0.536,0.732
0.538,0.732
0.54,0.732
0.542,0.732
0.544,0.732
0.546,0.732
0.548,0.732
0.55,0.732
0.618,0.732
0.62,0.732
0.622,0.732
0.624,0.732
0.626,0.732
0.628,0.732
0.63,0.732
0.632,0.732
0.634,0.732
0.636,0.732
0.49,0.734
0.492,0.734
0.494,0.734
0.496,0.734
0.498,0.734
0.5,0.734
0.502,0.734
0.504,0.734
0.506,0.734
0.508,0.734
0.51,0.734
0.512,0.734
0.514,0.734
0.516,0.734
0.518,0.734
0.52,0.734
0.522,0.734
0.524,0.734
0.526,0.734
0.528,0.734
0.53,0.734
0.532,0.734
0.534,0.734
0.536,0.734
0.538,0.734
0.54,0.734
0.542,0.734
0.544,0.734
0.546,0.734
0.624,0.734
0.626,0.734
0.628,0.734
0.49,0.736
0.492,0.736
0.494,0.736
0.496,0.736
0.498,0.736
0.5,0.736
0.502,0.736
0.504,0.736
0.506,0.736
0.508,0.736
0.51,0.736
0.512,0.736
0.514,0.736
0.516,0.736
0.518,0.736
0.52,0.736
0.522,0.736
0.524,0.736
0.526,0.736
0.528,0.736
0.53,0.736
0.532,0.736
0.534,0.736
0.536,0.736
0.488,0.738
0.49,0.738
0.492,0.738
0.494,0.738
0.496,0.738
0.498,0.738
0.5,0.738
0.502,0.738
0.504,0.738
0.506,0.738
0.508,0.738
0.51,0.738
0.512,0.738
0.514,0.738
0.516,0.738
0.518,0.738
0.52,0.738
0.522,0.738
0.524,0.738
0.526,0.738
0.528,0.738
0.53,0.738
0.532,0.738
0.534,0.738
0.482,0.74
0.484,0.74
0.486,0.74
0.488,0.74
0.49,0.74
0.492,0.74
0.494,0.74
0.496,0.74
0.498,0.74
0.5,0.74
0.502,0.74
0.504,0.74
0.506,0.74
0.508,0.74
0.51,0.74
0.512,0.74
0.514,0.74
0.516,0.74
0.518,0.74
0.52,0.74
0.522,0.74
0.524,0.74
0.526,0.74
0.528,0.74
0.53,0.74
0.478,0.742
0.48,0.742
0.482,0.742
0.484,0.742
0.486,0.742
0.488,0.742
0.49,0.742
0.492,0.742
0.494,0.742
0.496,0.742
0.498,0.742
0.5,0.742
0.502,0.742
0.504,0.742
0.506,0.742
0.508,0.742
0.51,0.742
0.512,0.742
0.514,0.742
0.516,0.742
0.518,0.742
0.52,0.742
0.522,0.742
0.524,0.742
0.526,0.742
0.528,0.742
0.46,0.744
0.462,0.744
0.464,0.744
0.466,0.744
0.468,0.744
0.47,0.744
0.472,0.744
0.474,0.744
0.476,0.744
0.478,0.744
0.48,0.744
0.482,0.744
0.484,0.744
0.486,0.744
0.488,0.744
0.49,0.744
0.492,0.744
0.494,0.744
0.496,0.744
0.498,0.744
0.5,0.744
0.502,0.744
0.504,0.744
0.506,0.744
0.508,0.744
0.51,0.744
0.512,0.744
0.514,0.744
0.516,0.744
0.518,0.744
0.52,0.744
0.522,0.744
0.524,0.744
0.526,0.744
0.444,0.746
0.446,0.746
0.448,0.746
0.45,0.746
0.452,0.746
0.454,0.746
0.456,0.746
0.458,0.746
0.46,0.746
0.462,0.746
0.464,0.746
0.466,0.746
0.468,0.746
0.47,0.746
0.472,0.746
0.474,0.746
0.476,0.746
0.478,0.746
0.48,0.746
0.482,0.746
0.484,0.746
0.486,0.746
0.488,0.746
0.49,0.746
0.492,0.746
0.494,0.746
0.496,0.746
0.498,0.746
0.5,0.746
0.502,0.746
0.504,0.746
0.506,0.746
0.508,0.746
0.51,0.746
0.512,0.746
0.514,0.746
0.516,0.746
0.518,0.746
0.52,0.746
0.522,0.746
0.524,0.746
0.428,0.748
0.43,0.748
0.432,0.748
0.434,0.748
0.436,0.748
0.438,0.748
0.44,0.748
0.442,0.748
0.444,0.748
0.446,0.748
0.448,0.748
0.45,0.748
0.452,0.748
0.454,0.748
0.456,0.748
0.458,0.748
0.46,0.748
0.462,0.748
0.464,0.748
0.466,0.748
0.468,0.748
0.47,0.748
0.472,0.748
0.474,0.748
0.476,0.748
0.478,0.748
0.48,0.748
0.482,0.748
0.484,0.748
0.486,0.748
0.488,0.748
0.49,0.748
0.492,0.748
0.494,0.748
0.496,0.748
0.498,0.748
0.5,0.748
0.502,0.748
0.504,0.748
0.506,0.748
0.508,0.748
0.51,0.748
0.512,0.748
0.514,0.748
0.516,0.748
0.518,0.748
0.52,0.748
0.522,0.748
0.42,0.75
0.422,0.75
0.424,0.75
0.426,0.75
0.428,0.75
0.43,0.75
0.432,0.75
0.434,0.75
0.436,0.75
0.438,0.75
0.44,0.75
0.442,0.75
0.444,0.75
0.446,0.75
0.448,0.75
0.45,0.75
0.452,0.75
0.454,0.75
0.456,0.75
0.458,0.75
0.46,0.75
0.462,0.75
0.464,0.75
0.466,0.75
0.468,0.75
0.47,0.75
0.472,0.75
0.474,0.75
0.476,0.75
0.478,0.75
0.48,0.75
0.482,0.75
0.484,0.75
0.486,0.75
0.488,0.75
0.49,0.75
0.492,0.75
0.494,0.75
0.496,0.75
0.498,0.75
0.5,0.75
0.502,0.75
0.504,0.75
0.506,0.75
0.508,0.75
0.51,0.75
0.512,0.75
0.514,0.75
0.516,0.75
0.518,0.75
0.52,0.75
0.41,0.752
0.412,0.752
0.414,0.752
0.416,0.752
0.418,0.752
0.42,0.752
0.422,0.752
0.424,0.752
0.426,0.752
0.428,0.752
0.43,0.752
0.432,0.752
0.434,0.752
0.436,0.752
0.438,0.752
0.44,0.752
0.442,0.752
0.444,0.752
0.446,0.752
0.448,0.752
0.45,0.752
0.452,0.752
0.454,0.752
0.456,0.752
0.458,0.752
0.46,0.752
0.462,0.752
0.464,0.752
0.466,0.752
0.468,0.752
0.47,0.752
0.472,0.752
0.474,0.752
0.476,0.752
0.478,0.752
0.48,0.752
0.482,0.752
0.484,0.752
0.486,0.752
0.488,0.752
0.49,0.752
0.492,0.752
0.494,0.752
0.496,0.752
0.498,0.752
0.5,0.752
0.502,0.752
0.504,0.752
0.506,0.752
0.508,0.752
0.51,0.752
0.512,0.752
0.514,0.752
0.516,0.752
0.518,0.752
0.388,0.754
0.39,0.754
0.392,0.754
0.394,0.754
0.396,0.754
0.398,0.754
0.4,0.754
0.402,0.754
0.404,0.754
0.406,0.754
0.408,0.754
0.41,0.754
0.412,0.754
0.414,0.754
0.416,0.754
0.418,0.754
0.42,0.754
0.422,0.754
0.424,0.754
0.426,0.754
0.428,0.754
0.43,0.754
0.432,0.754
0.434,0.754
0.436,0.754
0.438,0.754
0.44,0.754
0.442,0.754
0.444,0.754
0.446,0.754
0.448,0.754
0.45,0.754
0.452,0.754
0.454,0.754
0.456,0.754
0.458,0.754
0.46,0.754
0.462,0.754
0.464,0.754
0.466,0.754
0.468,0.754
0.47,0.754
0.472,0.754
0.474,0.754
0.476,0.754
0.478,0.754
0.48,0.754
0.482,0.754
0.484,0.754
0.486,0.754
0.488,0.754
0.49,0.754
0.492,0.754
0.494,0.754
0.496,0.754
0.498,0.754
0.5,0.754
0.502,0.754
0.504,0.754
0.506,0.754
0.508,0.754
0.51,0.754
0.512,0.754
0.374,0.756
0.376,0.756
0.378,0.756
0.38,0.756
0.382,0.756
0.384,0.756
0.386,0.756
0.388,0.756
0.39,0.756
0.392,0.756
0.394,0.756
0.396,0.756
0.398,0.756
0.4,0.756
0.402,0.756
0.404,0.756
0.406,0.756
0.408,0.756
0.41,0.756
0.412,0.756
0.414,0.756
0.416,0.756
0.418,0.756
0.42,0.756
0.422,0.756
0.424,0.756
0.426,0.756
0.428,0.756
0.43,0.756
0.432,0.756
0.434,0.756
0.436,0.756
0.438,0.756
0.44,0.756
0.442,0.756
0.444,0.756
0.446,0.756
0.448,0.756
0.45,0.756
0.452,0.756
0.454,0.756
0.456,0.756
0.458,0.756
0.46,0.756
0.462,0.756
0.464,0.756
0.466,0.756
0.468,0.756
0.47,0.756
0.472,0.756
0.474,0.756
0.476,0.756
0.478,0.756
0.48,0.756
0.482,0.756
0.484,0.756
0.486,0.756
0.488,0.756
0.49,0.756
0.492,0.756
0.494,0.756
0.496,0.756
0.498,0.756
0.5,0.756
0.502,0.756
0.504,0.756
0.506,0.756
0.364,0.758
0.366,0.758
0.368,0.758
0.37,0.758
0.372,0.758
0.374,0.758
0.376,0.758
0.378,0.758
0.38,0.758
0.382,0.758
0.384,0.758
0.386,0.758
0.388,0.758
0.39,0.758
0.392,0.758
0.394,0.758
0.396,0.758
0.398,0.758
0.4,0.758
0.402,0.758
0.404,0.758
0.406,0.758
0.408,0.758
0.41,0.758
0.412,0.758
0.414,0.758
0.416,0.758
0.418,0.758
0.42,0.758
0.422,0.758
0.424,0.758
0.426,0.758
0.428,0.758
0.43,0.758
0.432,0.758
0.434,0.758
0.436,0.758
0.438,0.758
0.44,0.758
0.442,0.758
0.444,0.758
0.446,0.758
0.448,0.758
0.45,0.758
0.452,0.758
0.454,0.758
0.456,0.758
0.458,0.758
0.46,0.758
0.462,0.758
0.464,0.758
0.466,0.758
0.468,0.758
0.47,0.758
0.472,0.758
0.474,0.758
0.476,0.758
0.478,0.758
0.48,0.758
0.482,0.758
0.484,0.758
0.486,0.758
0.488,0.758
0.49,0.758
0.492,0.758
0.494,0.758
0.496,0.758
0.498,0.758
0.5,0.758
0.502,0.758
0.36,0.76
0.362,0.76
0.364,0.76
0.366,0.76
0.368,0.76
0.37,0.76
0.372,0.76
0.374,0.76
0.376,0.76
0.378,0.76
0.38,0.76
0.382,0.76
0.384,0.76
0.386,0.76
0.388,0.76
0.39,0.76
0.392,0.76
0.394,0.76
0.396,0.76
0.398,0.76
0.4,0.76
0.402,0.76
0.404,0.76
0.406,0.76
0.408,0.76
0.41,0.76
0.412,0.76
0.414,0.76
0.416,0.76
0.418,0.76
0.42,0.76
0.422,0.76
0.424,0.76
0.426,0.76
0.428,0.76
0.43,0.76
0.432,0.76
0.434,0.76
0.436,0.76
0.438,0.76
0.44,0.76
0.442,0.76
0.444,0.76
0.446,0.76
0.448,0.76
0.45,0.76
0.452,0.76
0.454,0.76
0.456,0.76
0.458,0.76
0.46,0.76
0.462,0.76
0.464,0.76
0.466,0.76
0.468,0.76
0.47,0.76
0.472,0.76
0.474,0.76
0.476,0.76
0.478,0.76
0.48,0.76
0.482,0.76
0.484,0.76
0.486,0.76
0.488,0.76
0.49,0.76
0.492,0.76
0.342,0.762
0.344,0.762
0.346,0.762
0.348,0.762
0.35,0.762
0.352,0.762
0.354,0.762
0.356,0.762
0.358,0.762
0.36,0.762
0.362,0.762
0.364,0.762
0.366,0.762
0.368,0.762
0.37,0.762
0.372,0.762
0.374,0.762
0.376,0.762
0.378,0.762
0.38,0.762
0.382,0.762
0.384,0.762
0.386,0.762
0.388,0.762
0.39,0.762
0.392,0.762
0.394,0.762
0.396,0.762
0.398,0.762
0.4,0.762
0.402,0.762
0.404,0.762
0.406,0.762
0.408,0.762
0.41,0.762
0.412,0.762
0.414,0.762
0.416,0.762
0.418,0.762
0.42,0.762
0.422,0.762
0.424,0.762
0.426,0.762
0.428,0.762
0.43,0.762
0.432,0.762
0.434,0.762
0.436,0.762
0.438,0.762
0.44,0.762
0.442,0.762
0.444,0.762
0.446,0.762
0.448,0.762
0.45,0.762
0.452,0.762
0.454,0.762
0.456,0.762
0.458,0.762
0.46,0.762
0.462,0.762
0.464,0.762
0.466,0.762
0.468,0.762
0.47,0.762
0.472,0.762
0.474,0.762
0.476,0.762
0.478,0.762
0.48,0.762
0.482,0.762
0.484,0.762
0.486,0.762
0.488,0.762
0.336,0.764
0.338,0.764
0.34,0.764
0.342,0.764
0.344,0.764
0.346,0.764
0.348,0.764
0.35,0.764
0.352,0.764
0.354,0.764
0.356,0.764
0.358,0.764
0.36,0.764
0.362,0.764
0.364,0.764
0.366,0.764
0.368,0.764
0.37,0.764
0.372,0.764
0.374,0.764
0.376,0.764
0.378,0.764
0.38,0.764
0.382,0.764
0.384,0.764
0.386,0.764
0.388,0.764
0.39,0.764
0.392,0.764
0.394,0.764
0.396,0.764
0.398,0.764
0.4,0.764
0.402,0.764
0.404,0.764
0.406,0.764
0.408,0.764
0.41,0.764
0.412,0.764
0.414,0.764
0.416,0.764
0.418,0.764
0.42,0.764
0.422,0.764
0.424,0.764
0.426,0.764
0.428,0.764
0.43,0.764
0.432,0.764
0.434,0.764
0.436,0.764
0.438,0.764
0.44,0.764
0.442,0.764
0.444,0.764
0.446,0.764
0.448,0.764
0.45,0.764
0.452,0.764
0.454,0.764
0.456,0.764
0.458,0.764
0.46,0.764
0.462,0.764
0.464,0.764
0.466,0.764
0.468,0.764
0.47,0.764
0.472,0.764
0.474,0.764
0.476,0.764
0.478,0.764
0.48,0.764
0.482,0.764
0.332,0.766
0.334,0.766
0.336,0.766
0.338,0.766
0.34,0.766
0.342,0.766
0.344,0.766
0.346,0.766
0.348,0.766
0.35,0.766
0.352,0.766
0.354,0.766
0.356,0.766
0.358,0.766
0.36,0.766
0.362,0.766
0.364,0.766
0.366,0.766
0.368,0.766
0.37,0.766
0.372,0.766
0.374,0.766
0.376,0.766
0.378,0.766
0.38,0.766
0.382,0.766
0.384,0.766
0.386,0.766
0.388,0.766
0.39,0.766
0.392,0.766
0.394,0.766
0.396,0.766
0.398,0.766
0.4,0.766
0.402,0.766
0.404,0.766
0.406,0.766
0.408,0.766
0.41,0.766
0.412,0.766
0.414,0.766
0.416,0.766
0.418,0.766
0.42,0.766
0.422,0.766
0.424,0.766
0.426,0.766
0.428,0.766
0.43,0.766
0.432,0.766
0.434,0.766
0.436,0.766
0.438,0.766
0.44,0.766
0.442,0.766
0.444,0.766
0.446,0.766
0.448,0.766
0.45,0.766
0.452,0.766
0.318,0.768
0.32,0.768
0.322,0.768
0.324,0.768
0.326,0.768
0.328,0.768
0.33,0.768
0.332,0.768
0.334,0.768
0.336,0.768
0.338,0.768
0.34,0.768
0.342,0.768
0.344,0.768
0.346,0.768
0.348,0.768
0.35,0.768
0.352,0.768
0.354,0.768
0.356,0.768
0.358,0.768
0.36,0.768
0.362,0.768
0.364,0.768
0.366,0.768
0.368,0.768
0.37,0.768
0.372,0.768
0.374,0.768
0.376,0.768
0.378,0.768
0.38,0.768
0.382,0.768
0.384,0.768
0.386,0.768
0.388,0.768
0.39,0.768
0.392,0.768
0.394,0.768
0.396,0.768
0.398,0.768
0.4,0.768
0.402,0.768
0.404,0.768
0.406,0.768
0.408,0.768
0.41,0.768
0.412,0.768
0.414,0.768
0.416,0.768
0.418,0.768
0.42,0.768
0.422,0.768
0.424,0.768
0.426,0.768
0.428,0.768
0.43,0.768
0.432,0.768
0.434,0.768
0.436,0.768
0.438,0.768
0.44,0.768
0.442,0.768
0.444,0.768
0.446,0.768
0.448,0.768
0.312,0.77
0.314,0.77
0.316,0.77
0.318,0.77
0.32,0.77
0.322,0.77
0.324,0.77
0.326,0.77
0.328,0.77
0.33,0.77
0.332,0.77
0.334,0.77
0.336,0.77
0.338,0.77
0.34,0.77
0.342,0.77
0.344,0.77
0.346,0.77
0.348,0.77
0.35,0.77
0.352,0.77
0.354,0.77
0.356,0.77
0.358,0.77
0.36,0.77
0.362,0.77
0.364,0.77
0.366,0.77
0.368,0.77
0.37,0.77
0.372,0.77
0.374,0.77
0.376,0.77
0.378,0.77
0.38,0.77
0.382,0.77
0.384,0.77
0.386,0.77
0.388,0.77
0.39,0.77
0.392,0.77
0.394,0.77
0.396,0.77
0.398,0.77
0.4,0.77
0.402,0.77
0.404,0.77
0.406,0.77
0.408,0.77
0.41,0.77
0.412,0.77
0.414,0.77
0.416,0.77
0.418,0.77
0.42,0.77
0.422,0.77
0.424,0.77
0.426,0.77
0.428,0.77
0.306,0.772
0.308,0.772
0.31,0.772
0.312,0.772
0.314,0.772
0.316,0.772
0.318,0.772
0.32,0.772
0.322,0.772
0.324,0.772
0.326,0.772
0.328,0.772
0.33,0.772
0.332,0.772
0.334,0.772
0.336,0.772
0.338,0.772
0.34,0.772
0.342,0.772
0.344,0.772
0.346,0.772
0.348,0.772
0.35,0.772
0.352,0.772
0.354,0.772
0.356,0.772
0.358,0.772
0.36,0.772
0.362,0.772
0.364,0.772
0.366,0.772
0.368,0.772
0.37,0.772
0.372,0.772
0.374,0.772
0.376,0.772
0.378,0.772
0.38,0.772
0.382,0.772
0.384,0.772
0.386,0.772
0.388,0.772
0.39,0.772
0.392,0.772
0.394,0.772
0.396,0.772
0.398,0.772
0.4,0.772
0.402,0.772
0.404,0.772
0.406,0.772
0.408,0.772
0.41,0.772
0.412,0.772
0.414,0.772
0.416,0.772
0.418,0.772
0.42,0.772
0.298,0.774
0.3,0.774
0.302,0.774
0.304,0.774
0.306,0.774
0.308,0.774
0.31,0.774
0.312,0.774
0.314,0.774
0.316,0.774
0.318,0.774
0.32,0.774
0.322,0.774
0.324,0.774
0.326,0.774
0.328,0.774
0.33,0.774
0.332,0.774
0.334,0.774
0.336,0.774
0.338,0.774
0.34,0.774
0.342,0.774
0.344,0.774
0.346,0.774
0.348,0.774
0.35,0.774
0.352,0.774
0.354,0.774
0.356,0.774
0.358,0.774
0.36,0.774
0.362,0.774
0.364,0.774
0.366,0.774
0.368,0.774
0.37,0.774
0.372,0.774
0.374,0.774
0.376,0.774
0.378,0.774
0.38,0.774
0.382,0.774
0.384,0.774
0.386,0.774
0.388,0.774
0.39,0.774
0.392,0.774
0.394,0.774
0.396,0.774
0.292,0.776
0.294,0.776
0.296,0.776
0.298,0.776
0.3,0.776
0.302,0.776
0.304,0.776
0.306,0.776
0.308,0.776
0.31,0.776
0.312,0.776
0.314,0.776
0.316,0.776
0.318,0.776
0.32,0.776
0.322,0.776
0.324,0.776
0.326,0.776
0.328,0.776
0.33,0.776
0.332,0.776
0.334,0.776
0.336,0.776
0.338,0.776
0.34,0.776
0.342,0.776
0.344,0.776
0.346,0.776
0.348,0.776
0.35,0.776
0.352,0.776
0.354,0.776
0.356,0.776
0.358,0.776
0.36,0.776
0.362,0.776
0.364,0.776
0.366,0.776
0.368,0.776
0.37,0.776
0.372,0.776
0.374,0.776
0.376,0.776
0.378,0.776
0.38,0.776
0.382,0.776
0.384,0.776
0.386,0.776
0.388,0.776
0.39,0.776
0.288,0.778
0.29,0.778
0.292,0.778
0.294,0.778
0.296,0.778
0.298,0.778
0.3,0.778
0.302,0.778
0.304,0.778
0.306,0.778
0.308,0.778
0.31,0.778
0.312,0.778
0.314,0.778
0.316,0.778
0.318,0.778
0.32,0.778
0.322,0.778
0.324,0.778
0.326,0.778
0.328,0.778
0.33,0.778
0.332,0.778
0.334,0.778
0.336,0.778
0.338,0.778
0.34,0.778
0.342,0.778
0.344,0.778
0.346,0.778
0.348,0.778
0.35,0.778
0.352,0.778
0.354,0.778
0.356,0.778
0.358,0.778
0.36,0.778
0.362,0.778
0.364,0.778
0.366,0.778
0.368,0.778
0.37,0.778
0.372,0.778
0.374,0.778
0.376,0.778
0.378,0.778
0.38,0.778
0.284,0.78
0.286,0.78
0.288,0.78
0.29,0.78
0.292,0.78
0.294,0.78
0.296,0.78
0.298,0.78
0.3,0.78
0.302,0.78
0.304,0.78
0.306,0.78
0.308,0.78
0.31,0.78
0.312,0.78
0.314,0.78
0.316,0.78
0.318,0.78
0.32,0.78
0.322,0.78
0.324,0.78
0.326,0.78
0.328,0.78
0.33,0.78
0.332,0.78
0.334,0.78
0.336,0.78
0.338,0.78
0.34,0.78
0.342,0.78
0.344,0.78
0.346,0.78
0.348,0.78
0.35,0.78
0.352,0.78
0.354,0.78
0.356,0.78
0.358,0.78
0.36,0.78
0.362,0.78
0.364,0.78
0.366,0.78
0.368,0.78
0.282,0.782
0.284,0.782
0.286,0.782
0.288,0.782
0.29,0.782
0.292,0.782
0.294,0.782
0.296,0.782
0.298,0.782
0.3,0.782
0.302,0.782
0.304,0.782
0.306,0.782
0.308,0.782
0.31,0.782
0.312,0.782
0.314,0.782
0.316,0.782
0.318,0.782
0.32,0.782
0.322,0.782
0.324,0.782
0.326,0.782
0.328,0.782
0.33,0.782
0.332,0.782
0.334,0.782
0.336,0.782
0.338,0.782
0.34,0.782
0.342,0.782
0.344,0.782
0.346,0.782
0.348,0.782
0.35,0.782
0.352,0.782
0.354,0.782
0.356,0.782
0.358,0.782
0.36,0.782
0.362,0.782
0.364,0.782
0.366,0.782
0.368,0.782
0.37,0.782
0.372,0.782
0.374,0.782
0.376,0.782
0.378,0.782
0.38,0.782
0.382,0.782
0.384,0.782
0.386,0.782
0.388,0.782
0.39,0.782
0.392,0.782
0.394,0.782
0.396,0.782
0.398,0.782
0.4,0.782
0.402,0.782
0.28,0.784
0.282,0.784
0.284,0.784
0.286,0.784
0.288,0.784
0.29,0.784
0.292,0.784
0.294,0.784
0.296,0.784
0.298,0.784
0.3,0.784
0.302,0.784
0.304,0.784
0.306,0.784
0.308,0.784
0.31,0.784
0.312,0.784
0.314,0.784
0.316,0.784
0.318,0.784
0.32,0.784
0.322,0.784
0.324,0.784
0.326,0.784
0.328,0.784
0.33,0.784
0.332,0.784
0.334,0.784
0.336,0.784
0.338,0.784
0.34,0.784
0.342,0.784
0.344,0.784
0.346,0.784
0.348,0.784
0.35,0.784
0.352,0.784
0.354,0.784
0.356,0.784
0.358,0.784
0.36,0.784
0.362,0.784
0.364,0.784
0.366,0.784
0.368,0.784
0.37,0.784
0.372,0.784
0.374,0.784
0.376,0.784
0.378,0.784
0.38,0.784
0.382,0.784
0.384,0.784
0.386,0.784
0.388,0.784
0.39,0.784
0.392,0.784
0.394,0.784
0.396,0.784
0.398,0.784
0.4,0.784
0.402,0.784
0.404,0.784
0.406,0.784
0.408,0.784
0.41,0.784
0.412,0.784
0.278,0.786
0.28,0.786
0.282,0.786
0.284,0.786
0.286,0.786
0.288,0.786
0.29,0.786
0.292,0.786
0.294,0.786
0.296,0.786
0.298,0.786
0.3,0.786
0.302,0.786
0.304,0.786
0.306,0.786
0.308,0.786
0.31,0.786
0.312,0.786
0.314,0.786
0.316,0.786
0.318,0.786
0.32,0.786
0.322,0.786
0.324,0.786
0.326,0.786
0.328,0.786
0.33,0.786
0.332,0.786
0.334,0.786
0.336,0.786
0.338,0.786
0.34,0.786
0.342,0.786
0.344,0.786
0.346,0.786
0.348,0.786
0.35,0.786
0.352,0.786
0.354,0.786
0.356,0.786
0.358,0.786
0.36,0.786
0.362,0.786
0.364,0.786
0.366,0.786
0.368,0.786
0.37,0.786
0.372,0.786
0.374,0.786
0.376,0.786
0.378,0.786
0.38,0.786
0.382,0.786
0.384,0.786
0.386,0.786
0.388,0.786
0.39,0.786
0.392,0.786
0.394,0.786
0.396,0.786
0.398,0.786
0.4,0.786
0.402,0.786
0.404,0.786
0.406,0.786
0.408,0.786
0.41,0.786
0.412,0.786
0.414,0.786
0.278,0.788
0.28,0.788
0.282,0.788
0.284,0.788
0.286,0.788
0.288,0.788
0.29,0.788
0.292,0.788
0.294,0.788
0.296,0.788
0.298,0.788
0.3,0.788
0.302,0.788
0.304,0.788
0.306,0.788
0.308,0.788
0.31,0.788
0.312,0.788
0.314,0.788
0.316,0.788
0.318,0.788
0.32,0.788
0.322,0.788
0.324,0.788
0.326,0.788
0.328,0.788
0.33,0.788
0.332,0.788
0.334,0.788
0.336,0.788
0.338,0.788
0.34,0.788
0.342,0.788
0.344,0.788
0.346,0.788
0.348,0.788
0.35,0.788
0.352,0.788
0.354,0.788
0.356,0.788
0.358,0.788
0.36,0.788
0.362,0.788
0.364,0.788
0.366,0.788
0.368,0.788
0.37,0.788
0.372,0.788
0.374,0.788
0.376,0.788
0.378,0.788
0.38,0.788
0.382,0.788
0.384,0.788
0.386,0.788
0.388,0.788
0.39,0.788
0.392,0.788
0.394,0.788
0.396,0.788
0.398,0.788
0.4,0.788
0.402,0.788
0.404,0.788
0.406,0.788
0.408,0.788
0.41,0.788
0.412,0.788
0.414,0.788
0.416,0.788
0.276,0.79
0.278,0.79
0.28,0.79
0.282,0.79
0.284,0.79
0.286,0.79
0.288,0.79
0.29,0.79
0.292,0.79
0.294,0.79
0.296,0.79
0.298,0.79
0.3,0.79
0.302,0.79
0.304,0.79
0.306,0.79
0.308,0.79
0.31,0.79
0.312,0.79
0.314,0.79
0.316,0.79
0.318,0.79
0.32,0.79
0.322,0.79
0.324,0.79
0.326,0.79
0.328,0.79
0.33,0.79
0.332,0.79
0.334,0.79
0.336,0.79
0.338,0.79
0.34,0.79
0.342,0.79
0.344,0.79
0.346,0.79
0.348,0.79
0.35,0.79
0.352,0.79
0.354,0.79
0.356,0.79
0.358,0.79
0.36,0.79
0.362,0.79
0.364,0.79
0.366,0.79
0.368,0.79
0.37,0.79
0.372,0.79
0.374,0.79
0.376,0.79
0.378,0.79
0.38,0.79
0.382,0.79
0.384,0.79
0.386,0.79
0.388,0.79
0.39,0.79
0.392,0.79
0.394,0.79
0.396,0.79
0.398,0.79
0.4,0.79
0.402,0.79
0.404,0.79
0.406,0.79
0.408,0.79
0.41,0.79
0.412,0.79
0.414,0.79
0.416,0.79
0.418,0.79
0.276,0.792
0.278,0.792
0.28,0.792
0.282,0.792
0.284,0.792
0.286,0.792
0.288,0.792
0.29,0.792
0.292,0.792
0.294,0.792
0.296,0.792
0.298,0.792
0.3,0.792
0.302,0.792
0.304,0.792
0.306,0.792
0.308,0.792
0.31,0.792
0.312,0.792
0.314,0.792
0.316,0.792
0.318,0.792
0.32,0.792
0.322,0.792
0.324,0.792
0.326,0.792
0.328,0.792
0.33,0.792
0.332,0.792
0.334,0.792
0.336,0.792
0.338,0.792
0.34,0.792
0.342,0.792
0.344,0.792
0.346,0.792
0.348,0.792
0.35,0.792
0.352,0.792
0.354,0.792
0.356,0.792
0.358,0.792
0.36,0.792
0.362,0.792
0.364,0.792
0.366,0.792
0.368,0.792
0.37,0.792
0.372,0.792
0.374,0.792
0.376,0.792
0.378,0.792
0.38,0.792
0.382,0.792
0.384,0.792
0.386,0.792
0.388,0.792
0.39,0.792
0.392,0.792
0.394,0.792
0.396,0.792
0.398,0.792
0.4,0.792
0.402,0.792
0.404,0.792
0.406,0.792
0.408,0.792
0.41,0.792
0.412,0.792
0.414,0.792
0.416,0.792
0.418,0.792
0.276,0.794
0.278,0.794
0.28,0.794
0.282,0.794
0.284,0.794
0.286,0.794
0.288,0.794
0.29,0.794
0.292,0.794
0.294,0.794
0.296,0.794
0.298,0.794
0.3,0.794
0.302,0.794
0.304,0.794
0.306,0.794
0.308,0.794
0.31,0.794
0.312,0.794
0.314,0.794
0.316,0.794
0.318,0.794
0.32,0.794
0.322,0.794
0.324,0.794
0.326,0.794
0.328,0.794
0.33,0.794
0.332,0.794
0.334,0.794
0.336,0.794
0.338,0.794
0.34,0.794
0.342,0.794
0.344,0.794
0.346,0.794
0.348,0.794
0.35,0.794
0.352,0.794
0.354,0.794
0.356,0.794
0.358,0.794
0.36,0.794
0.362,0.794
0.364,0.794
0.366,0.794
0.368,0.794
0.37,0.794
0.372,0.794
0.374,0.794
0.376,0.794
0.378,0.794
0.38,0.794
0.382,0.794
0.384,0.794
0.386,0.794
0.388,0.794
0.39,0.794
0.392,0.794
0.394,0.794
0.396,0.794
0.398,0.794
0.4,0.794
0.402,0.794
0.404,0.794
0.406,0.794
0.408,0.794
0.41,0.794
0.412,0.794
0.414,0.794
0.416,0.794
0.418,0.794
0.42,0.794
0.274,0.796
0.276,0.796
0.278,0.796
0.28,0.796
0.282,0.796
0.284,0.796
0.286,0.796
0.288,0.796
0.29,0.796
0.292,0.796
0.294,0.796
0.296,0.796
0.298,0.796
0.3,0.796
0.302,0.796
0.304,0.796
0.306,0.796
0.308,0.796
0.31,0.796
0.312,0.796
0.314,0.796
0.316,0.796
0.318,0.796
0.32,0.796
0.322,0.796
0.324,0.796
0.326,0.796
0.328,0.796
0.33,0.796
0.332,0.796
0.334,0.796
0.336,0.796
0.338,0.796
0.34,0.796
0.342,0.796
0.344,0.796
0.346,0.796
0.348,0.796
0.35,0.796
0.352,0.796
0.354,0.796
0.356,0.796
0.358,0.796
0.36,0.796
0.362,0.796
0.364,0.796
0.366,0.796
0.368,0.796
0.37,0.796
0.372,0.796
0.374,0.796
0.376,0.796
0.378,0.796
0.38,0.796
0.382,0.796
0.384,0.796
0.386,0.796
0.388,0.796
0.39,0.796
0.392,0.796
0.394,0.796
0.396,0.796
0.398,0.796
0.4,0.796
0.402,0.796
0.404,0.796
0.406,0.796
0.408,0.796
0.41,0.796
0.412,0.796
0.414,0.796
0.416,0.796
0.418,0.796
0.42,0.796
0.274,0.798
0.276,0.798
0.278,0.798
0.28,0.798
0.282,0.798
0.284,0.798
0.286,0.798
0.288,0.798
0.29,0.798
0.292,0.798
0.294,0.798
0.296,0.798
0.298,0.798
0.3,0.798
0.302,0.798
0.304,0.798
0.306,0.798
0.308,0.798
0.31,0.798
0.312,0.798
0.314,0.798
0.316,0.798
0.318,0.798
0.32,0.798
0.322,0.798
0.324,0.798
0.326,0.798
0.328,0.798
0.33,0.798
0.332,0.798
0.334,0.798
0.336,0.798
0.338,0.798
0.34,0.798
0.342,0.798
0.344,0.798
0.346,0.798
0.348,0.798
0.35,0.798
0.352,0.798
0.354,0.798
0.356,0.798
0.358,0.798
0.36,0.798
0.362,0.798
0.364,0.798
0.366,0.798
0.368,0.798
0.37,0.798
0.372,0.798
0.374,0.798
0.376,0.798
0.378,0.798
0.38,0.798
0.382,0.798
0.384,0.798
0.386,0.798
0.388,0.798
0.39,0.798
0.392,0.798
0.394,0.798
0.396,0.798
0.398,0.798
0.4,0.798
0.402,0.798
0.404,0.798
0.406,0.798
0.408,0.798
0.41,0.798
0.412,0.798
0.414,0.798
0.416,0.798
0.418,0.798
0.274,0.8
0.276,0.8
0.278,0.8
0.28,0.8
0.282,0.8
0.284,0.8
0.286,0.8
0.288,0.8
0.29,0.8
0.292,0.8
0.294,0.8
0.296,0.8
0.298,0.8
0.3,0.8
0.302,0.8
0.304,0.8
0.306,0.8
0.308,0.8
0.31,0.8
0.312,0.8
0.314,0.8
0.316,0.8
0.318,0.8
0.32,0.8
0.322,0.8
0.324,0.8
0.326,0.8
0.328,0.8
0.33,0.8
0.332,0.8
0.334,0.8
0.336,0.8
0.338,0.8
0.34,0.8
0.342,0.8
0.344,0.8
0.346,0.8
0.348,0.8
0.35,0.8
0.352,0.8
0.354,0.8
0.356,0.8
0.358,0.8
0.36,0.8
0.362,0.8
0.364,0.8
0.366,0.8
0.368,0.8
0.37,0.8
0.372,0.8
0.374,0.8
0.376,0.8
0.378,0.8
0.38,0.8
0.382,0.8
0.384,0.8
0.386,0.8
0.388,0.8
0.39,0.8
0.392,0.8
0.394,0.8
0.396,0.8
0.398,0.8
0.4,0.8
0.402,0.8
0.404,0.8
0.406,0.8
0.408,0.8
0.41,0.8
0.412,0.8
0.414,0.8
0.416,0.8
0.418,0.8
0.274,0.802
0.276,0.802
0.278,0.802
0.28,0.802
0.282,0.802
0.284,0.802
0.286,0.802
0.288,0.802
0.29,0.802
0.292,0.802
0.294,0.802
0.296,0.802
0.298,0.802
0.3,0.802
0.302,0.802
0.304,0.802
0.306,0.802
0.308,0.802
0.31,0.802
0.312,0.802
0.314,0.802
0.316,0.802
0.318,0.802
0.32,0.802
0.322,0.802
0.324,0.802
0.326,0.802
0.328,0.802
0.33,0.802
0.332,0.802
0.334,0.802
0.336,0.802
0.338,0.802
0.34,0.802
0.342,0.802
0.344,0.802
0.35,0.802
0.352,0.802
0.354,0.802
0.356,0.802
0.358,0.802
0.36,0.802
0.362,0.802
0.364,0.802
0.366,0.802
0.368,0.802
0.37,0.802
0.372,0.802
0.374,0.802
0.376,0.802
0.378,0.802
0.38,0.802
0.382,0.802
0.384,0.802
0.386,0.802
0.388,0.802
0.39,0.802
0.392,0.802
0.394,0.802
0.396,0.802
0.398,0.802
0.4,0.802
0.402,0.802
0.404,0.802
0.406,0.802
0.408,0.802
0.41,0.802
0.412,0.802
0.414,0.802
0.416,0.802
0.274,0.804
0.276,0.804
0.278,0.804
0.28,0.804
0.282,0.804
0.284,0.804
0.286,0.804
0.288,0.804
0.29,0.804
0.292,0.804
0.294,0.804
0.296,0.804
0.298,0.804
0.3,0.804
0.302,0.804
0.304,0.804
0.306,0.804
0.308,0.804
0.31,0.804
0.312,0.804
0.314,0.804
0.316,0.804
0.318,0.804
0.32,0.804
0.322,0.804
0.324,0.804
0.326,0.804
0.346,0.804
0.348,0.804
0.35,0.804
0.352,0.804
0.354,0.804
0.356,0.804
0.358,0.804
0.36,0.804
0.362,0.804
0.364,0.804
0.366,0.804
0.368,0.804
0.37,0.804
0.372,0.804
0.374,0.804
0.376,0.804
0.378,0.804
0.38,0.804
0.382,0.804
0.384,0.804
0.386,0.804
0.388,0.804
0.39,0.804
0.392,0.804
0.394,0.804
0.396,0.804
0.398,0.804
0.4,0.804
0.402,0.804
0.404,0.804
0.406,0.804
0.408,0.804
0.41,0.804
0.412,0.804
0.414,0.804
0.274,0.806
0.276,0.806
0.278,0.806
0.28,0.806
0.282,0.806
0.284,0.806
0.286,0.806
0.288,0.806
0.29,0.806
0.292,0.806
0.294,0.806
0.296,0.806
0.298,0.806
0.3,0.806
0.302,0.806
0.344,0.806
0.346,0.806
0.348,0.806
0.35,0.806
0.352,0.806
0.354,0.806
0.356,0.806
0.358,0.806
0.36,0.806
0.362,0.806
0.364,0.806
0.366,0.806
0.368,0.806
0.37,0.806
0.372,0.806
0.374,0.806
0.376,0.806
0.378,0.806
0.38,0.806
0.382,0.806
0.384,0.806
0.386,0.806
0.388,0.806
0.39,0.806
0.392,0.806
0.394,0.806
0.396,0.806
0.398,0.806
0.4,0.806
0.402,0.806
0.404,0.806
0.406,0.806
0.408,0.806
0.41,0.806
0.274,0.808
0.276,0.808
0.278,0.808
0.28,0.808
0.282,0.808
0.284,0.808
0.286,0.808
0.288,0.808
0.29,0.808
0.292,0.808
0.294,0.808
0.296,0.808
0.298,0.808
0.338,0.808
0.34,0.808
0.342,0.808
0.344,0.808
0.346,0.808
0.348,0.808
0.35,0.808
0.352,0.808
0.354,0.808
0.356,0.808
0.358,0.808
0.36,0.808
0.362,0.808
0.364,0.808
0.366,0.808
0.368,0.808
0.37,0.808
0.372,0.808
0.374,0.808
0.376,0.808
0.378,0.808
0.38,0.808
0.382,0.808
0.384,0.808
0.386,0.808
0.388,0.808
0.39,0.808
0.274,0.81
0.276,0.81
0.278,0.81
0.28,0.81
0.282,0.81
0.284,0.81
0.286,0.81
0.288,0.81
0.29,0.81
0.292,0.81
0.294,0.81
0.296,0.81
0.328,0.81
0.33,0.81
0.332,0.81
0.334,0.81
0.336,0.81
0.338,0.81
0.34,0.81
0.342,0.81
0.344,0.81
0.346,0.81
0.348,0.81
0.35,0.81
0.352,0.81
0.354,0.81
0.356,0.81
0.358,0.81
0.36,0.81
0.362,0.81
0.364,0.81
0.366,0.81
0.368,0.81
0.37,0.81
0.372,0.81
0.374,0.81
0.376,0.81
0.378,0.81
0.38,0.81
0.382,0.81
0.384,0.81
0.386,0.81
0.274,0.812
0.276,0.812
0.278,0.812
0.28,0.812
0.282,0.812
0.284,0.812
0.286,0.812
0.288,0.812
0.29,0.812
0.292,0.812
0.322,0.812
0.324,0.812
0.326,0.812
0.328,0.812
0.33,0.812
0.332,0.812
0.334,0.812
0.336,0.812
0.338,0.812
0.34,0.812
0.342,0.812
0.344,0.812
0.346,0.812
0.348,0.812
0.35,0.812
0.352,0.812
0.354,0.812
0.356,0.812
0.358,0.812
0.36,0.812
0.362,0.812
0.364,0.812
0.366,0.812
0.368,0.812
0.37,0.812
0.372,0.812
0.374,0.812
0.376,0.812
0.378,0.812
0.38,0.812
0.382,0.812
0.276,0.814
0.278,0.814
0.28,0.814
0.282,0.814
0.284,0.814
0.286,0.814
0.288,0.814
0.29,0.814
0.318,0.814
0.32,0.814
0.322,0.814
0.324,0.814
0.326,0.814
0.328,0.814
0.33,0.814
0.332,0.814
0.334,0.814
0.336,0.814
0.338,0.814
0.34,0.814
0.342,0.814
0.344,0.814
0.346,0.814
0.348,0.814
0.35,0.814
0.352,0.814
0.354,0.814
0.356,0.814
0.358,0.814
0.36,0.814
0.362,0.814
0.364,0.814
0.366,0.814
0.368,0.814
0.37,0.814
0.372,0.814
0.374,0.814
0.376,0.814
0.378,0.814
0.278,0.816
0.28,0.816
0.282,0.816
0.284,0.816
0.286,0.816
0.288,0.816
0.316,0.816
0.318,0.816
0.32,0.816
0.322,0.816
0.324,0.816
0.326,0.816
0.328,0.816
0.33,0.816
0.332,0.816
0.334,0.816
0.336,0.816
0.338,0.816
0.34,0.816
0.342,0.816
0.344,0.816
0.346,0.816
0.348,0.816
0.35,0.816
0.352,0.816
0.354,0.816
0.356,0.816
0.358,0.816
0.36,0.816
0.362,0.816
0.364,0.816
0.366,0.816
0.368,0.816
0.37,0.816
0.372,0.816
0.374,0.816
0.376,0.816
0.314,0.818
0.316,0.818
0.318,0.818
0.32,0.818
0.322,0.818
0.324,0.818
0.326,0.818
0.328,0.818
0.33,0.818
0.332,0.818
0.334,0.818
0.336,0.818
0.338,0.818
0.34,0.818
0.342,0.818
0.344,0.818
0.346,0.818
0.348,0.818
0.35,0.818
0.352,0.818
0.354,0.818
0.356,0.818
0.358,0.818
0.36,0.818
0.362,0.818
0.364,0.818
0.366,0.818
0.368,0.818
0.37,0.818
0.372,0.818
0.312,0.82
0.314,0.82
0.316,0.82
0.318,0.82
0.32,0.82
0.322,0.82
0.324,0.82
0.326,0.82
0.328,0.82
0.33,0.82
0.332,0.82
0.334,0.82
0.336,0.82
0.338,0.82
0.34,0.82
0.342,0.82
0.344,0.82
0.346,0.82
0.348,0.82
0.35,0.82
0.352,0.82
0.354,0.82
0.356,0.82
0.358,0.82
0.36,0.82
0.362,0.82
0.364,0.82
0.366,0.82
0.368,0.82
0.53,0.82
0.532,0.82
0.534,0.82
0.536,0.82
0.538,0.82
0.54,0.82
0.542,0.82
0.544,0.82
0.546,0.82
0.58,0.82
0.582,0.82
0.584,0.82
0.586,0.82
0.588,0.82
0.59,0.82
0.592,0.82
0.594,0.82
0.596,0.82
0.614,0.82
0.616,0.82
0.618,0.82
0.62,0.82
0.622,0.82
0.624,0.82
0.626,0.82
0.628,0.82
0.63,0.82
0.31,0.822
0.312,0.822
0.314,0.822
0.316,0.822
0.318,0.822
0.32,0.822
0.322,0.822
0.324,0.822
0.326,0.822
0.328,0.822
0.33,0.822
0.332,0.822
0.334,0.822
0.336,0.822
0.338,0.822
0.34,0.822
0.342,0.822
0.344,0.822
0.346,0.822
0.348,0.822
0.35,0.822
0.352,0.822
0.354,0.822
0.356,0.822
0.358,0.822
0.36,0.822
0.45,0.822
0.452,0.822
0.454,0.822
0.456,0.822
0.458,0.822
0.46,0.822
0.462,0.822
0.464,0.822
0.466,0.822
0.496,0.822
0.498,0.822
0.5,0.822
0.502,0.822
0.504,0.822
0.506,0.822
0.508,0.822
0.51,0.822
0.512,0.822
0.514,0.822
0.516,0.822
0.518,0.822
0.52,0.822
0.522,0.822
0.524,0.822
0.526,0.822
0.528,0.822
0.53,0.822
0.532,0.822
0.534,0.822
0.536,0.822
0.538,0.822
0.54,0.822
0.542,0.822
0.544,0.822
0.546,0.822
0.548,0.822
0.55,0.822
0.552,0.822
0.554,0.822
0.556,0.822
0.558,0.822
0.56,0.822
0.562,0.822
0.564,0.822
0.566,0.822
0.568,0.822
0.57,0.822
0.572,0.822
0.574,0.822
0.576,0.822
0.578,0.822
0.58,0.822
0.582,0.822
0.584,0.822
0.586,0.822
0.588,0.822
0.59,0.822
0.592,0.822
0.594,0.822
0.596,0.822
0.598,0.822
0.6,0.822
0.602,0.822
0.604,0.822
0.606,0.822
0.608,0.822
0.61,0.822
0.612,0.822
0.614,0.822
0.616,0.822
0.618,0.822
0.62,0.822
0.622,0.822
0.624,0.822
0.626,0.822
0.628,0.822
0.63,0.822
0.632,0.822
0.634,0.822
0.636,0.822
0.638,0.822
0.64,0.822
0.642,0.822
0.644,0.822
0.646,0.822
0.648,0.822
0.65,0.822
0.652,0.822
0.308,0.824
0.31,0.824
0.312,0.824
0.314,0.824
0.316,0.824
0.318,0.824
0.32,0.824
0.322,0.824
0.324,0.824
0.326,0.824
0.328,0.824
0.33,0.824
0.332,0.824
0.334,0.824
0.336,0.824
0.338,0.824
0.34,0.824
0.342,0.824
0.344,0.824
0.346,0.824
0.348,0.824
0.35,0.824
0.352,0.824
0.354,0.824
0.356,0.824
0.44,0.824
0.442,0.824
0.444,0.824
0.446,0.824
0.448,0.824
0.45,0.824
0.452,0.824
0.454,0.824
0.456,0.824
0.458,0.824
0.46,0.824
0.462,0.824
0.464,0.824
0.466,0.824
0.468,0.824
0.47,0.824
0.472,0.824
0.474,0.824
0.476,0.824
0.478,0.824
0.48,0.824
0.482,0.824
0.484,0.824
0.486,0.824
0.488,0.824
0.49,0.824
0.492,0.824
0.494,0.824
0.496,0.824
0.498,0.824
0.5,0.824
0.502,0.824
0.504,0.824
0.506,0.824
0.508,0.824
0.51,0.824
0.512,0.824
0.514,0.824
0.516,0.824
0.518,0.824
0.52,0.824
0.522,0.824
0.524,0.824
0.526,0.824
0.528,0.824
0.53,0.824
0.532,0.824
0.534,0.824
0.536,0.824
0.538,0.824
0.54,0.824
0.542,0.824
0.544,0.824
0.546,0.824
0.548,0.824
0.55,0.824
0.552,0.824
0.554,0.824
0.556,0.824
0.558,0.824
0.56,0.824
0.562,0.824
0.564,0.824
0.566,0.824
0.568,0.824
0.57,0.824
0.572,0.824
0.574,0.824
0.576,0.824
0.578,0.824
0.58,0.824
0.582,0.824
0.584,0.824
0.586,0.824
0.588,0.824
0.59,0.824
0.592,0.824
0.594,0.824
0.596,0.824
0.598,0.824
0.6,0.824
0.602,0.824
0.604,0.824
0.606,0.824
0.608,0.824
0.61,0.824
0.612,0.824
0.614,0.824
0.616,0.824
0.618,0.824
0.62,0.824
0.622,0.824
0.624,0.824
0.626,0.824
0.628,0.824
0.63,0.824
0.632,0.824
0.634,0.824
0.636,0.824
0.638,0.824
0.64,0.824
0.642,0.824
0.644,0.824
0.646,0.824
0.648,0.824
0.65,0.824
0.652,0.824
0.654,0.824
0.656,0.824
0.658,0.824
0.66,0.824
0.662,0.824
0.664,0.824
0.666,0.824
0.306,0.826
0.308,0.826
0.31,0.826
0.312,0.826
0.314,0.826
0.316,0.826
0.318,0.826
0.32,0.826
0.322,0.826
0.324,0.826
0.326,0.826
0.328,0.826
0.33,0.826
0.332,0.826
0.334,0.826
0.336,0.826
0.338,0.826
0.34,0.826
0.342,0.826
0.344,0.826
0.346,0.826
0.348,0.826
0.35,0.826
0.352,0.826
0.378,0.826
0.38,0.826
0.382,0.826
0.384,0.826
0.386,0.826
0.388,0.826
0.39,0.826
0.392,0.826
0.394,0.826
0.396,0.826
0.42,0.826
0.422,0.826
0.424,0.826
0.426,0.826
0.428,0.826
0.43,0.826
0.432,0.826
0.434,0.826
0.436,0.826
0.438,0.826
0.44,0.826
0.442,0.826
0.444,0.826
0.446,0.826
0.448,0.826
0.45,0.826
0.452,0.826
0.454,0.826
0.456,0.826
0.458,0.826
0.46,0.826
0.462,0.826
0.464,0.826
0.466,0.826
0.468,0.826
0.47,0.826
0.472,0.826
0.474,0.826
0.476,0.826
0.478,0.826
0.48,0.826
0.482,0.826
0.484,0.826
0.486,0.826
0.488,0.826
0.49,0.826
0.492,0.826
0.494,0.826
0.496,0.826
0.498,0.826
0.5,0.826
0.502,0.826
0.504,0.826
0.506,0.826
0.508,0.826
0.51,0.826
0.512,0.826
0.514,0.826
0.516,0.826
0.518,0.826
0.52,0.826
0.522,0.826
0.524,0.826
0.526,0.826
0.528,0.826
0.53,0.826
0.532,0.826
0.534,0.826
0.536,0.826
0.538,0.826
0.54,0.826
0.542,0.826
0.544,0.826
0.546,0.826
0.548,0.826
0.55,0.826
0.552,0.826
0.554,0.826
0.556,0.826
0.558,0.826
0.56,0.826
0.562,0.826
0.564,0.826
0.566,0.826
0.568,0.826
0.57,0.826
0.572,0.826
0.574,0.826
0.576,0.826
0.578,0.826
0.58,0.826
0.582,0.826
0.584,0.826
0.586,0.826
0.588,0.826
0.59,0.826
0.592,0.826
0.594,0.826
0.596,0.826
0.598,0.826
0.6,0.826
0.602,0.826
0.604,0.826
0.606,0.826
0.608,0.826
0.61,0.826
0.612,0.826
0.614,0.826
0.616,0.826
0.618,0.826
0.62,0.826
0.622,0.826
0.624,0.826
0.626,0.826
0.628,0.826
0.63,0.826
0.632,0.826
0.634,0.826
0.636,0.826
0.638,0.826
0.64,0.826
0.642,0.826
0.644,0.826
0.646,0.826
0.648,0.826
0.65,0.826
0.652,0.826
0.654,0.826
0.656,0.826
0.658,0.826
0.66,0.826
0.662,0.826
0.664,0.826
0.666,0.826
0.668,0.826
0.67,0.826
0.304,0.828
0.306,0.828
0.308,0.828
0.31,0.828
0.312,0.828
0.314,0.828
0.316,0.828
0.318,0.828
0.32,0.828
0.322,0.828
0.324,0.828
0.326,0.828
0.328,0.828
0.33,0.828
0.332,0.828
0.334,0.828
0.336,0.828
0.338,0.828
0.34,0.828
0.342,0.828
0.344,0.828
0.346,0.828
0.348,0.828
0.35,0.828
0.372,0.828
0.374,0.828
0.376,0.828
0.378,0.828
0.38,0.828
0.382,0.828
0.384,0.828
0.386,0.828
0.388,0.828
0.39,0.828
0.392,0.828
0.394,0.828
0.396,0.828
0.398,0.828
0.4,0.828
0.402,0.828
0.404,0.828
0.406,0.828
0.408,0.828
0.41,0.828
0.412,0.828
0.414,0.828
0.416,0.828
0.418,0.828
0.42,0.828
0.422,0.828
0.424,0.828
0.426,0.828
0.428,0.828
0.43,0.828
0.432,0.828
0.434,0.828
0.436,0.828
0.438,0.828
0.44,0.828
0.442,0.828
0.444,0.828
0.446,0.828
0.448,0.828
0.45,0.828
0.452,0.828
0.454,0.828
0.456,0.828
0.458,0.828
0.46,0.828
0.462,0.828
0.464,0.828
0.466,0.828
0.468,0.828
0.47,0.828
0.472,0.828
0.474,0.828
0.476,0.828
0.478,0.828
0.48,0.828
0.482,0.828
0.484,0.828
0.486,0.828
0.488,0.828
0.49,0.828
0.492,0.828
0.494,0.828
0.496,0.828
0.498,0.828
0.5,0.828
0.502,0.828
0.504,0.828
0.506,0.828
0.508,0.828
0.51,0.828
0.512,0.828
0.514,0.828
0.516,0.828
0.518,0.828
0.52,0.828
0.522,0.828
0.524,0.828
0.526,0.828
0.528,0.828
0.53,0.828
0.532,0.828
0.534,0.828
0.536,0.828
0.538,0.828
0.54,0.828
0.542,0.828
0.544,0.828
0.546,0.828
0.548,0.828
0.55,0.828
0.552,0.828
0.554,0.828
0.556,0.828
0.558,0.828
0.56,0.828
0.562,0.828
0.564,0.828
0.566,0.828
0.568,0.828
0.57,0.828
0.572,0.828
0.574,0.828
0.576,0.828
0.578,0.828
0.58,0.828
0.582,0.828
0.584,0.828
0.586,0.828
0.588,0.828
0.59,0.828
0.592,0.828
0.594,0.828
0.596,0.828
0.598,0.828
0.6,0.828
0.602,0.828
0.604,0.828
0.606,0.828
0.608,0.828
0.61,0.828
0.612,0.828
0.614,0.828
0.616,0.828
0.618,0.828
0.62,0.828
0.622,0.828
0.624,0.828
0.626,0.828
0.628,0.828
0.63,0.828
0.632,0.828
0.634,0.828
0.636,0.828
0.638,0.828
0.64,0.828
0.642,0.828
0.644,0.828
0.646,0.828
0.648,0.828
0.65,0.828
0.652,0.828
0.654,0.828
0.656,0.828
0.658,0.828
0.66,0.828
0.662,0.828
0.664,0.828
0.666,0.828
0.668,0.828
0.67,0.828
0.672,0.828
0.304,0.83
0.306,0.83
0.308,0.83
0.31,0.83
0.312,0.83
0.314,0.83
0.316,0.83
0.318,0.83
0.32,0.83
0.322,0.83
0.324,0.83
0.326,0.83
0.328,0.83
0.33,0.83
0.332,0.83
0.334,0.83
0.336,0.83
0.338,0.83
0.34,0.83
0.342,0.83
0.348,0.83
0.35,0.83
0.352,0.83
0.354,0.83
0.356,0.83
0.358,0.83
0.366,0.83
0.368,0.83
0.37,0.83
0.372,0.83
0.374,0.83
0.376,0.83
0.378,0.83
0.38,0.83
0.382,0.83
0.384,0.83
0.386,0.83
0.388,0.83
0.39,0.83
0.392,0.83
0.394,0.83
0.396,0.83
0.398,0.83
0.4,0.83
0.402,0.83
0.404,0.83
0.406,0.83
0.408,0.83
0.41,0.83
0.412,0.83
0.414,0.83
0.416,0.83
0.418,0.83
0.42,0.83
0.422,0.83
0.424,0.83
0.426,0.83
0.428,0.83
0.43,0.83
0.432,0.83
0.434,0.83
0.436,0.83
0.438,0.83
0.44,0.83
0.442,0.83
0.444,0.83
0.446,0.83
0.448,0.83
0.45,0.83
0.452,0.83
0.454,0.83
0.456,0.83
0.458,0.83
0.46,0.83
0.462,0.83
0.464,0.83
0.466,0.83
0.468,0.83
0.47,0.83
0.472,0.83
0.474,0.83
0.476,0.83
0.478,0.83
0.48,0.83
0.482,0.83
0.484,0.83
0.486,0.83
0.488,0.83
0.49,0.83
0.492,0.83
0.494,0.83
0.496,0.83
0.498,0.83
0.5,0.83
0.502,0.83
0.504,0.83
0.506,0.83
0.508,0.83
0.51,0.83
0.512,0.83
0.514,0.83
0.516,0.83
0.518,0.83
0.52,0.83
0.522,0.83
0.524,0.83
0.526,0.83
0.528,0.83
0.53,0.83
0.532,0.83
0.534,0.83
0.536,0.83
0.538,0.83
0.54,0.83
0.542,0.83
0.544,0.83
0.546,0.83
0.548,0.83
0.55,0.83
0.552,0.83
0.554,0.83
0.556,0.83
0.558,0.83
0.56,0.83
0.562,0.83
0.564,0.83
0.566,0.83
0.568,0.83
0.57,0.83
0.572,0.83
0.574,0.83
0.576,0.83
0.578,0.83
0.58,0.83
0.582,0.83
0.584,0.83
0.586,0.83
0.588,0.83
0.59,0.83
0.592,0.83
0.594,0.83
0.596,0.83
0.598,0.83
0.6,0.83
0.602,0.83
0.604,0.83
0.606,0.83
0.608,0.83
0.61,0.83
0.612,0.83
0.614,0.83
0.616,0.83
0.618,0.83
0.62,0.83
0.622,0.83
0.624,0.83
0.626,0.83
0.628,0.83
0.63,0.83
0.632,0.83
0.634,0.83
0.636,0.83
0.638,0.83
0.64,0.83
0.642,0.83
0.644,0.83
0.646,0.83
0.648,0.83
0.65,0.83
0.652,0.83
0.654,0.83
0.656,0.83
0.658,0.83
0.66,0.83
0.662,0.83
0.664,0.83
0.666,0.83
0.668,0.83
0.67,0.83
0.672,0.83
0.674,0.83
0.304,0.832
0.306,0.832
0.308,0.832
0.31,0.832
0.312,0.832
0.314,0.832
0.316,0.832
0.318,0.832
0.32,0.832
0.322,0.832
0.324,0.832
0.326,0.832
0.328,0.832
0.33,0.832
0.332,0.832
0.334,0.832
0.336,0.832
0.338,0.832
0.34,0.832
0.342,0.832
0.344,0.832
0.346,0.832
0.348,0.832
0.35,0.832
0.352,0.832
0.354,0.832
0.356,0.832
0.358,0.832
0.36,0.832
0.362,0.832
0.364,0.832
0.366,0.832
0.368,0.832
0.37,0.832
0.372,0.832
0.374,0.832
0.376,0.832
0.378,0.832
0.38,0.832
0.382,0.832
0.384,0.832
0.386,0.832
0.388,0.832
0.39,0.832
0.392,0.832
0.394,0.832
0.396,0.832
0.398,0.832
0.4,0.832
0.402,0.832
0.404,0.832
0.406,0.832
0.408,0.832
0.41,0.832
0.412,0.832
0.414,0.832
0.416,0.832
0.418,0.832
0.42,0.832
0.422,0.832
0.424,0.832
0.426,0.832
0.428,0.832
0.43,0.832
0.432,0.832
0.434,0.832
0.436,0.832
0.438,0.832
0.44,0.832
0.442,0.832
0.444,0.832
0.446,0.832
0.448,0.832
0.45,0.832
0.452,0.832
0.454,0.832
0.456,0.832
0.458,0.832
0.46,0.832
0.462,0.832
0.464,0.832
0.466,0.832
0.468,0.832
0.47,0.832
0.472,0.832
0.474,0.832
0.476,0.832
0.478,0.832
0.48,0.832
0.482,0.832
0.484,0.832
0.486,0.832
0.488,0.832
0.49,0.832
0.492,0.832
0.494,0.832
0.496,0.832
0.498,0.832
0.5,0.832
0.502,0.832
0.504,0.832
0.506,0.832
0.508,0.832
0.51,0.832
0.512,0.832
0.514,0.832
0.516,0.832
0.518,0.832
0.52,0.832
0.522,0.832
0.524,0.832
0.526,0.832
0.528,0.832
0.53,0.832
0.532,0.832
0.534,0.832
0.536,0.832
0.538,0.832
0.54,0.832
0.542,0.832
0.544,0.832
0.546,0.832
0.548,0.832
0.55,0.832
0.552,0.832
0.554,0.832
0.556,0.832
0.558,0.832
0.56,0.832
0.562,0.832
0.564,0.832
0.566,0.832
0.568,0.832
0.57,0.832
0.572,0.832
0.574,0.832
0.576,0.832
0.578,0.832
0.58,0.832
0.582,0.832
0.584,0.832
0.586,0.832
0.588,0.832
0.59,0.832
0.592,0.832
0.594,0.832
0.596,0.832
0.598,0.832
0.6,0.832
0.602,0.832
0.604,0.832
0.606,0.832
0.608,0.832
0.61,0.832
0.612,0.832
0.614,0.832
0.616,0.832
0.618,0.832
0.62,0.832
0.622,0.832
0.624,0.832
0.626,0.832
0.628,0.832
0.63,0.832
0.632,0.832
0.634,0.832
0.636,0.832
0.638,0.832
0.64,0.832
0.642,0.832
0.644,0.832
0.646,0.832
0.648,0.832
0.65,0.832
0.652,0.832
0.654,0.832
0.656,0.832
0.658,0.832
0.66,0.832
0.662,0.832
0.664,0.832
0.666,0.832
0.668,0.832
0.67,0.832
0.672,0.832
0.674,0.832
0.302,0.834
0.304,0.834
0.306,0.834
0.308,0.834
0.31,0.834
0.312,0.834
0.314,0.834
0.316,0.834
0.318,0.834
0.32,0.834
0.322,0.834
0.324,0.834
0.326,0.834
0.328,0.834
0.332,0.834
0.334,0.834
0.336,0.834
0.338,0.834
0.34,0.834
0.342,0.834
0.344,0.834
0.346,0.834
0.348,0.834
0.35,0.834
0.352,0.834
0.354,0.834
0.356,0.834
0.358,0.834
0.36,0.834
0.362,0.834
0.364,0.834
0.366,0.834
0.368,0.834
0.37,0.834
0.372,0.834
0.374,0.834
0.376,0.834
0.378,0.834
0.38,0.834
0.382,0.834
0.384,0.834
0.386,0.834
0.388,0.834
0.39,0.834
0.392,0.834
0.394,0.834
0.396,0.834
0.398,0.834
0.4,0.834
0.402,0.834
0.404,0.834
0.406,0.834
0.408,0.834
0.41,0.834
0.412,0.834
0.414,0.834
0.416,0.834
0.418,0.834
0.42,0.834
0.422,0.834
0.424,0.834
0.426,0.834
0.428,0.834
0.43,0.834
0.432,0.834
0.434,0.834
0.436,0.834
0.438,0.834
0.44,0.834
0.442,0.834
0.444,0.834
0.446,0.834
0.448,0.834
0.45,0.834
0.452,0.834
0.454,0.834
0.456,0.834
0.458,0.834
0.46,0.834
0.462,0.834
0.464,0.834
0.466,0.834
0.468,0.834
0.47,0.834
0.472,0.834
0.474,0.834
0.476,0.834
0.478,0.834
0.48,0.834
0.482,0.834
0.484,0.834
0.486,0.834
0.488,0.834
0.49,0.834
0.492,0.834
0.494,0.834
0.496,0.834
0.498,0.834
0.5,0.834
0.502,0.834
0.504,0.834
0.506,0.834
0.508,0.834
0.51,0.834
0.512,0.834
0.514,0.834
0.516,0.834
0.518,0.834
0.52,0.834
0.522,0.834
0.524,0.834
0.526,0.834
0.528,0.834
0.53,0.834
0.532,0.834
0.534,0.834
0.536,0.834
0.538,0.834
0.54,0.834
0.542,0.834
0.544,0.834
0.546,0.834
0.548,0.834
0.55,0.834
0.552,0.834
0.554,0.834
0.556,0.834
0.558,0.834
0.56,0.834
0.562,0.834
0.564,0.834
0.566,0.834
0.568,0.834
0.57,0.834
0.572,0.834
0.574,0.834
0.576,0.834
0.578,0.834
0.58,0.834
0.582,0.834
0.584,0.834
0.586,0.834
0.588,0.834
0.59,0.834
0.592,0.834
0.594,0.834
0.596,0.834
0.598,0.834
0.6,0.834
0.602,0.834
0.604,0.834
0.606,0.834
0.608,0.834
0.61,0.834
0.612,0.834
0.614,0.834
0.616,0.834
0.618,0.834
0.62,0.834
0.622,0.834
0.624,0.834
0.626,0.834
0.628,0.834
0.63,0.834
0.632,0.834
0.634,0.834
0.636,0.834
0.638,0.834
0.64,0.834
0.642,0.834
0.644,0.834
0.646,0.834
0.648,0.834
0.65,0.834
0.652,0.834
0.654,0.834
0.656,0.834
0.658,0.834
0.66,0.834
0.662,0.834
0.664,0.834
0.666,0.834
0.668,0.834
0.67,0.834
0.672,0.834
0.674,0.834
0.302,0.836
0.304,0.836
0.306,0.836
0.308,0.836
0.31,0.836
0.312,0.836
0.314,0.836
0.316,0.836
0.318,0.836
0.32,0.836
0.322,0.836
0.324,0.836
0.326,0.836
0.328,0.836
0.33,0.836
0.332,0.836
0.334,0.836
0.336,0.836
0.338,0.836
0.34,0.836
0.342,0.836
0.344,0.836
0.346,0.836
0.348,0.836
0.35,0.836
0.352,0.836
0.354,0.836
0.356,0.836
0.358,0.836
0.36,0.836
0.362,0.836
0.364,0.836
0.366,0.836
0.368,0.836
0.37,0.836
0.372,0.836
0.374,0.836
0.376,0.836
0.378,0.836
0.38,0.836
0.382,0.836
0.384,0.836
0.386,0.836
0.388,0.836
0.39,0.836
0.392,0.836
0.394,0.836
0.396,0.836
0.398,0.836
0.4,0.836
0.402,0.836
0.404,0.836
0.406,0.836
0.408,0.836
0.41,0.836
0.412,0.836
0.414,0.836
0.416,0.836
0.418,0.836
0.42,0.836
0.422,0.836
0.424,0.836
0.426,0.836
0.428,0.836
0.43,0.836
0.432,0.836
0.434,0.836
0.436,0.836
0.438,0.836
0.44,0.836
0.442,0.836
0.444,0.836
0.446,0.836
0.448,0.836
0.45,0.836
0.452,0.836
0.454,0.836
0.456,0.836
0.458,0.836
0.46,0.836
0.462,0.836
0.464,0.836
0.466,0.836
0.468,0.836
0.47,0.836
0.472,0.836
0.474,0.836
0.476,0.836
0.478,0.836
0.48,0.836
0.482,0.836
0.484,0.836
0.486,0.836
0.488,0.836
0.49,0.836
0.492,0.836
0.494,0.836
0.496,0.836
0.498,0.836
0.5,0.836
0.502,0.836
0.504,0.836
0.506,0.836
0.508,0.836
0.51,0.836
0.512,0.836
0.514,0.836
0.516,0.836
0.518,0.836
0.52,0.836
0.522,0.836
0.524,0.836
0.526,0.836
0.528,0.836
0.53,0.836
0.532,0.836
0.534,0.836
0.536,0.836
0.538,0.836
0.54,0.836
0.542,0.836
0.544,0.836
0.546,0.836
0.548,0.836
0.55,0.836
0.552,0.836
0.554,0.836
0.556,0.836
0.558,0.836
0.56,0.836
0.562,0.836
0.564,0.836
0.566,0.836
0.568,0.836
0.57,0.836
0.572,0.836
0.574,0.836
0.576,0.836
0.578,0.836
0.58,0.836
0.582,0.836
0.584,0.836
0.586,0.836
0.588,0.836
0.59,0.836
0.592,0.836
0.594,0.836
0.596,0.836
0.598,0.836
0.6,0.836
0.602,0.836
0.604,0.836
0.606,0.836
0.608,0.836
0.61,0.836
0.612,0.836
0.614,0.836
0.616,0.836
0.618,0.836
0.62,0.836
0.622,0.836
0.624,0.836
0.626,0.836
0.628,0.836
0.63,0.836
0.632,0.836
0.634,0.836
0.636,0.836
0.638,0.836
0.64,0.836
0.642,0.836
0.644,0.836
0.646,0.836
0.648,0.836
0.65,0.836
0.652,0.836
0.654,0.836
0.656,0.836
0.658,0.836
0.66,0.836
0.662,0.836
0.664,0.836
0.666,0.836
0.668,0.836
0.67,0.836
0.672,0.836
0.674,0.836
0.3,0.838
0.302,0.838
0.304,0.838
0.306,0.838
0.308,0.838
0.31,0.838
0.312,0.838
0.314,0.838
0.316,0.838
0.318,0.838
0.32,0.838
0.322,0.838
0.324,0.838
0.326,0.838
0.328,0.838
0.33,0.838
0.332,0.838
0.334,0.838
0.336,0.838
0.338,0.838
0.34,0.838
0.342,0.838
0.344,0.838
0.346,0.838
0.348,0.838
0.35,0.838
0.352,0.838
0.354,0.838
0.356,0.838
0.358,0.838
0.36,0.838
0.362,0.838
0.364,0.838
0.366,0.838
0.368,0.838
0.37,0.838
0.372,0.838
0.374,0.838
0.376,0.838
0.378,0.838
0.38,0.838
0.382,0.838
0.384,0.838
0.386,0.838
0.388,0.838
0.39,0.838
0.392,0.838
0.394,0.838
0.396,0.838
0.398,0.838
0.4,0.838
0.402,0.838
0.404,0.838
0.406,0.838
0.408,0.838
0.41,0.838
0.412,0.838
0.414,0.838
0.416,0.838
0.418,0.838
0.42,0.838
0.422,0.838
0.424,0.838
0.426,0.838
0.428,0.838
0.43,0.838
0.432,0.838
0.434,0.838
0.436,0.838
0.438,0.838
0.44,0.838
0.442,0.838
0.444,0.838
0.446,0.838
0.448,0.838
0.45,0.838
0.452,0.838
0.454,0.838
0.456,0.838
0.458,0.838
0.46,0.838
0.462,0.838
0.464,0.838
0.466,0.838
0.468,0.838
0.47,0.838
0.472,0.838
0.474,0.838
0.476,0.838
0.478,0.838
0.48,0.838
0.482,0.838
0.484,0.838
0.486,0.838
0.488,0.838
0.49,0.838
0.492,0.838
0.494,0.838
0.496,0.838
0.498,0.838
0.5,0.838
0.502,0.838
0.504,0.838
0.506,0.838
0.508,0.838
0.51,0.838
0.512,0.838
0.514,0.838
0.516,0.838
0.518,0.838
0.52,0.838
0.522,0.838
0.524,0.838
0.526,0.838
0.528,0.838
0.53,0.838
0.532,0.838
0.534,0.838
0.536,0.838
0.538,0.838
0.54,0.838
0.542,0.838
0.544,0.838
0.546,0.838
0.548,0.838
0.55,0.838
0.552,0.838
0.554,0.838
0.556,0.838
0.558,0.838
0.56,0.838
0.562,0.838
0.564,0.838
0.566,0.838
0.568,0.838
0.57,0.838
0.572,0.838
0.574,0.838
0.576,0.838
0.578,0.838
0.58,0.838
0.582,0.838
0.584,0.838
0.586,0.838
0.588,0.838
0.59,0.838
0.592,0.838
0.594,0.838
0.596,0.838
0.598,0.838
0.6,0.838
0.602,0.838
0.604,0.838
0.606,0.838
0.608,0.838
0.61,0.838
0.612,0.838
0.614,0.838
0.616,0.838
0.618,0.838
0.62,0.838
0.622,0.838
0.624,0.838
0.626,0.838
0.628,0.838
0.63,0.838
0.632,0.838
0.634,0.838
0.636,0.838
0.638,0.838
0.64,0.838
0.642,0.838
0.644,0.838
0.646,0.838
0.648,0.838
0.65,0.838
0.652,0.838
0.654,0.838
0.656,0.838
0.658,0.838
0.66,0.838
0.662,0.838
0.664,0.838
0.666,0.838
0.668,0.838
0.67,0.838
0.672,0.838
0.674,0.838
0.298,0.84
0.3,0.84
0.302,0.84
0.304,0.84
0.306,0.84
0.308,0.84
0.31,0.84
0.312,0.84
0.314,0.84
0.316,0.84
0.318,0.84
0.32,0.84
0.322,0.84
0.324,0.84
0.326,0.84
0.328,0.84
0.33,0.84
0.332,0.84
0.334,0.84
0.336,0.84
0.338,0.84
0.34,0.84
0.342,0.84
0.344,0.84
0.346,0.84
0.348,0.84
0.35,0.84
0.352,0.84
0.354,0.84
0.356,0.84
0.358,0.84
0.36,0.84
0.362,0.84
0.364,0.84
0.366,0.84
0.368,0.84
0.37,0.84
0.372,0.84
0.374,0.84
0.376,0.84
0.378,0.84
0.38,0.84
0.382,0.84
0.384,0.84
0.386,0.84
0.388,0.84
0.39,0.84
0.392,0.84
0.394,0.84
0.396,0.84
0.398,0.84
0.4,0.84
0.402,0.84
0.404,0.84
0.406,0.84
0.408,0.84
0.41,0.84
0.412,0.84
0.414,0.84
0.416,0.84
0.418,0.84
0.42,0.84
0.422,0.84
0.424,0.84
0.426,0.84
0.428,0.84
0.43,0.84
0.432,0.84
0.434,0.84
0.436,0.84
0.438,0.84
0.44,0.84
0.442,0.84
0.444,0.84
0.446,0.84
0.448,0.84
0.45,0.84
0.452,0.84
0.454,0.84
0.456,0.84
0.458,0.84
0.46,0.84
0.462,0.84
0.464,0.84
0.466,0.84
0.468,0.84
0.47,0.84
0.472,0.84
0.474,0.84
0.476,0.84
0.478,0.84
0.48,0.84
0.482,0.84
0.484,0.84
0.486,0.84
0.488,0.84
0.49,0.84
0.492,0.84
0.494,0.84
0.496,0.84
0.498,0.84
0.5,0.84
0.502,0.84
0.504,0.84
0.506,0.84
0.508,0.84
0.51,0.84
0.512,0.84
0.514,0.84
0.516,0.84
0.518,0.84
0.52,0.84
0.522,0.84
0.524,0.84
0.526,0.84
0.528,0.84
0.53,0.84
0.532,0.84
0.534,0.84
0.536,0.84
0.538,0.84
0.54,0.84
0.542,0.84
0.544,0.84
0.546,0.84
0.548,0.84
0.55,0.84
0.552,0.84
0.554,0.84
0.556,0.84
0.558,0.84
0.56,0.84
0.562,0.84
0.564,0.84
0.566,0.84
0.568,0.84
0.57,0.84
0.572,0.84
0.574,0.84
0.576,0.84
0.578,0.84
0.58,0.84
0.582,0.84
0.584,0.84
0.586,0.84
0.588,0.84
0.59,0.84
0.592,0.84
0.594,0.84
0.596,0.84
0.598,0.84
0.6,0.84
0.602,0.84
0.604,0.84
0.606,0.84
0.608,0.84
0.61,0.84
0.612,0.84
0.614,0.84
0.616,0.84
0.618,0.84
0.62,0.84
0.622,0.84
0.624,0.84
0.626,0.84
0.628,0.84
0.63,0.84
0.632,0.84
0.634,0.84
0.636,0.84
0.638,0.84
0.64,0.84
0.642,0.84
0.644,0.84
0.646,0.84
0.648,0.84
0.65,0.84
0.652,0.84
0.654,0.84
0.656,0.84
0.658,0.84
0.66,0.84
0.662,0.84
0.664,0.84
0.666,0.84
0.668,0.84
0.67,0.84
0.672,0.84
0.674,0.84
0.296,0.842
0.298,0.842
0.3,0.842
0.302,0.842
0.304,0.842
0.306,0.842
0.308,0.842
0.31,0.842
0.312,0.842
0.314,0.842
0.316,0.842
0.318,0.842
0.32,0.842
0.322,0.842
0.324,0.842
0.326,0.842
0.328,0.842
0.33,0.842
0.332,0.842
0.334,0.842
0.336,0.842
0.338,0.842
0.34,0.842
0.342,0.842
0.344,0.842
0.346,0.842
0.348,0.842
0.35,0.842
0.352,0.842
0.354,0.842
0.356,0.842
0.358,0.842
0.36,0.842
0.362,0.842
0.364,0.842
0.366,0.842
0.368,0.842
0.37,0.842
0.372,0.842
0.374,0.842
0.376,0.842
0.378,0.842
0.38,0.842
0.382,0.842
0.384,0.842
0.386,0.842
0.388,0.842
0.39,0.842
0.392,0.842
0.394,0.842
0.396,0.842
0.398,0.842
0.4,0.842
0.402,0.842
0.404,0.842
0.406,0.842
0.408,0.842
0.41,0.842
0.412,0.842
0.414,0.842
0.416,0.842
0.418,0.842
0.42,0.842
0.422,0.842
0.424,0.842
0.426,0.842
0.428,0.842
0.43,0.842
0.432,0.842
0.434,0.842
0.436,0.842
0.438,0.842
0.44,0.842
0.442,0.842
0.444,0.842
0.446,0.842
0.448,0.842
0.45,0.842
0.452,0.842
0.454,0.842
0.456,0.842
0.458,0.842
0.46,0.842
0.462,0.842
0.464,0.842
0.466,0.842
0.468,0.842
0.47,0.842
0.472,0.842
0.474,0.842
0.476,0.842
0.478,0.842
0.48,0.842
0.482,0.842
0.484,0.842
0.486,0.842
0.488,0.842
0.49,0.842
0.492,0.842
0.494,0.842
0.496,0.842
0.498,0.842
0.5,0.842
0.502,0.842
0.504,0.842
0.506,0.842
0.508,0.842
0.51,0.842
0.512,0.842
0.514,0.842
0.516,0.842
0.518,0.842
0.52,0.842
0.522,0.842
0.524,0.842
0.526,0.842
0.528,0.842
0.53,0.842
0.532,0.842
0.534,0.842
0.536,0.842
0.538,0.842
0.54,0.842
0.542,0.842
0.544,0.842
0.546,0.842
0.548,0.842
0.55,0.842
0.552,0.842
0.554,0.842
0.556,0.842
0.558,0.842
0.642,0.842
0.644,0.842
0.646,0.842
0.648,0.842
0.65,0.842
0.652,0.842
0.654,0.842
0.656,0.842
0.658,0.842
0.66,0.842
0.662,0.842
0.664,0.842
0.666,0.842
0.668,0.842
0.67,0.842
0.672,0.842
0.294,0.844
0.296,0.844
0.298,0.844
0.3,0.844
0.302,0.844
0.304,0.844
0.306,0.844
0.308,0.844
0.31,0.844
0.312,0.844
0.314,0.844
0.316,0.844
0.318,0.844
0.32,0.844
0.322,0.844
0.324,0.844
0.326,0.844
0.328,0.844
0.33,0.844
0.332,0.844
0.334,0.844
0.336,0.844
0.338,0.844
0.34,0.844
0.342,0.844
0.344,0.844
0.346,0.844
0.348,0.844
0.35,0.844
0.352,0.844
0.354,0.844
0.356,0.844
0.358,0.844
0.36,0.844
0.362,0.844
0.364,0.844
0.366,0.844
0.368,0.844
0.37,0.844
0.372,0.844
0.374,0.844
0.376,0.844
0.378,0.844
0.38,0.844
0.382,0.844
0.384,0.844
0.386,0.844
0.388,0.844
0.39,0.844
0.392,0.844
0.394,0.844
0.396,0.844
0.398,0.844
0.4,0.844
0.402,0.844
0.404,0.844
0.406,0.844
0.408,0.844
0.41,0.844
0.412,0.844
0.414,0.844
0.416,0.844
0.418,0.844
0.42,0.844
0.422,0.844
0.424,0.844
0.426,0.844
0.428,0.844
0.43,0.844
0.432,0.844
0.434,0.844
0.436,0.844
0.438,0.844
0.44,0.844
0.442,0.844
0.444,0.844
0.446,0.844
0.448,0.844
0.526,0.844
0.528,0.844
0.53,0.844
0.532,0.844
0.534,0.844
0.536,0.844
0.538,0.844
0.54,0.844
0.542,0.844
0.544,0.844
0.546,0.844
0.548,0.844
0.55,0.844
0.648,0.844
0.65,0.844
0.652,0.844
0.654,0.844
0.656,0.844
0.658,0.844
0.66,0.844
0.662,0.844
0.664,0.844
0.666,0.844
0.668,0.844
0.67,0.844
0.292,0.846
0.294,0.846
0.296,0.846
0.298,0.846
0.3,0.846
0.302,0.846
0.304,0.846
0.306,0.846
0.308,0.846
0.31,0.846
0.312,0.846
0.314,0.846
0.316,0.846
0.318,0.846
0.32,0.846
0.322,0.846
0.324,0.846
0.326,0.846
0.328,0.846
0.33,0.846
0.332,0.846
0.334,0.846
0.336,0.846
0.338,0.846
0.34,0.846
0.342,0.846
0.344,0.846
0.346,0.846
0.348,0.846
0.35,0.846
0.352,0.846
0.354,0.846
0.356,0.846
0.358,0.846
0.36,0.846
0.362,0.846
0.364,0.846
0.366,0.846
0.368,0.846
0.37,0.846
0.372,0.846
0.374,0.846
0.376,0.846
0.378,0.846
0.38,0.846
0.382,0.846
0.384,0.846
0.386,0.846
0.388,0.846
0.39,0.846
0.392,0.846
0.394,0.846
0.396,0.846
0.398,0.846
0.4,0.846
0.402,0.846
0.404,0.846
0.406,0.846
0.408,0.846
0.41,0.846
0.412,0.846
0.414,0.846
0.416,0.846
0.418,0.846
0.42,0.846
0.422,0.846
0.424,0.846
0.426,0.846
0.428,0.846
0.43,0.846
0.432,0.846
0.434,0.846
0.436,0.846
0.438,0.846
0.44,0.846
0.442,0.846
0.444,0.846
0.526,0.846
0.528,0.846
0.53,0.846
0.532,0.846
0.534,0.846
0.536,0.846
0.538,0.846
0.54,0.846
0.542,0.846
0.544,0.846
0.546,0.846
0.548,0.846
0.55,0.846
0.29,0.848
0.292,0.848
0.294,0.848
0.296,0.848
0.298,0.848
0.3,0.848
0.302,0.848
0.304,0.848
0.306,0.848
0.308,0.848
0.31,0.848
0.312,0.848
0.314,0.848
0.316,0.848
0.318,0.848
0.32,0.848
0.322,0.848
0.324,0.848
0.326,0.848
0.328,0.848
0.33,0.848
0.332,0.848
0.334,0.848
0.336,0.848
0.338,0.848
0.34,0.848
0.342,0.848
0.344,0.848
0.346,0.848
0.348,0.848
0.35,0.848
0.352,0.848
0.354,0.848
0.356,0.848
0.358,0.848
0.36,0.848
0.362,0.848
0.364,0.848
0.366,0.848
0.368,0.848
0.37,0.848
0.372,0.848
0.374,0.848
0.376,0.848
0.378,0.848
0.38,0.848
0.528,0.848
0.53,0.848
0.532,0.848
0.534,0.848
0.536,0.848
0.538,0.848
0.54,0.848
0.542,0.848
0.544,0.848
0.546,0.848
0.548,0.848
0.55,0.848
0.552,0.848
0.288,0.85
0.29,0.85
0.292,0.85
0.294,0.85
0.296,0.85
0.298,0.85
0.3,0.85
0.302,0.85
0.304,0.85
0.306,0.85
0.308,0.85
0.31,0.85
0.312,0.85
0.314,0.85
0.316,0.85
0.318,0.85
0.32,0.85
0.322,0.85
0.324,0.85
0.326,0.85
0.328,0.85
0.33,0.85
0.332,0.85
0.334,0.85
0.336,0.85
0.338,0.85
0.34,0.85
0.342,0.85
0.344,0.85
0.346,0.85
0.348,0.85
0.35,0.85
0.352,0.85
0.354,0.85
0.356,0.85
0.358,0.85
0.36,0.85
0.362,0.85
0.364,0.85
0.366,0.85
0.368,0.85
0.37,0.85
0.372,0.85
0.374,0.85
0.528,0.85
0.53,0.85
0.532,0.85
0.534,0.85
0.536,0.85
0.538,0.85
0.54,0.85
0.542,0.85
0.544,0.85
0.546,0.85
0.548,0.85
0.55,0.85
0.552,0.85
0.288,0.852
0.29,0.852
0.292,0.852
0.294,0.852
0.296,0.852
0.298,0.852
0.3,0.852
0.302,0.852
0.304,0.852
0.306,0.852
0.308,0.852
0.31,0.852
0.312,0.852
0.314,0.852
0.316,0.852
0.318,0.852
0.32,0.852
0.322,0.852
0.324,0.852
0.326,0.852
0.328,0.852
0.33,0.852
0.332,0.852
0.334,0.852
0.336,0.852
0.338,0.852
0.34,0.852
0.342,0.852
0.344,0.852
0.346,0.852
0.348,0.852
0.35,0.852
0.352,0.852
0.53,0.852
0.532,0.852
0.534,0.852
0.536,0.852
0.538,0.852
0.54,0.852
0.542,0.852
0.544,0.852
0.546,0.852
0.548,0.852
0.55,0.852
0.552,0.852
0.554,0.852
0.286,0.854
0.288,0.854
0.29,0.854
0.292,0.854
0.294,0.854
0.296,0.854
0.298,0.854
0.3,0.854
0.302,0.854
0.304,0.854
0.306,0.854
0.308,0.854
0.31,0.854
0.312,0.854
0.314,0.854
0.316,0.854
0.318,0.854
0.32,0.854
0.322,0.854
0.324,0.854
0.326,0.854
0.328,0.854
0.33,0.854
0.332,0.854
0.334,0.854
0.336,0.854
0.338,0.854
0.34,0.854
0.53,0.854
0.532,0.854
0.534,0.854
0.536,0.854
0.538,0.854
0.54,0.854
0.542,0.854
0.544,0.854
0.546,0.854
0.548,0.854
0.55,0.854
0.552,0.854
0.554,0.854
0.556,0.854
0.286,0.856
0.288,0.856
0.29,0.856
0.292,0.856
0.294,0.856
0.296,0.856
0.298,0.856
0.3,0.856
0.302,0.856
0.304,0.856
0.306,0.856
0.308,0.856
0.31,0.856
0.312,0.856
0.314,0.856
0.316,0.856
0.318,0.856
0.32,0.856
0.322,0.856
0.324,0.856
0.326,0.856
0.328,0.856
0.33,0.856
0.332,0.856
0.334,0.856
0.532,0.856
0.534,0.856
0.536,0.856
0.538,0.856
0.54,0.856
0.542,0.856
0.544,0.856
0.546,0.856
0.548,0.856
0.55,0.856
0.552,0.856
0.554,0.856
0.556,0.856
0.284,0.858
0.286,0.858
0.288,0.858
0.29,0.858
0.292,0.858
0.294,0.858
0.296,0.858
0.298,0.858
0.3,0.858
0.302,0.858
0.304,0.858
0.306,0.858
0.308,0.858
0.31,0.858
0.312,0.858
0.314,0.858
0.316,0.858
0.318,0.858
0.32,0.858
0.322,0.858
0.324,0.858
0.534,0.858
0.536,0.858
0.538,0.858
0.54,0.858
0.542,0.858
0.544,0.858
0.546,0.858
0.548,0.858
0.55,0.858
0.552,0.858
0.554,0.858
0.556,0.858
0.284,0.86
0.286,0.86
0.288,0.86
0.29,0.86
0.292,0.86
0.294,0.86
0.296,0.86
0.298,0.86
0.3,0.86
0.302,0.86
0.304,0.86
0.306,0.86
0.308,0.86
0.31,0.86
0.312,0.86
0.314,0.86
0.316,0.86
0.318,0.86
0.32,0.86
0.322,0.86
0.534,0.86
0.536,0.86
0.538,0.86
0.54,0.86
0.542,0.86
0.544,0.86
0.546,0.86
0.548,0.86
0.55,0.86
0.552,0.86
0.554,0.86
0.556,0.86
0.558,0.86
0.284,0.862
0.286,0.862
0.288,0.862
0.29,0.862
0.292,0.862
0.294,0.862
0.296,0.862
0.298,0.862
0.3,0.862
0.302,0.862
0.304,0.862
0.306,0.862
0.308,0.862
0.31,0.862
0.312,0.862
0.314,0.862
0.316,0.862
0.318,0.862
0.536,0.862
0.538,0.862
0.54,0.862
0.542,0.862
0.544,0.862
0.546,0.862
0.548,0.862
0.55,0.862
0.552,0.862
0.554,0.862
0.556,0.862
0.558,0.862
0.282,0.864
0.284,0.864
0.286,0.864
0.288,0.864
0.29,0.864
0.292,0.864
0.294,0.864
0.296,0.864
0.298,0.864
0.3,0.864
0.302,0.864
0.304,0.864
0.306,0.864
0.308,0.864
0.31,0.864
0.312,0.864
0.314,0.864
0.316,0.864
0.538,0.864
0.54,0.864
0.542,0.864
0.544,0.864
0.546,0.864
0.548,0.864
0.55,0.864
0.552,0.864
0.554,0.864
0.556,0.864
0.558,0.864
0.56,0.864
0.282,0.866
0.284,0.866
0.286,0.866
0.288,0.866
0.29,0.866
0.292,0.866
0.294,0.866
0.296,0.866
0.298,0.866
0.3,0.866
0.302,0.866
0.304,0.866
0.306,0.866
0.308,0.866
0.31,0.866
0.312,0.866
0.314,0.866
0.538,0.866
0.54,0.866
0.542,0.866
0.544,0.866
0.546,0.866
0.548,0.866
0.55,0.866
0.552,0.866
0.554,0.866
0.556,0.866
0.558,0.866
0.56,0.866
0.282,0.868
0.284,0.868
0.286,0.868
0.288,0.868
0.29,0.868
0.292,0.868
0.294,0.868
0.296,0.868
0.298,0.868
0.3,0.868
0.302,0.868
0.304,0.868
0.306,0.868
0.308,0.868
0.31,0.868
0.312,0.868
0.538,0.868
0.54,0.868
0.542,0.868
0.544,0.868
0.546,0.868
0.548,0.868
0.55,0.868
0.552,0.868
0.554,0.868
0.556,0.868
0.558,0.868
0.56,0.868
0.282,0.87
0.284,0.87
0.286,0.87
0.288,0.87
0.29,0.87
0.292,0.87
0.294,0.87
0.296,0.87
0.298,0.87
0.3,0.87
0.302,0.87
0.304,0.87
0.306,0.87
0.308,0.87
0.31,0.87
0.54,0.87
0.542,0.87
0.544,0.87
0.546,0.87
0.548,0.87
0.55,0.87
0.552,0.87
0.554,0.87
0.556,0.87
0.558,0.87
0.56,0.87
0.562,0.87
0.282,0.872
0.284,0.872
0.286,0.872
0.288,0.872
0.29,0.872
0.292,0.872
0.294,0.872
0.296,0.872
0.298,0.872
0.3,0.872
0.302,0.872
0.304,0.872
0.306,0.872
0.308,0.872
0.54,0.872
0.542,0.872
0.544,0.872
0.546,0.872
0.548,0.872
0.55,0.872
0.552,0.872
0.554,0.872
0.556,0.872
0.558,0.872
0.56,0.872
0.562,0.872
0.282,0.874
0.284,0.874
0.286,0.874
0.288,0.874
0.29,0.874
0.292,0.874
0.294,0.874
0.296,0.874
0.298,0.874
0.3,0.874
0.302,0.874
0.304,0.874
0.306,0.874
0.54,0.874
0.542,0.874
0.544,0.874
0.546,0.874
0.548,0.874
0.55,0.874
0.552,0.874
0.554,0.874
0.556,0.874
0.558,0.874
0.56,0.874
0.282,0.876
0.284,0.876
0.286,0.876
0.288,0.876
0.29,0.876
0.292,0.876
0.294,0.876
0.296,0.876
0.298,0.876
0.3,0.876
0.302,0.876
0.304,0.876
0.54,0.876
0.542,0.876
0.544,0.876
0.546,0.876
0.548,0.876
0.55,0.876
0.552,0.876
0.554,0.876
0.556,0.876
0.558,0.876
0.56,0.876
0.284,0.878
0.286,0.878
0.288,0.878
0.29,0.878
0.292,0.878
0.294,0.878
0.296,0.878
0.298,0.878
0.3,0.878
0.54,0.878
0.542,0.878
0.544,0.878
0.546,0.878
0.548,0.878
0.55,0.878
0.552,0.878
0.554,0.878
0.556,0.878
0.558,0.878
0.56,0.878
0.286,0.88
0.288,0.88
0.29,0.88
0.292,0.88
0.294,0.88
0.296,0.88
0.54,0.88
0.542,0.88
0.544,0.88
0.546,0.88
0.548,0.88
0.55,0.88
0.552,0.88
0.554,0.88
0.556,0.88
0.558,0.88
0.56,0.88
0.54,0.882
0.542,0.882
0.544,0.882
0.546,0.882
0.548,0.882
0.55,0.882
0.552,0.882
0.554,0.882
0.556,0.882
0.558,0.882
0.56,0.882
0.54,0.884
0.542,0.884
0.544,0.884
0.546,0.884
0.548,0.884
0.55,0.884
0.552,0.884
0.554,0.884
0.556,0.884
0.558,0.884
0.56,0.884
0.54,0.886
0.542,0.886
0.544,0.886
0.546,0.886
0.548,0.886
0.55,0.886
0.552,0.886
0.554,0.886
0.556,0.886
0.558,0.886
0.56,0.886
0.54,0.888
0.542,0.888
0.544,0.888
0.546,0.888
0.548,0.888
0.55,0.888
0.552,0.888
0.554,0.888
0.556,0.888
0.558,0.888
0.56,0.888
0.538,0.89
0.54,0.89
0.542,0.89
0.544,0.89
0.546,0.89
0.548,0.89
0.55,0.89
0.552,0.89
0.554,0.89
0.556,0.89
0.558,0.89
0.56,0.89
0.538,0.892
0.54,0.892
0.542,0.892
0.544,0.892
0.546,0.892
0.548,0.892
0.55,0.892
0.552,0.892
0.554,0.892
0.556,0.892
0.558,0.892
0.56,0.892
0.538,0.894
0.54,0.894
0.542,0.894
0.544,0.894
0.546,0.894
0.548,0.894
0.55,0.894
0.552,0.894
0.554,0.894
0.556,0.894
0.558,0.894
0.56,0.894
0.536,0.896
0.538,0.896
0.54,0.896
0.542,0.896
0.544,0.896
0.546,0.896
0.548,0.896
0.55,0.896
0.552,0.896
0.554,0.896
0.556,0.896
0.558,0.896
0.534,0.898
0.536,0.898
0.538,0.898
0.54,0.898
0.542,0.898
0.544,0.898
0.546,0.898
0.548,0.898
0.55,0.898
0.552,0.898
0.554,0.898
0.556,0.898
0.558,0.898
0.534,0.9
0.536,0.9
0.538,0.9
0.54,0.9
0.542,0.9
0.544,0.9
0.546,0.9
0.548,0.9
0.55,0.9
0.552,0.9
0.554,0.9
0.556,0.9
0.534,0.902
0.536,0.902
0.538,0.902
0.54,0.902
0.542,0.902
0.544,0.902
0.546,0.902
0.548,0.902
0.55,0.902
0.552,0.902
0.554,0.902
0.556,0.902
0.534,0.904
0.536,0.904
0.538,0.904
0.54,0.904
0.542,0.904
0.544,0.904
0.546,0.904
0.548,0.904
0.55,0.904
0.552,0.904
0.554,0.904
0.556,0.904
0.534,0.906
0.536,0.906
0.538,0.906
0.54,0.906
0.542,0.906
0.544,0.906
0.546,0.906
0.548,0.906
0.55,0.906
0.552,0.906
0.554,0.906
0.534,0.908
0.536,0.908
0.538,0.908
0.54,0.908
0.542,0.908
0.544,0.908
0.546,0.908
0.548,0.908
0.55,0.908
0.552,0.908
0.536,0.91
0.538,0.91
0.54,0.91
0.542,0.91
0.544,0.91
0.546,0.91
0.548,0.91
0.55,0.91
0.538,0.912
0.54,0.912
0.542,0.912
0.544,0.912
0.546,0.912
0.548,0.912
